2025-12-01 18:49:45,647 [main] INFO  marytts.main Mary starting up...
2025-12-01 18:49:45,647 [main] INFO  marytts.main Specification version 5.2
2025-12-01 18:49:45,647 [main] INFO  marytts.main Implementation version unknown
2025-12-01 18:49:45,647 [main] INFO  marytts.main Running on a Java 21.0.2 implementation by Eclipse Adoptium, on a Windows 11 platform (amd64, 10.0)
2025-12-01 18:49:45,754 [main] INFO  marytts.ModuleRegistry Now initiating mary module 'marytts.language.de.JTokeniser'
2025-12-01 18:49:45,762 [main] INFO  marytts.ModuleRegistry Now initiating mary module 'marytts.language.de.Preprocess'
2025-12-01 18:49:45,763 [main] INFO  marytts.ModuleRegistry Now initiating mary module 'marytts.modules.OpenNLPPosTagger(de,de.pos)'
2025-12-01 18:49:45,767 [main] INFO  marytts.ModuleRegistry Now initiating mary module 'marytts.language.de.JPhonemiser'
2025-12-01 18:49:45,787 [main] INFO  marytts.ModuleRegistry Now initiating mary module 'marytts.language.de.Prosody'
2025-12-01 18:49:45,789 [main] INFO  marytts.ModuleRegistry Now initiating mary module 'marytts.language.de.Postlex'
2025-12-01 18:49:45,790 [main] INFO  marytts.ModuleRegistry Now initiating mary module 'marytts.modules.SimplePhoneme2AP(de)'
2025-12-01 18:49:45,790 [main] INFO  marytts.ModuleRegistry Now initiating mary module 'marytts.language.en.JTokeniser'
2025-12-01 18:49:45,790 [main] INFO  marytts.ModuleRegistry Now initiating mary module 'marytts.language.en.Preprocess'
2025-12-01 18:49:45,891 [main] INFO  marytts.ModuleRegistry Now initiating mary module 'marytts.modules.JPhonemiser(en_US.)'
2025-12-01 18:49:45,908 [main] INFO  marytts.ModuleRegistry Now initiating mary module 'marytts.modules.JPhonemiser(en_GB.)'
2025-12-01 18:49:45,924 [main] INFO  marytts.ModuleRegistry Now initiating mary module 'marytts.language.en.Prosody'
2025-12-01 18:49:45,925 [main] INFO  marytts.ModuleRegistry Now initiating mary module 'marytts.modules.SimplePhoneme2AP(en_US)'
2025-12-01 18:49:45,925 [main] INFO  marytts.ModuleRegistry Now initiating mary module 'marytts.language.en.PronunciationModel'
2025-12-01 18:49:45,925 [main] INFO  marytts.ModuleRegistry Now initiating mary module 'marytts.modules.OpenNLPPosTagger(en,en.pos)'
2025-12-01 18:49:45,925 [main] INFO  marytts.ModuleRegistry Now initiating mary module 'marytts.language.fr.Phonemiser'
2025-12-01 18:49:45,932 [main] INFO  marytts.ModuleRegistry Now initiating mary module 'marytts.language.fr.Preprocess'
2025-12-01 18:49:45,936 [main] INFO  marytts.ModuleRegistry Now initiating mary module 'marytts.modules.MinimalisticPosTagger(fr,fr.)'
2025-12-01 18:49:45,937 [main] INFO  marytts.ModuleRegistry Now initiating mary module 'marytts.language.it.JTokeniser'
2025-12-01 18:49:45,938 [main] INFO  marytts.ModuleRegistry Now initiating mary module 'marytts.language.it.Preprocess'
2025-12-01 18:49:45,939 [main] INFO  marytts.ModuleRegistry Now initiating mary module 'marytts.modules.JPhonemiser(it.)'
2025-12-01 18:49:45,946 [main] INFO  marytts.ModuleRegistry Now initiating mary module 'marytts.modules.OpenNLPPosTagger(it,it.pos)'
2025-12-01 18:49:45,946 [main] INFO  marytts.ModuleRegistry Now initiating mary module 'marytts.language.it.Prosody'
2025-12-01 18:49:45,946 [main] INFO  marytts.ModuleRegistry Now initiating mary module 'marytts.language.it.Postlex'
2025-12-01 18:49:45,947 [main] INFO  marytts.ModuleRegistry Now initiating mary module 'marytts.language.lb.LuxembourgishPreprocess'
2025-12-01 18:52:54,238 [main] INFO  marytts.main Mary starting up...
2025-12-01 18:52:54,238 [main] INFO  marytts.main Specification version 5.2
2025-12-01 18:52:54,238 [main] INFO  marytts.main Implementation version unknown
2025-12-01 18:52:54,238 [main] INFO  marytts.main Running on a Java 21.0.2 implementation by Eclipse Adoptium, on a Windows 11 platform (amd64, 10.0)
2025-12-01 18:52:54,342 [main] INFO  marytts.ModuleRegistry Now initiating mary module 'marytts.language.de.JTokeniser'
2025-12-01 18:52:54,352 [main] INFO  marytts.ModuleRegistry Now initiating mary module 'marytts.language.de.Preprocess'
2025-12-01 18:52:54,353 [main] INFO  marytts.ModuleRegistry Now initiating mary module 'marytts.modules.OpenNLPPosTagger(de,de.pos)'
2025-12-01 18:52:54,355 [main] INFO  marytts.ModuleRegistry Now initiating mary module 'marytts.language.de.JPhonemiser'
2025-12-01 18:52:54,374 [main] INFO  marytts.ModuleRegistry Now initiating mary module 'marytts.language.de.Prosody'
2025-12-01 18:52:54,375 [main] INFO  marytts.ModuleRegistry Now initiating mary module 'marytts.language.de.Postlex'
2025-12-01 18:52:54,376 [main] INFO  marytts.ModuleRegistry Now initiating mary module 'marytts.modules.SimplePhoneme2AP(de)'
2025-12-01 18:52:54,377 [main] INFO  marytts.ModuleRegistry Now initiating mary module 'marytts.language.en.JTokeniser'
2025-12-01 18:52:54,377 [main] INFO  marytts.ModuleRegistry Now initiating mary module 'marytts.language.en.Preprocess'
2025-12-01 18:52:54,474 [main] INFO  marytts.ModuleRegistry Now initiating mary module 'marytts.modules.JPhonemiser(en_US.)'
2025-12-01 18:52:54,492 [main] INFO  marytts.ModuleRegistry Now initiating mary module 'marytts.modules.JPhonemiser(en_GB.)'
2025-12-01 18:52:54,508 [main] INFO  marytts.ModuleRegistry Now initiating mary module 'marytts.language.en.Prosody'
2025-12-01 18:52:54,508 [main] INFO  marytts.ModuleRegistry Now initiating mary module 'marytts.modules.SimplePhoneme2AP(en_US)'
2025-12-01 18:52:54,508 [main] INFO  marytts.ModuleRegistry Now initiating mary module 'marytts.language.en.PronunciationModel'
2025-12-01 18:52:54,510 [main] INFO  marytts.ModuleRegistry Now initiating mary module 'marytts.modules.OpenNLPPosTagger(en,en.pos)'
2025-12-01 18:52:54,510 [main] INFO  marytts.ModuleRegistry Now initiating mary module 'marytts.language.fr.Phonemiser'
2025-12-01 18:52:54,517 [main] INFO  marytts.ModuleRegistry Now initiating mary module 'marytts.language.fr.Preprocess'
2025-12-01 18:52:54,520 [main] INFO  marytts.ModuleRegistry Now initiating mary module 'marytts.modules.MinimalisticPosTagger(fr,fr.)'
2025-12-01 18:52:54,521 [main] INFO  marytts.ModuleRegistry Now initiating mary module 'marytts.language.it.JTokeniser'
2025-12-01 18:52:54,522 [main] INFO  marytts.ModuleRegistry Now initiating mary module 'marytts.language.it.Preprocess'
2025-12-01 18:52:54,522 [main] INFO  marytts.ModuleRegistry Now initiating mary module 'marytts.modules.JPhonemiser(it.)'
2025-12-01 18:52:54,530 [main] INFO  marytts.ModuleRegistry Now initiating mary module 'marytts.modules.OpenNLPPosTagger(it,it.pos)'
2025-12-01 18:52:54,530 [main] INFO  marytts.ModuleRegistry Now initiating mary module 'marytts.language.it.Prosody'
2025-12-01 18:52:54,530 [main] INFO  marytts.ModuleRegistry Now initiating mary module 'marytts.language.it.Postlex'
2025-12-01 18:52:54,530 [main] INFO  marytts.ModuleRegistry Now initiating mary module 'marytts.language.ru.Tokenizer'
2025-12-01 18:52:54,531 [main] INFO  marytts.ModuleRegistry Now initiating mary module 'marytts.modules.DummyTokens2Words'
2025-12-01 18:52:54,531 [main] INFO  marytts.ModuleRegistry Now initiating mary module 'marytts.modules.JPhonemiser(ru.)'
2025-12-01 18:52:54,579 [main] INFO  marytts.ModuleRegistry Now initiating mary module 'marytts.modules.ProsodyGeneric'
2025-12-01 18:52:54,580 [main] INFO  marytts.ModuleRegistry Now initiating mary module 'marytts.modules.MinimalisticPosTagger(ru,ru)'
2025-12-01 18:52:54,580 [main] INFO  marytts.ModuleRegistry Now initiating mary module 'marytts.modules.JPhonemiser(sv.)'
2025-12-01 18:52:54,584 [main] INFO  marytts.ModuleRegistry Now initiating mary module 'marytts.modules.MinimalisticPosTagger(sv,sv.)'
2025-12-01 18:52:54,584 [main] INFO  marytts.ModuleRegistry Now initiating mary module 'marytts.language.te.JTokeniser'
2025-12-01 18:52:54,585 [main] INFO  marytts.ModuleRegistry Now initiating mary module 'marytts.modules.DummyTokens2Words'
2025-12-01 18:52:54,585 [main] INFO  marytts.ModuleRegistry Now initiating mary module 'marytts.language.te.JPhonemiser(te.)'
2025-12-01 18:52:54,591 [main] INFO  marytts.ModuleRegistry Now initiating mary module 'marytts.modules.ProsodyGeneric'
2025-12-01 18:52:54,591 [main] INFO  marytts.ModuleRegistry Now initiating mary module 'marytts.modules.MinimalisticPosTagger(te,te)'
2025-12-01 18:52:54,591 [main] INFO  marytts.ModuleRegistry Now initiating mary module 'marytts.modules.JPhonemiser(tr.)'
2025-12-01 18:52:54,594 [main] INFO  marytts.ModuleRegistry Now initiating mary module 'marytts.modules.MinimalisticPosTagger(tr,tr.)'
2025-12-01 18:52:54,595 [main] INFO  marytts.ModuleRegistry Now initiating mary module 'marytts.modules.Synthesis'
2025-12-01 18:52:54,597 [main] INFO  marytts.ModuleRegistry Now initiating mary module 'marytts.modules.TextToMaryXML'
2025-12-01 18:52:54,598 [main] INFO  marytts.ModuleRegistry Now initiating mary module 'marytts.modules.SableParser'
2025-12-01 18:52:54,600 [main] INFO  marytts.ModuleRegistry Now initiating mary module 'marytts.modules.SSMLParser'
2025-12-01 18:52:54,601 [main] INFO  marytts.ModuleRegistry Now initiating mary module 'marytts.modules.APMLParser'
2025-12-01 18:52:54,603 [main] INFO  marytts.ModuleRegistry Now initiating mary module 'marytts.modules.EmotionmlParser'
2025-12-01 18:52:54,604 [main] INFO  marytts.ModuleRegistry Now initiating mary module 'marytts.modules.JTokeniser'
2025-12-01 18:52:54,604 [main] INFO  marytts.ModuleRegistry Now initiating mary module 'marytts.modules.DummyTokens2Words'
2025-12-01 18:52:54,604 [main] INFO  marytts.ModuleRegistry Now initiating mary module 'marytts.modules.ProsodyGeneric'
2025-12-01 18:52:54,604 [main] INFO  marytts.ModuleRegistry Now initiating mary module 'marytts.modules.PronunciationModel'
2025-12-01 18:52:54,604 [main] INFO  marytts.ModuleRegistry Now initiating mary module 'marytts.modules.TargetFeatureLister'
2025-12-01 18:52:54,606 [main] INFO  marytts.ModuleRegistry Now initiating mary module 'marytts.modules.HalfPhoneTargetFeatureLister'
2025-12-01 18:52:54,607 [main] INFO  marytts.ModuleRegistry Now initiating mary module 'marytts.modules.AcousticModeller'
2025-12-01 18:52:54,608 [main] INFO  marytts.ModuleRegistry Now initiating mary module 'marytts.modules.RealisedAcoustparamsExtractor'
2025-12-01 18:52:54,609 [main] INFO  marytts.ModuleRegistry Now initiating mary module 'marytts.modules.RealisedDurationsExtractor'
2025-12-01 18:52:54,610 [main] INFO  marytts.ModuleRegistry Now initiating mary module 'marytts.modules.HTSEngine'
2025-12-01 18:52:54,612 [main] INFO  marytts.ModuleRegistry Now initiating mary module 'marytts.modules.PraatTextGridGenerator'
2025-12-01 18:52:54,615 [main] INFO  marytts.JTokeniser Module started (RAWMARYXML->TOKENS, locale de).
2025-12-01 18:52:54,647 [main] INFO  marytts.JTokeniser Starting power-on self test.
2025-12-01 18:52:54,662 [main] INFO  marytts.JTokeniser Power-on self test complete.
2025-12-01 18:52:54,663 [main] INFO  marytts.Preprocess Module started (TOKENS->WORDS, locale de).
2025-12-01 18:52:54,663 [main] INFO  marytts.Preprocess Starting power-on self test.
2025-12-01 18:52:54,663 [main] INFO  marytts.Preprocess Expanding say-as elements...
2025-12-01 18:52:54,664 [main] INFO  marytts.Preprocess Matching and expanding patterns...
2025-12-01 18:52:54,696 [main] INFO  marytts.Preprocess Done.
2025-12-01 18:52:54,696 [main] INFO  marytts.Preprocess Power-on self test complete.
2025-12-01 18:52:54,696 [main] INFO  marytts.OpenNLPPosTagger Module started (WORDS->PARTSOFSPEECH, locale de).
2025-12-01 18:52:54,926 [main] INFO  marytts.OpenNLPPosTagger Starting power-on self test.
2025-12-01 18:52:54,926 [main] INFO  marytts.OpenNLPPosTagger Power-on self test complete.
2025-12-01 18:52:54,926 [main] INFO  marytts.JPhonemiser_de Module started (PARTSOFSPEECH->PHONEMES, locale de).
2025-12-01 18:52:54,937 [main] INFO  marytts.JPhonemiser_de Starting power-on self test.
2025-12-01 18:52:54,937 [main] INFO  marytts.JPhonemiser_de Power-on self test complete.
2025-12-01 18:52:54,942 [main] INFO  marytts.Prosody Module started (PHONEMES->INTONATION, locale de).
2025-12-01 18:52:54,942 [main] INFO  marytts.Prosody Starting power-on self test.
2025-12-01 18:52:54,942 [main] INFO  marytts.Prosody Power-on self test complete.
2025-12-01 18:52:54,942 [main] INFO  marytts.PronunciationModel Module started (INTONATION->ALLOPHONES, locale de).
2025-12-01 18:52:54,943 [main] INFO  marytts.PronunciationModel Starting power-on self test.
2025-12-01 18:52:54,943 [main] INFO  marytts.PronunciationModel Power-on self test complete.
2025-12-01 18:52:54,943 [main] INFO  marytts.SimplePhoneme2AP Module started (SIMPLEPHONEMES->ACOUSTPARAMS, locale de).
2025-12-01 18:52:54,943 [main] INFO  marytts.SimplePhoneme2AP Starting power-on self test.
2025-12-01 18:52:54,944 [main] INFO  marytts.SimplePhoneme2AP Power-on self test complete.
2025-12-01 18:52:54,944 [main] INFO  marytts.JTokeniser Module started (RAWMARYXML->TOKENS, locale en).
2025-12-01 18:52:54,951 [main] INFO  marytts.JTokeniser Starting power-on self test.
2025-12-01 18:52:54,951 [main] INFO  marytts.JTokeniser Power-on self test complete.
2025-12-01 18:52:54,951 [main] INFO  marytts.Preprocess Module started (TOKENS->WORDS, locale en).
2025-12-01 18:52:54,951 [main] INFO  marytts.Preprocess Starting power-on self test.
2025-12-01 18:52:54,951 [main] INFO  marytts.Preprocess Power-on self test complete.
2025-12-01 18:52:54,951 [main] INFO  marytts.JPhonemiser Module started (PARTSOFSPEECH->PHONEMES, locale en_US).
2025-12-01 18:52:54,951 [main] INFO  marytts.JPhonemiser Starting power-on self test.
2025-12-01 18:52:54,951 [main] INFO  marytts.JPhonemiser Power-on self test complete.
2025-12-01 18:52:54,951 [main] INFO  marytts.JPhonemiser Module started (PARTSOFSPEECH->PHONEMES, locale en_GB).
2025-12-01 18:52:54,952 [main] INFO  marytts.JPhonemiser Starting power-on self test.
2025-12-01 18:52:54,952 [main] INFO  marytts.JPhonemiser Power-on self test complete.
2025-12-01 18:52:54,954 [main] INFO  marytts.Prosody Module started (PHONEMES->INTONATION, locale en).
2025-12-01 18:52:54,954 [main] INFO  marytts.Prosody Starting power-on self test.
2025-12-01 18:52:54,954 [main] INFO  marytts.Prosody Power-on self test complete.
2025-12-01 18:52:54,954 [main] INFO  marytts.SimplePhoneme2AP Module started (SIMPLEPHONEMES->ACOUSTPARAMS, locale en_US).
2025-12-01 18:52:54,954 [main] INFO  marytts.SimplePhoneme2AP Starting power-on self test.
2025-12-01 18:52:54,955 [main] INFO  marytts.SimplePhoneme2AP Power-on self test complete.
2025-12-01 18:52:54,955 [main] INFO  marytts.PronunciationModel Module started (INTONATION->ALLOPHONES, locale en).
2025-12-01 18:52:54,955 [main] INFO  marytts.PronunciationModel Starting power-on self test.
2025-12-01 18:52:54,955 [main] INFO  marytts.PronunciationModel Power-on self test complete.
2025-12-01 18:52:54,955 [main] INFO  marytts.OpenNLPPosTagger Module started (WORDS->PARTSOFSPEECH, locale en).
2025-12-01 18:52:55,257 [main] INFO  marytts.OpenNLPPosTagger Starting power-on self test.
2025-12-01 18:52:55,257 [main] INFO  marytts.OpenNLPPosTagger Power-on self test complete.
2025-12-01 18:52:55,257 [main] INFO  marytts.JPhonemiser Module started (PARTSOFSPEECH->PHONEMES, locale fr).
2025-12-01 18:52:55,257 [main] INFO  marytts.JPhonemiser Starting power-on self test.
2025-12-01 18:52:55,257 [main] INFO  marytts.JPhonemiser Power-on self test complete.
2025-12-01 18:52:55,257 [main] INFO  marytts.Preprocess Module started (TOKENS->WORDS, locale fr).
2025-12-01 18:52:55,257 [main] INFO  marytts.Preprocess Starting power-on self test.
2025-12-01 18:52:55,259 [main] INFO  marytts.Preprocess Power-on self test complete.
2025-12-01 18:52:55,259 [main] INFO  marytts.OpenNLPPosTagger Module started (WORDS->PARTSOFSPEECH, locale fr).
2025-12-01 18:52:55,259 [main] INFO  marytts.OpenNLPPosTagger Starting power-on self test.
2025-12-01 18:52:55,259 [main] INFO  marytts.OpenNLPPosTagger Power-on self test complete.
2025-12-01 18:52:55,259 [main] INFO  marytts.JTokeniser Module started (RAWMARYXML->TOKENS, locale it).
2025-12-01 18:52:55,264 [main] INFO  marytts.JTokeniser Starting power-on self test.
2025-12-01 18:52:55,265 [main] INFO  marytts.JTokeniser Power-on self test complete.
2025-12-01 18:52:55,265 [main] INFO  marytts.Preprocess Module started (TOKENS->WORDS, locale it).
2025-12-01 18:52:55,265 [main] INFO  marytts.Preprocess Starting power-on self test.
2025-12-01 18:52:55,265 [main] INFO  marytts.Preprocess Expanding say-as elements...
2025-12-01 18:52:55,265 [main] INFO  marytts.Preprocess Matching and expanding patterns...
2025-12-01 18:52:55,276 [main] INFO  marytts.Preprocess Done.
2025-12-01 18:52:55,276 [main] INFO  marytts.Preprocess Power-on self test complete.
2025-12-01 18:52:55,276 [main] INFO  marytts.JPhonemiser Module started (PARTSOFSPEECH->PHONEMES, locale it).
2025-12-01 18:52:55,276 [main] INFO  marytts.JPhonemiser Starting power-on self test.
2025-12-01 18:52:55,276 [main] INFO  marytts.JPhonemiser Power-on self test complete.
2025-12-01 18:52:55,276 [main] INFO  marytts.OpenNLPPosTagger Module started (WORDS->PARTSOFSPEECH, locale it).
2025-12-01 18:52:55,315 [main] INFO  marytts.OpenNLPPosTagger Starting power-on self test.
2025-12-01 18:52:55,315 [main] INFO  marytts.OpenNLPPosTagger Power-on self test complete.
2025-12-01 18:52:55,317 [main] INFO  marytts.Prosody Module started (PHONEMES->INTONATION, locale it).
2025-12-01 18:52:55,317 [main] INFO  marytts.Prosody Starting power-on self test.
2025-12-01 18:52:55,317 [main] INFO  marytts.Prosody Power-on self test complete.
2025-12-01 18:52:55,317 [main] INFO  marytts.PronunciationModel Module started (INTONATION->ALLOPHONES, locale it).
2025-12-01 18:52:55,317 [main] INFO  marytts.PronunciationModel Starting power-on self test.
2025-12-01 18:52:55,317 [main] INFO  marytts.PronunciationModel Power-on self test complete.
2025-12-01 18:52:55,317 [main] INFO  marytts.JTokeniser Module started (RAWMARYXML->TOKENS, locale ru).
2025-12-01 18:52:55,322 [main] INFO  marytts.JTokeniser Starting power-on self test.
2025-12-01 18:52:55,323 [main] INFO  marytts.JTokeniser Power-on self test complete.
2025-12-01 18:52:55,324 [main] INFO  marytts.DummyTokens2Words Module started (TOKENS->WORDS, locale null).
2025-12-01 18:52:55,324 [main] INFO  marytts.DummyTokens2Words Starting power-on self test.
2025-12-01 18:52:55,324 [main] INFO  marytts.DummyTokens2Words Power-on self test complete.
2025-12-01 18:52:55,324 [main] INFO  marytts.JPhonemiser Module started (PARTSOFSPEECH->PHONEMES, locale ru).
2025-12-01 18:52:55,324 [main] INFO  marytts.JPhonemiser Starting power-on self test.
2025-12-01 18:52:55,324 [main] INFO  marytts.JPhonemiser Power-on self test complete.
2025-12-01 18:52:55,325 [main] INFO  marytts.Prosody Module started (PHONEMES->INTONATION, locale null).
2025-12-01 18:52:55,325 [main] INFO  marytts.Prosody Starting power-on self test.
2025-12-01 18:52:55,325 [main] INFO  marytts.Prosody Power-on self test complete.
2025-12-01 18:52:55,325 [main] INFO  marytts.OpenNLPPosTagger Module started (WORDS->PARTSOFSPEECH, locale ru).
2025-12-01 18:52:55,326 [main] INFO  marytts.OpenNLPPosTagger Starting power-on self test.
2025-12-01 18:52:55,326 [main] INFO  marytts.OpenNLPPosTagger Power-on self test complete.
2025-12-01 18:52:55,326 [main] INFO  marytts.JPhonemiser Module started (PARTSOFSPEECH->PHONEMES, locale sv).
2025-12-01 18:52:55,326 [main] INFO  marytts.JPhonemiser Starting power-on self test.
2025-12-01 18:52:55,326 [main] INFO  marytts.JPhonemiser Power-on self test complete.
2025-12-01 18:52:55,326 [main] INFO  marytts.OpenNLPPosTagger Module started (WORDS->PARTSOFSPEECH, locale sv).
2025-12-01 18:52:55,326 [main] INFO  marytts.OpenNLPPosTagger Starting power-on self test.
2025-12-01 18:52:55,326 [main] INFO  marytts.OpenNLPPosTagger Power-on self test complete.
2025-12-01 18:52:55,326 [main] INFO  marytts.JTokeniser Module started (RAWMARYXML->TOKENS, locale te).
2025-12-01 18:52:55,331 [main] INFO  marytts.JTokeniser Starting power-on self test.
2025-12-01 18:52:55,332 [main] INFO  marytts.JTokeniser Power-on self test complete.
2025-12-01 18:52:55,332 [main] INFO  marytts.DummyTokens2Words Module started (TOKENS->WORDS, locale null).
2025-12-01 18:52:55,332 [main] INFO  marytts.DummyTokens2Words Starting power-on self test.
2025-12-01 18:52:55,332 [main] INFO  marytts.DummyTokens2Words Power-on self test complete.
2025-12-01 18:52:55,332 [main] INFO  marytts.JPhonemiser Module started (PARTSOFSPEECH->PHONEMES, locale te).
2025-12-01 18:52:55,332 [main] INFO  marytts.JPhonemiser Starting power-on self test.
2025-12-01 18:52:55,333 [main] INFO  marytts.JPhonemiser Power-on self test complete.
2025-12-01 18:52:55,334 [main] INFO  marytts.Prosody Module started (PHONEMES->INTONATION, locale null).
2025-12-01 18:52:55,334 [main] INFO  marytts.Prosody Starting power-on self test.
2025-12-01 18:52:55,334 [main] INFO  marytts.Prosody Power-on self test complete.
2025-12-01 18:52:55,334 [main] INFO  marytts.OpenNLPPosTagger Module started (WORDS->PARTSOFSPEECH, locale te).
2025-12-01 18:52:55,334 [main] INFO  marytts.OpenNLPPosTagger Starting power-on self test.
2025-12-01 18:52:55,334 [main] INFO  marytts.OpenNLPPosTagger Power-on self test complete.
2025-12-01 18:52:55,334 [main] INFO  marytts.JPhonemiser Module started (PARTSOFSPEECH->PHONEMES, locale tr).
2025-12-01 18:52:55,334 [main] INFO  marytts.JPhonemiser Starting power-on self test.
2025-12-01 18:52:55,334 [main] INFO  marytts.JPhonemiser Power-on self test complete.
2025-12-01 18:52:55,334 [main] INFO  marytts.OpenNLPPosTagger Module started (WORDS->PARTSOFSPEECH, locale tr).
2025-12-01 18:52:55,335 [main] INFO  marytts.OpenNLPPosTagger Starting power-on self test.
2025-12-01 18:52:55,335 [main] INFO  marytts.OpenNLPPosTagger Power-on self test complete.
2025-12-01 18:52:55,336 [main] INFO  marytts.UnitSelectionSynthesizer started.
2025-12-01 18:52:55,337 [main] INFO  marytts.TargetFeatureLister Module started (ACOUSTPARAMS->TARGETFEATURES, locale null).
2025-12-01 18:52:55,338 [main] INFO  marytts.HTSEngine Module started (TARGETFEATURES->AUDIO, locale null).
2025-12-01 18:52:55,351 [main] INFO  marytts.HMMData Loading Tree Set in CARTs:
2025-12-01 18:52:55,379 [main] INFO  marytts.HMMData Loading GV Model Set:
2025-12-01 18:52:55,458 [main] INFO  marytts.Voice Registering voice `cmu-slt-hsmm': female, locale en_US
2025-12-01 18:52:55,459 [main] INFO  marytts.Voice New default voice for locale en_US: cmu-slt-hsmm (desire 0)
2025-12-01 18:52:55,459 [main] INFO  marytts.HMMSynthesizer started.
2025-12-01 18:52:55,459 [main] INFO  marytts.Synthesis Module started (ACOUSTPARAMS->AUDIO, locale null).
2025-12-01 18:52:55,459 [main] INFO  marytts.HMMSynthesizer Starting power-on self test.
2025-12-01 18:52:55,471 [main] INFO  marytts.HTSEngine Using prosody from acoustparams.
2025-12-01 18:52:55,477 [main] INFO  marytts.HTSEngine Number of models in sentence numModel=7  Total number of states numState=35
2025-12-01 18:52:55,477 [main] INFO  marytts.HTSEngine Total number of frames=147  Number of voiced frames=89
2025-12-01 18:52:55,483 [main] INFO  marytts.ParameterGeneration Parameter generation for MGC: 
2025-12-01 18:52:55,483 [main] INFO  marytts.PStream Context-dependent global variance optimization: gvLength = 107
2025-12-01 18:52:55,485 [main] INFO  marytts.PStream Gradient GV optimization for feature: (0)  number of iterations=23
2025-12-01 18:52:55,487 [main] INFO  marytts.PStream Gradient GV optimization for feature: (1)  number of iterations=54
2025-12-01 18:52:55,489 [main] INFO  marytts.PStream Gradient GV optimization for feature: (2)  number of iterations=38
2025-12-01 18:52:55,490 [main] INFO  marytts.PStream Gradient GV optimization for feature: (3)  number of iterations=20
2025-12-01 18:52:55,490 [main] INFO  marytts.PStream Gradient GV optimization for feature: (4)  number of iterations=13
2025-12-01 18:52:55,491 [main] INFO  marytts.PStream Gradient GV optimization for feature: (5)  number of iterations=21
2025-12-01 18:52:55,491 [main] INFO  marytts.PStream Gradient GV optimization for feature: (6)  number of iterations=7
2025-12-01 18:52:55,491 [main] INFO  marytts.PStream Gradient GV optimization for feature: (7)  number of iterations=4
2025-12-01 18:52:55,492 [main] INFO  marytts.PStream Gradient GV optimization for feature: (8)  number of iterations=11
2025-12-01 18:52:55,492 [main] INFO  marytts.PStream Gradient GV optimization for feature: (9)  number of iterations=19
2025-12-01 18:52:55,493 [main] INFO  marytts.PStream Gradient GV optimization for feature: (10)  number of iterations=16
2025-12-01 18:52:55,493 [main] INFO  marytts.PStream Gradient GV optimization for feature: (11)  number of iterations=9
2025-12-01 18:52:55,493 [main] INFO  marytts.PStream Gradient GV optimization for feature: (12)  number of iterations=2
2025-12-01 18:52:55,494 [main] INFO  marytts.PStream Gradient GV optimization for feature: (13)  number of iterations=13
2025-12-01 18:52:55,494 [main] INFO  marytts.PStream Gradient GV optimization for feature: (14)  number of iterations=12
2025-12-01 18:52:55,494 [main] INFO  marytts.PStream Gradient GV optimization for feature: (15)  number of iterations=14
2025-12-01 18:52:55,495 [main] INFO  marytts.PStream Gradient GV optimization for feature: (16)  number of iterations=15
2025-12-01 18:52:55,495 [main] INFO  marytts.PStream Gradient GV optimization for feature: (17)  number of iterations=14
2025-12-01 18:52:55,495 [main] INFO  marytts.PStream Gradient GV optimization for feature: (18)  number of iterations=19
2025-12-01 18:52:55,495 [main] INFO  marytts.PStream Gradient GV optimization for feature: (19)  number of iterations=12
2025-12-01 18:52:55,496 [main] INFO  marytts.PStream Gradient GV optimization for feature: (20)  number of iterations=17
2025-12-01 18:52:55,496 [main] INFO  marytts.PStream Gradient GV optimization for feature: (21)  number of iterations=23
2025-12-01 18:52:55,496 [main] INFO  marytts.PStream Gradient GV optimization for feature: (22)  number of iterations=12
2025-12-01 18:52:55,497 [main] INFO  marytts.PStream Gradient GV optimization for feature: (23)  number of iterations=18
2025-12-01 18:52:55,497 [main] INFO  marytts.PStream Gradient GV optimization for feature: (24)  number of iterations=12
2025-12-01 18:52:55,497 [main] INFO  marytts.PStream Gradient GV optimization for feature: (25)  number of iterations=11
2025-12-01 18:52:55,497 [main] INFO  marytts.PStream Gradient GV optimization for feature: (26)  number of iterations=13
2025-12-01 18:52:55,498 [main] INFO  marytts.PStream Gradient GV optimization for feature: (27)  number of iterations=9
2025-12-01 18:52:55,498 [main] INFO  marytts.PStream Gradient GV optimization for feature: (28)  number of iterations=13
2025-12-01 18:52:55,498 [main] INFO  marytts.PStream Gradient GV optimization for feature: (29)  number of iterations=8
2025-12-01 18:52:55,498 [main] INFO  marytts.PStream Gradient GV optimization for feature: (30)  number of iterations=11
2025-12-01 18:52:55,499 [main] INFO  marytts.PStream Gradient GV optimization for feature: (31)  number of iterations=12
2025-12-01 18:52:55,499 [main] INFO  marytts.PStream Gradient GV optimization for feature: (32)  number of iterations=7
2025-12-01 18:52:55,499 [main] INFO  marytts.PStream Gradient GV optimization for feature: (33)  number of iterations=8
2025-12-01 18:52:55,499 [main] INFO  marytts.PStream Gradient GV optimization for feature: (34)  number of iterations=12
2025-12-01 18:52:55,499 [main] INFO  marytts.ParameterGeneration Using f0 from maryXML acoustparams
2025-12-01 18:52:55,500 [main] INFO  marytts.PStream Context-dependent global variance optimization: gvLength = 107
2025-12-01 18:52:55,500 [main] INFO  marytts.PStream Gradient GV optimization for feature: (0)  number of iterations=16
2025-12-01 18:52:55,500 [main] INFO  marytts.PStream Gradient GV optimization for feature: (1)  number of iterations=2
2025-12-01 18:52:55,500 [main] INFO  marytts.PStream Gradient GV optimization for feature: (2)  number of iterations=2
2025-12-01 18:52:55,501 [main] INFO  marytts.PStream Gradient GV optimization for feature: (3)  number of iterations=8
2025-12-01 18:52:55,501 [main] INFO  marytts.PStream Gradient GV optimization for feature: (4)  number of iterations=26
2025-12-01 18:52:55,511 [main] INFO  marytts.HMMSynthesizer Power-on self test complete.
2025-12-01 18:52:55,511 [main] INFO  marytts.TextToMaryXML Module started (TEXT->RAWMARYXML, locale null).
2025-12-01 18:52:55,511 [main] INFO  marytts.TextToMaryXML Starting power-on self test.
2025-12-01 18:52:55,512 [main] WARN  marytts.TextToMaryXML Locale is null, overriding with fr_FR
2025-12-01 18:52:55,512 [main] WARN  marytts.TextToMaryXML Locale is null, overriding with fr_FR
2025-12-01 18:52:55,512 [main] INFO  marytts.TextToMaryXML Power-on self test complete.
2025-12-01 18:52:55,740 [main] INFO  marytts.SableParser Module started (SABLE->RAWMARYXML, locale null).
2025-12-01 18:52:55,740 [main] INFO  marytts.SableParser Starting power-on self test.
2025-12-01 18:52:55,741 [main] INFO  marytts.SableParser Power-on self test complete.
2025-12-01 18:52:55,777 [main] INFO  marytts.SSMLParser Module started (SSML->RAWMARYXML, locale null).
2025-12-01 18:52:55,778 [main] INFO  marytts.SSMLParser Starting power-on self test.
2025-12-01 18:52:55,778 [main] INFO  marytts.SSMLParser Power-on self test complete.
2025-12-01 18:52:55,806 [main] INFO  marytts.APMLParser Module started (APML->RAWMARYXML, locale null).
2025-12-01 18:52:55,806 [main] INFO  marytts.APMLParser Starting power-on self test.
2025-12-01 18:52:55,806 [main] INFO  marytts.APMLParser Power-on self test complete.
2025-12-01 18:52:55,825 [main] INFO  marytts.EmotionmlParser Module started (EMOTIONML->RAWMARYXML, locale null).
2025-12-01 18:52:55,825 [main] INFO  marytts.EmotionmlParser Starting power-on self test.
2025-12-01 18:52:55,825 [main] INFO  marytts.EmotionmlParser Power-on self test complete.
2025-12-01 18:52:55,825 [main] INFO  marytts.JTokeniser Module started (RAWMARYXML->TOKENS, locale null).
2025-12-01 18:52:55,829 [main] INFO  marytts.JTokeniser Starting power-on self test.
2025-12-01 18:52:55,830 [main] INFO  marytts.JTokeniser Power-on self test complete.
2025-12-01 18:52:55,830 [main] INFO  marytts.DummyTokens2Words Module started (TOKENS->WORDS, locale null).
2025-12-01 18:52:55,830 [main] INFO  marytts.DummyTokens2Words Starting power-on self test.
2025-12-01 18:52:55,830 [main] INFO  marytts.DummyTokens2Words Power-on self test complete.
2025-12-01 18:52:55,831 [main] INFO  marytts.Prosody Module started (PHONEMES->INTONATION, locale null).
2025-12-01 18:52:55,831 [main] INFO  marytts.Prosody Starting power-on self test.
2025-12-01 18:52:55,831 [main] INFO  marytts.Prosody Power-on self test complete.
2025-12-01 18:52:55,831 [main] INFO  marytts.PronunciationModel Module started (INTONATION->ALLOPHONES, locale null).
2025-12-01 18:52:55,831 [main] INFO  marytts.PronunciationModel Starting power-on self test.
2025-12-01 18:52:55,831 [main] INFO  marytts.PronunciationModel Power-on self test complete.
2025-12-01 18:52:55,831 [main] INFO  marytts.TargetFeatureLister Starting power-on self test.
2025-12-01 18:52:55,831 [main] INFO  marytts.TargetFeatureLister Power-on self test complete.
2025-12-01 18:52:55,831 [main] INFO  marytts.TargetFeatureLister Module started (ACOUSTPARAMS->HALFPHONE_TARGETFEATURES, locale null).
2025-12-01 18:52:55,831 [main] INFO  marytts.TargetFeatureLister Starting power-on self test.
2025-12-01 18:52:55,831 [main] INFO  marytts.TargetFeatureLister Power-on self test complete.
2025-12-01 18:52:55,831 [main] INFO  marytts.AcousticModeller Module started (ALLOPHONES->ACOUSTPARAMS, locale null).
2025-12-01 18:52:55,831 [main] INFO  marytts.AcousticModeller Starting power-on self test.
2025-12-01 18:52:55,831 [main] INFO  marytts.AcousticModeller Power-on self test complete.
2025-12-01 18:52:55,831 [main] INFO  marytts.Realised acoustparams extractor Module started (AUDIO->REALISED_ACOUSTPARAMS, locale null).
2025-12-01 18:52:55,831 [main] INFO  marytts.Realised acoustparams extractor Starting power-on self test.
2025-12-01 18:52:55,831 [main] INFO  marytts.Realised acoustparams extractor Power-on self test complete.
2025-12-01 18:52:55,831 [main] INFO  marytts.Realised durations extractor Module started (AUDIO->REALISED_DURATIONS, locale null).
2025-12-01 18:52:55,831 [main] INFO  marytts.Realised durations extractor Starting power-on self test.
2025-12-01 18:52:55,831 [main] INFO  marytts.Realised durations extractor Power-on self test complete.
2025-12-01 18:52:55,831 [main] INFO  marytts.Praat TextGrid generator Module started (REALISED_ACOUSTPARAMS->PRAAT_TEXTGRID, locale null).
2025-12-01 18:52:55,831 [main] INFO  marytts.Praat TextGrid generator Starting power-on self test.
2025-12-01 18:52:55,831 [main] INFO  marytts.Praat TextGrid generator Power-on self test complete.
2025-12-01 18:52:55,833 [main] INFO  marytts.main Startup complete.
2025-12-01 18:52:55,836 [main] INFO  marytts.server Starting server.
2025-12-01 18:52:55,872 [main] INFO  marytts.server Waiting for client to connect on port 59125
2025-12-02 14:03:05,364 [main] INFO  marytts.main Mary starting up...
2025-12-02 14:03:05,364 [main] INFO  marytts.main Specification version 5.2
2025-12-02 14:03:05,364 [main] INFO  marytts.main Implementation version unknown
2025-12-02 14:03:05,364 [main] INFO  marytts.main Running on a Java 21.0.2 implementation by Eclipse Adoptium, on a Windows 11 platform (amd64, 10.0)
2025-12-02 14:03:05,472 [main] INFO  marytts.ModuleRegistry Now initiating mary module 'marytts.language.de.JTokeniser'
2025-12-02 14:03:05,479 [main] INFO  marytts.ModuleRegistry Now initiating mary module 'marytts.language.de.Preprocess'
2025-12-02 14:03:05,480 [main] INFO  marytts.ModuleRegistry Now initiating mary module 'marytts.modules.OpenNLPPosTagger(de,de.pos)'
2025-12-02 14:03:05,481 [main] INFO  marytts.ModuleRegistry Now initiating mary module 'marytts.language.de.JPhonemiser'
2025-12-02 14:03:05,500 [main] INFO  marytts.ModuleRegistry Now initiating mary module 'marytts.language.de.Prosody'
2025-12-02 14:03:05,501 [main] INFO  marytts.ModuleRegistry Now initiating mary module 'marytts.language.de.Postlex'
2025-12-02 14:03:05,502 [main] INFO  marytts.ModuleRegistry Now initiating mary module 'marytts.modules.SimplePhoneme2AP(de)'
2025-12-02 14:03:05,503 [main] INFO  marytts.ModuleRegistry Now initiating mary module 'marytts.language.en.JTokeniser'
2025-12-02 14:03:05,503 [main] INFO  marytts.ModuleRegistry Now initiating mary module 'marytts.language.en.Preprocess'
2025-12-02 14:03:05,619 [main] INFO  marytts.ModuleRegistry Now initiating mary module 'marytts.modules.JPhonemiser(en_US.)'
2025-12-02 14:03:05,635 [main] INFO  marytts.ModuleRegistry Now initiating mary module 'marytts.modules.JPhonemiser(en_GB.)'
2025-12-02 14:03:05,651 [main] INFO  marytts.ModuleRegistry Now initiating mary module 'marytts.language.en.Prosody'
2025-12-02 14:03:05,651 [main] INFO  marytts.ModuleRegistry Now initiating mary module 'marytts.modules.SimplePhoneme2AP(en_US)'
2025-12-02 14:03:05,651 [main] INFO  marytts.ModuleRegistry Now initiating mary module 'marytts.language.en.PronunciationModel'
2025-12-02 14:03:05,651 [main] INFO  marytts.ModuleRegistry Now initiating mary module 'marytts.modules.OpenNLPPosTagger(en,en.pos)'
2025-12-02 14:03:05,652 [main] INFO  marytts.ModuleRegistry Now initiating mary module 'marytts.language.fr.Phonemiser'
2025-12-02 14:03:05,658 [main] INFO  marytts.ModuleRegistry Now initiating mary module 'marytts.language.fr.Preprocess'
2025-12-02 14:03:05,661 [main] INFO  marytts.ModuleRegistry Now initiating mary module 'marytts.modules.MinimalisticPosTagger(fr,fr.)'
2025-12-02 14:03:05,662 [main] INFO  marytts.ModuleRegistry Now initiating mary module 'marytts.language.it.JTokeniser'
2025-12-02 14:03:05,663 [main] INFO  marytts.ModuleRegistry Now initiating mary module 'marytts.language.it.Preprocess'
2025-12-02 14:03:05,664 [main] INFO  marytts.ModuleRegistry Now initiating mary module 'marytts.modules.JPhonemiser(it.)'
2025-12-02 14:03:05,672 [main] INFO  marytts.ModuleRegistry Now initiating mary module 'marytts.modules.OpenNLPPosTagger(it,it.pos)'
2025-12-02 14:03:05,672 [main] INFO  marytts.ModuleRegistry Now initiating mary module 'marytts.language.it.Prosody'
2025-12-02 14:03:05,672 [main] INFO  marytts.ModuleRegistry Now initiating mary module 'marytts.language.it.Postlex'
2025-12-02 14:03:05,673 [main] INFO  marytts.ModuleRegistry Now initiating mary module 'marytts.language.ru.Tokenizer'
2025-12-02 14:03:05,673 [main] INFO  marytts.ModuleRegistry Now initiating mary module 'marytts.modules.DummyTokens2Words'
2025-12-02 14:03:05,673 [main] INFO  marytts.ModuleRegistry Now initiating mary module 'marytts.modules.JPhonemiser(ru.)'
2025-12-02 14:03:05,722 [main] INFO  marytts.ModuleRegistry Now initiating mary module 'marytts.modules.ProsodyGeneric'
2025-12-02 14:03:05,723 [main] INFO  marytts.ModuleRegistry Now initiating mary module 'marytts.modules.MinimalisticPosTagger(ru,ru)'
2025-12-02 14:03:05,723 [main] INFO  marytts.ModuleRegistry Now initiating mary module 'marytts.modules.JPhonemiser(sv.)'
2025-12-02 14:03:05,727 [main] INFO  marytts.ModuleRegistry Now initiating mary module 'marytts.modules.MinimalisticPosTagger(sv,sv.)'
2025-12-02 14:03:05,727 [main] INFO  marytts.ModuleRegistry Now initiating mary module 'marytts.language.te.JTokeniser'
2025-12-02 14:03:05,728 [main] INFO  marytts.ModuleRegistry Now initiating mary module 'marytts.modules.DummyTokens2Words'
2025-12-02 14:03:05,728 [main] INFO  marytts.ModuleRegistry Now initiating mary module 'marytts.language.te.JPhonemiser(te.)'
2025-12-02 14:03:05,732 [main] INFO  marytts.ModuleRegistry Now initiating mary module 'marytts.modules.ProsodyGeneric'
2025-12-02 14:03:05,732 [main] INFO  marytts.ModuleRegistry Now initiating mary module 'marytts.modules.MinimalisticPosTagger(te,te)'
2025-12-02 14:03:05,732 [main] INFO  marytts.ModuleRegistry Now initiating mary module 'marytts.modules.JPhonemiser(tr.)'
2025-12-02 14:03:05,735 [main] INFO  marytts.ModuleRegistry Now initiating mary module 'marytts.modules.MinimalisticPosTagger(tr,tr.)'
2025-12-02 14:03:05,735 [main] INFO  marytts.ModuleRegistry Now initiating mary module 'marytts.modules.Synthesis'
2025-12-02 14:03:05,737 [main] INFO  marytts.ModuleRegistry Now initiating mary module 'marytts.modules.TextToMaryXML'
2025-12-02 14:03:05,739 [main] INFO  marytts.ModuleRegistry Now initiating mary module 'marytts.modules.SableParser'
2025-12-02 14:03:05,740 [main] INFO  marytts.ModuleRegistry Now initiating mary module 'marytts.modules.SSMLParser'
2025-12-02 14:03:05,742 [main] INFO  marytts.ModuleRegistry Now initiating mary module 'marytts.modules.APMLParser'
2025-12-02 14:03:05,743 [main] INFO  marytts.ModuleRegistry Now initiating mary module 'marytts.modules.EmotionmlParser'
2025-12-02 14:03:05,744 [main] INFO  marytts.ModuleRegistry Now initiating mary module 'marytts.modules.JTokeniser'
2025-12-02 14:03:05,744 [main] INFO  marytts.ModuleRegistry Now initiating mary module 'marytts.modules.DummyTokens2Words'
2025-12-02 14:03:05,744 [main] INFO  marytts.ModuleRegistry Now initiating mary module 'marytts.modules.ProsodyGeneric'
2025-12-02 14:03:05,744 [main] INFO  marytts.ModuleRegistry Now initiating mary module 'marytts.modules.PronunciationModel'
2025-12-02 14:03:05,744 [main] INFO  marytts.ModuleRegistry Now initiating mary module 'marytts.modules.TargetFeatureLister'
2025-12-02 14:03:05,746 [main] INFO  marytts.ModuleRegistry Now initiating mary module 'marytts.modules.HalfPhoneTargetFeatureLister'
2025-12-02 14:03:05,747 [main] INFO  marytts.ModuleRegistry Now initiating mary module 'marytts.modules.AcousticModeller'
2025-12-02 14:03:05,749 [main] INFO  marytts.ModuleRegistry Now initiating mary module 'marytts.modules.RealisedAcoustparamsExtractor'
2025-12-02 14:03:05,750 [main] INFO  marytts.ModuleRegistry Now initiating mary module 'marytts.modules.RealisedDurationsExtractor'
2025-12-02 14:03:05,751 [main] INFO  marytts.ModuleRegistry Now initiating mary module 'marytts.modules.HTSEngine'
2025-12-02 14:03:05,753 [main] INFO  marytts.ModuleRegistry Now initiating mary module 'marytts.modules.PraatTextGridGenerator'
2025-12-02 14:03:05,757 [main] INFO  marytts.JTokeniser Module started (RAWMARYXML->TOKENS, locale de).
2025-12-02 14:03:05,783 [main] INFO  marytts.JTokeniser Starting power-on self test.
2025-12-02 14:03:05,798 [main] INFO  marytts.JTokeniser Power-on self test complete.
2025-12-02 14:03:05,798 [main] INFO  marytts.Preprocess Module started (TOKENS->WORDS, locale de).
2025-12-02 14:03:05,799 [main] INFO  marytts.Preprocess Starting power-on self test.
2025-12-02 14:03:05,799 [main] INFO  marytts.Preprocess Expanding say-as elements...
2025-12-02 14:03:05,800 [main] INFO  marytts.Preprocess Matching and expanding patterns...
2025-12-02 14:03:05,842 [main] INFO  marytts.Preprocess Done.
2025-12-02 14:03:05,842 [main] INFO  marytts.Preprocess Power-on self test complete.
2025-12-02 14:03:05,842 [main] INFO  marytts.OpenNLPPosTagger Module started (WORDS->PARTSOFSPEECH, locale de).
2025-12-02 14:03:06,103 [main] INFO  marytts.OpenNLPPosTagger Starting power-on self test.
2025-12-02 14:03:06,103 [main] INFO  marytts.OpenNLPPosTagger Power-on self test complete.
2025-12-02 14:03:06,103 [main] INFO  marytts.JPhonemiser_de Module started (PARTSOFSPEECH->PHONEMES, locale de).
2025-12-02 14:03:06,124 [main] INFO  marytts.JPhonemiser_de Starting power-on self test.
2025-12-02 14:03:06,124 [main] INFO  marytts.JPhonemiser_de Power-on self test complete.
2025-12-02 14:03:06,129 [main] INFO  marytts.Prosody Module started (PHONEMES->INTONATION, locale de).
2025-12-02 14:03:06,129 [main] INFO  marytts.Prosody Starting power-on self test.
2025-12-02 14:03:06,130 [main] INFO  marytts.Prosody Power-on self test complete.
2025-12-02 14:03:06,130 [main] INFO  marytts.PronunciationModel Module started (INTONATION->ALLOPHONES, locale de).
2025-12-02 14:03:06,130 [main] INFO  marytts.PronunciationModel Starting power-on self test.
2025-12-02 14:03:06,130 [main] INFO  marytts.PronunciationModel Power-on self test complete.
2025-12-02 14:03:06,130 [main] INFO  marytts.SimplePhoneme2AP Module started (SIMPLEPHONEMES->ACOUSTPARAMS, locale de).
2025-12-02 14:03:06,131 [main] INFO  marytts.SimplePhoneme2AP Starting power-on self test.
2025-12-02 14:03:06,131 [main] INFO  marytts.SimplePhoneme2AP Power-on self test complete.
2025-12-02 14:03:06,131 [main] INFO  marytts.JTokeniser Module started (RAWMARYXML->TOKENS, locale en).
2025-12-02 14:03:06,138 [main] INFO  marytts.JTokeniser Starting power-on self test.
2025-12-02 14:03:06,138 [main] INFO  marytts.JTokeniser Power-on self test complete.
2025-12-02 14:03:06,138 [main] INFO  marytts.Preprocess Module started (TOKENS->WORDS, locale en).
2025-12-02 14:03:06,138 [main] INFO  marytts.Preprocess Starting power-on self test.
2025-12-02 14:03:06,138 [main] INFO  marytts.Preprocess Power-on self test complete.
2025-12-02 14:03:06,138 [main] INFO  marytts.JPhonemiser Module started (PARTSOFSPEECH->PHONEMES, locale en_US).
2025-12-02 14:03:06,138 [main] INFO  marytts.JPhonemiser Starting power-on self test.
2025-12-02 14:03:06,138 [main] INFO  marytts.JPhonemiser Power-on self test complete.
2025-12-02 14:03:06,138 [main] INFO  marytts.JPhonemiser Module started (PARTSOFSPEECH->PHONEMES, locale en_GB).
2025-12-02 14:03:06,138 [main] INFO  marytts.JPhonemiser Starting power-on self test.
2025-12-02 14:03:06,138 [main] INFO  marytts.JPhonemiser Power-on self test complete.
2025-12-02 14:03:06,140 [main] INFO  marytts.Prosody Module started (PHONEMES->INTONATION, locale en).
2025-12-02 14:03:06,140 [main] INFO  marytts.Prosody Starting power-on self test.
2025-12-02 14:03:06,141 [main] INFO  marytts.Prosody Power-on self test complete.
2025-12-02 14:03:06,141 [main] INFO  marytts.SimplePhoneme2AP Module started (SIMPLEPHONEMES->ACOUSTPARAMS, locale en_US).
2025-12-02 14:03:06,141 [main] INFO  marytts.SimplePhoneme2AP Starting power-on self test.
2025-12-02 14:03:06,142 [main] INFO  marytts.SimplePhoneme2AP Power-on self test complete.
2025-12-02 14:03:06,142 [main] INFO  marytts.PronunciationModel Module started (INTONATION->ALLOPHONES, locale en).
2025-12-02 14:03:06,142 [main] INFO  marytts.PronunciationModel Starting power-on self test.
2025-12-02 14:03:06,142 [main] INFO  marytts.PronunciationModel Power-on self test complete.
2025-12-02 14:03:06,142 [main] INFO  marytts.OpenNLPPosTagger Module started (WORDS->PARTSOFSPEECH, locale en).
2025-12-02 14:03:06,490 [main] INFO  marytts.OpenNLPPosTagger Starting power-on self test.
2025-12-02 14:03:06,490 [main] INFO  marytts.OpenNLPPosTagger Power-on self test complete.
2025-12-02 14:03:06,490 [main] INFO  marytts.JPhonemiser Module started (PARTSOFSPEECH->PHONEMES, locale fr).
2025-12-02 14:03:06,490 [main] INFO  marytts.JPhonemiser Starting power-on self test.
2025-12-02 14:03:06,491 [main] INFO  marytts.JPhonemiser Power-on self test complete.
2025-12-02 14:03:06,491 [main] INFO  marytts.Preprocess Module started (TOKENS->WORDS, locale fr).
2025-12-02 14:03:06,491 [main] INFO  marytts.Preprocess Starting power-on self test.
2025-12-02 14:03:06,492 [main] INFO  marytts.Preprocess Power-on self test complete.
2025-12-02 14:03:06,492 [main] INFO  marytts.OpenNLPPosTagger Module started (WORDS->PARTSOFSPEECH, locale fr).
2025-12-02 14:03:06,492 [main] INFO  marytts.OpenNLPPosTagger Starting power-on self test.
2025-12-02 14:03:06,493 [main] INFO  marytts.OpenNLPPosTagger Power-on self test complete.
2025-12-02 14:03:06,493 [main] INFO  marytts.JTokeniser Module started (RAWMARYXML->TOKENS, locale it).
2025-12-02 14:03:06,498 [main] INFO  marytts.JTokeniser Starting power-on self test.
2025-12-02 14:03:06,499 [main] INFO  marytts.JTokeniser Power-on self test complete.
2025-12-02 14:03:06,499 [main] INFO  marytts.Preprocess Module started (TOKENS->WORDS, locale it).
2025-12-02 14:03:06,499 [main] INFO  marytts.Preprocess Starting power-on self test.
2025-12-02 14:03:06,499 [main] INFO  marytts.Preprocess Expanding say-as elements...
2025-12-02 14:03:06,499 [main] INFO  marytts.Preprocess Matching and expanding patterns...
2025-12-02 14:03:06,509 [main] INFO  marytts.Preprocess Done.
2025-12-02 14:03:06,509 [main] INFO  marytts.Preprocess Power-on self test complete.
2025-12-02 14:03:06,509 [main] INFO  marytts.JPhonemiser Module started (PARTSOFSPEECH->PHONEMES, locale it).
2025-12-02 14:03:06,509 [main] INFO  marytts.JPhonemiser Starting power-on self test.
2025-12-02 14:03:06,509 [main] INFO  marytts.JPhonemiser Power-on self test complete.
2025-12-02 14:03:06,509 [main] INFO  marytts.OpenNLPPosTagger Module started (WORDS->PARTSOFSPEECH, locale it).
2025-12-02 14:03:06,547 [main] INFO  marytts.OpenNLPPosTagger Starting power-on self test.
2025-12-02 14:03:06,547 [main] INFO  marytts.OpenNLPPosTagger Power-on self test complete.
2025-12-02 14:03:06,550 [main] INFO  marytts.Prosody Module started (PHONEMES->INTONATION, locale it).
2025-12-02 14:03:06,550 [main] INFO  marytts.Prosody Starting power-on self test.
2025-12-02 14:03:06,550 [main] INFO  marytts.Prosody Power-on self test complete.
2025-12-02 14:03:06,550 [main] INFO  marytts.PronunciationModel Module started (INTONATION->ALLOPHONES, locale it).
2025-12-02 14:03:06,550 [main] INFO  marytts.PronunciationModel Starting power-on self test.
2025-12-02 14:03:06,551 [main] INFO  marytts.PronunciationModel Power-on self test complete.
2025-12-02 14:03:06,551 [main] INFO  marytts.JTokeniser Module started (RAWMARYXML->TOKENS, locale ru).
2025-12-02 14:03:06,555 [main] INFO  marytts.JTokeniser Starting power-on self test.
2025-12-02 14:03:06,557 [main] INFO  marytts.JTokeniser Power-on self test complete.
2025-12-02 14:03:06,557 [main] INFO  marytts.DummyTokens2Words Module started (TOKENS->WORDS, locale null).
2025-12-02 14:03:06,557 [main] INFO  marytts.DummyTokens2Words Starting power-on self test.
2025-12-02 14:03:06,557 [main] INFO  marytts.DummyTokens2Words Power-on self test complete.
2025-12-02 14:03:06,557 [main] INFO  marytts.JPhonemiser Module started (PARTSOFSPEECH->PHONEMES, locale ru).
2025-12-02 14:03:06,557 [main] INFO  marytts.JPhonemiser Starting power-on self test.
2025-12-02 14:03:06,557 [main] INFO  marytts.JPhonemiser Power-on self test complete.
2025-12-02 14:03:06,559 [main] INFO  marytts.Prosody Module started (PHONEMES->INTONATION, locale null).
2025-12-02 14:03:06,559 [main] INFO  marytts.Prosody Starting power-on self test.
2025-12-02 14:03:06,560 [main] INFO  marytts.Prosody Power-on self test complete.
2025-12-02 14:03:06,560 [main] INFO  marytts.OpenNLPPosTagger Module started (WORDS->PARTSOFSPEECH, locale ru).
2025-12-02 14:03:06,560 [main] INFO  marytts.OpenNLPPosTagger Starting power-on self test.
2025-12-02 14:03:06,560 [main] INFO  marytts.OpenNLPPosTagger Power-on self test complete.
2025-12-02 14:03:06,560 [main] INFO  marytts.JPhonemiser Module started (PARTSOFSPEECH->PHONEMES, locale sv).
2025-12-02 14:03:06,560 [main] INFO  marytts.JPhonemiser Starting power-on self test.
2025-12-02 14:03:06,560 [main] INFO  marytts.JPhonemiser Power-on self test complete.
2025-12-02 14:03:06,560 [main] INFO  marytts.OpenNLPPosTagger Module started (WORDS->PARTSOFSPEECH, locale sv).
2025-12-02 14:03:06,560 [main] INFO  marytts.OpenNLPPosTagger Starting power-on self test.
2025-12-02 14:03:06,560 [main] INFO  marytts.OpenNLPPosTagger Power-on self test complete.
2025-12-02 14:03:06,560 [main] INFO  marytts.JTokeniser Module started (RAWMARYXML->TOKENS, locale te).
2025-12-02 14:03:06,565 [main] INFO  marytts.JTokeniser Starting power-on self test.
2025-12-02 14:03:06,566 [main] INFO  marytts.JTokeniser Power-on self test complete.
2025-12-02 14:03:06,567 [main] INFO  marytts.DummyTokens2Words Module started (TOKENS->WORDS, locale null).
2025-12-02 14:03:06,567 [main] INFO  marytts.DummyTokens2Words Starting power-on self test.
2025-12-02 14:03:06,567 [main] INFO  marytts.DummyTokens2Words Power-on self test complete.
2025-12-02 14:03:06,567 [main] INFO  marytts.JPhonemiser Module started (PARTSOFSPEECH->PHONEMES, locale te).
2025-12-02 14:03:06,567 [main] INFO  marytts.JPhonemiser Starting power-on self test.
2025-12-02 14:03:06,567 [main] INFO  marytts.JPhonemiser Power-on self test complete.
2025-12-02 14:03:06,568 [main] INFO  marytts.Prosody Module started (PHONEMES->INTONATION, locale null).
2025-12-02 14:03:06,568 [main] INFO  marytts.Prosody Starting power-on self test.
2025-12-02 14:03:06,568 [main] INFO  marytts.Prosody Power-on self test complete.
2025-12-02 14:03:06,568 [main] INFO  marytts.OpenNLPPosTagger Module started (WORDS->PARTSOFSPEECH, locale te).
2025-12-02 14:03:06,569 [main] INFO  marytts.OpenNLPPosTagger Starting power-on self test.
2025-12-02 14:03:06,569 [main] INFO  marytts.OpenNLPPosTagger Power-on self test complete.
2025-12-02 14:03:06,569 [main] INFO  marytts.JPhonemiser Module started (PARTSOFSPEECH->PHONEMES, locale tr).
2025-12-02 14:03:06,569 [main] INFO  marytts.JPhonemiser Starting power-on self test.
2025-12-02 14:03:06,569 [main] INFO  marytts.JPhonemiser Power-on self test complete.
2025-12-02 14:03:06,569 [main] INFO  marytts.OpenNLPPosTagger Module started (WORDS->PARTSOFSPEECH, locale tr).
2025-12-02 14:03:06,569 [main] INFO  marytts.OpenNLPPosTagger Starting power-on self test.
2025-12-02 14:03:06,570 [main] INFO  marytts.OpenNLPPosTagger Power-on self test complete.
2025-12-02 14:03:06,572 [main] INFO  marytts.UnitSelectionSynthesizer started.
2025-12-02 14:03:06,573 [main] INFO  marytts.TargetFeatureLister Module started (ACOUSTPARAMS->TARGETFEATURES, locale null).
2025-12-02 14:03:06,573 [main] INFO  marytts.HTSEngine Module started (TARGETFEATURES->AUDIO, locale null).
2025-12-02 14:03:06,588 [main] INFO  marytts.HMMData Loading Tree Set in CARTs:
2025-12-02 14:03:06,622 [main] INFO  marytts.HMMData Loading GV Model Set:
2025-12-02 14:03:06,687 [main] INFO  marytts.Voice Registering voice `cmu-slt-hsmm': female, locale en_US
2025-12-02 14:03:06,687 [main] INFO  marytts.Voice New default voice for locale en_US: cmu-slt-hsmm (desire 0)
2025-12-02 14:03:06,688 [main] INFO  marytts.HMMSynthesizer started.
2025-12-02 14:03:06,688 [main] INFO  marytts.Synthesis Module started (ACOUSTPARAMS->AUDIO, locale null).
2025-12-02 14:03:06,688 [main] INFO  marytts.HMMSynthesizer Starting power-on self test.
2025-12-02 14:03:06,700 [main] INFO  marytts.HTSEngine Using prosody from acoustparams.
2025-12-02 14:03:06,706 [main] INFO  marytts.HTSEngine Number of models in sentence numModel=7  Total number of states numState=35
2025-12-02 14:03:06,706 [main] INFO  marytts.HTSEngine Total number of frames=147  Number of voiced frames=89
2025-12-02 14:03:06,713 [main] INFO  marytts.ParameterGeneration Parameter generation for MGC: 
2025-12-02 14:03:06,713 [main] INFO  marytts.PStream Context-dependent global variance optimization: gvLength = 107
2025-12-02 14:03:06,714 [main] INFO  marytts.PStream Gradient GV optimization for feature: (0)  number of iterations=23
2025-12-02 14:03:06,717 [main] INFO  marytts.PStream Gradient GV optimization for feature: (1)  number of iterations=54
2025-12-02 14:03:06,719 [main] INFO  marytts.PStream Gradient GV optimization for feature: (2)  number of iterations=38
2025-12-02 14:03:06,720 [main] INFO  marytts.PStream Gradient GV optimization for feature: (3)  number of iterations=20
2025-12-02 14:03:06,720 [main] INFO  marytts.PStream Gradient GV optimization for feature: (4)  number of iterations=13
2025-12-02 14:03:06,721 [main] INFO  marytts.PStream Gradient GV optimization for feature: (5)  number of iterations=21
2025-12-02 14:03:06,722 [main] INFO  marytts.PStream Gradient GV optimization for feature: (6)  number of iterations=7
2025-12-02 14:03:06,722 [main] INFO  marytts.PStream Gradient GV optimization for feature: (7)  number of iterations=4
2025-12-02 14:03:06,722 [main] INFO  marytts.PStream Gradient GV optimization for feature: (8)  number of iterations=11
2025-12-02 14:03:06,722 [main] INFO  marytts.PStream Gradient GV optimization for feature: (9)  number of iterations=19
2025-12-02 14:03:06,724 [main] INFO  marytts.PStream Gradient GV optimization for feature: (10)  number of iterations=16
2025-12-02 14:03:06,724 [main] INFO  marytts.PStream Gradient GV optimization for feature: (11)  number of iterations=9
2025-12-02 14:03:06,724 [main] INFO  marytts.PStream Gradient GV optimization for feature: (12)  number of iterations=2
2025-12-02 14:03:06,725 [main] INFO  marytts.PStream Gradient GV optimization for feature: (13)  number of iterations=13
2025-12-02 14:03:06,725 [main] INFO  marytts.PStream Gradient GV optimization for feature: (14)  number of iterations=12
2025-12-02 14:03:06,725 [main] INFO  marytts.PStream Gradient GV optimization for feature: (15)  number of iterations=14
2025-12-02 14:03:06,726 [main] INFO  marytts.PStream Gradient GV optimization for feature: (16)  number of iterations=15
2025-12-02 14:03:06,726 [main] INFO  marytts.PStream Gradient GV optimization for feature: (17)  number of iterations=14
2025-12-02 14:03:06,726 [main] INFO  marytts.PStream Gradient GV optimization for feature: (18)  number of iterations=19
2025-12-02 14:03:06,727 [main] INFO  marytts.PStream Gradient GV optimization for feature: (19)  number of iterations=12
2025-12-02 14:03:06,727 [main] INFO  marytts.PStream Gradient GV optimization for feature: (20)  number of iterations=17
2025-12-02 14:03:06,727 [main] INFO  marytts.PStream Gradient GV optimization for feature: (21)  number of iterations=23
2025-12-02 14:03:06,727 [main] INFO  marytts.PStream Gradient GV optimization for feature: (22)  number of iterations=12
2025-12-02 14:03:06,728 [main] INFO  marytts.PStream Gradient GV optimization for feature: (23)  number of iterations=18
2025-12-02 14:03:06,728 [main] INFO  marytts.PStream Gradient GV optimization for feature: (24)  number of iterations=12
2025-12-02 14:03:06,728 [main] INFO  marytts.PStream Gradient GV optimization for feature: (25)  number of iterations=11
2025-12-02 14:03:06,728 [main] INFO  marytts.PStream Gradient GV optimization for feature: (26)  number of iterations=13
2025-12-02 14:03:06,729 [main] INFO  marytts.PStream Gradient GV optimization for feature: (27)  number of iterations=9
2025-12-02 14:03:06,729 [main] INFO  marytts.PStream Gradient GV optimization for feature: (28)  number of iterations=13
2025-12-02 14:03:06,729 [main] INFO  marytts.PStream Gradient GV optimization for feature: (29)  number of iterations=8
2025-12-02 14:03:06,729 [main] INFO  marytts.PStream Gradient GV optimization for feature: (30)  number of iterations=11
2025-12-02 14:03:06,729 [main] INFO  marytts.PStream Gradient GV optimization for feature: (31)  number of iterations=12
2025-12-02 14:03:06,729 [main] INFO  marytts.PStream Gradient GV optimization for feature: (32)  number of iterations=7
2025-12-02 14:03:06,729 [main] INFO  marytts.PStream Gradient GV optimization for feature: (33)  number of iterations=8
2025-12-02 14:03:06,730 [main] INFO  marytts.PStream Gradient GV optimization for feature: (34)  number of iterations=12
2025-12-02 14:03:06,730 [main] INFO  marytts.ParameterGeneration Using f0 from maryXML acoustparams
2025-12-02 14:03:06,730 [main] INFO  marytts.PStream Context-dependent global variance optimization: gvLength = 107
2025-12-02 14:03:06,730 [main] INFO  marytts.PStream Gradient GV optimization for feature: (0)  number of iterations=16
2025-12-02 14:03:06,730 [main] INFO  marytts.PStream Gradient GV optimization for feature: (1)  number of iterations=2
2025-12-02 14:03:06,730 [main] INFO  marytts.PStream Gradient GV optimization for feature: (2)  number of iterations=2
2025-12-02 14:03:06,731 [main] INFO  marytts.PStream Gradient GV optimization for feature: (3)  number of iterations=8
2025-12-02 14:03:06,731 [main] INFO  marytts.PStream Gradient GV optimization for feature: (4)  number of iterations=26
2025-12-02 14:03:06,748 [main] INFO  marytts.HMMSynthesizer Power-on self test complete.
2025-12-02 14:03:06,749 [main] INFO  marytts.TextToMaryXML Module started (TEXT->RAWMARYXML, locale null).
2025-12-02 14:03:06,749 [main] INFO  marytts.TextToMaryXML Starting power-on self test.
2025-12-02 14:03:06,749 [main] WARN  marytts.TextToMaryXML Locale is null, overriding with fr_FR
2025-12-02 14:03:06,750 [main] WARN  marytts.TextToMaryXML Locale is null, overriding with fr_FR
2025-12-02 14:03:06,750 [main] INFO  marytts.TextToMaryXML Power-on self test complete.
2025-12-02 14:03:07,033 [main] INFO  marytts.SableParser Module started (SABLE->RAWMARYXML, locale null).
2025-12-02 14:03:07,033 [main] INFO  marytts.SableParser Starting power-on self test.
2025-12-02 14:03:07,033 [main] INFO  marytts.SableParser Power-on self test complete.
2025-12-02 14:03:07,076 [main] INFO  marytts.SSMLParser Module started (SSML->RAWMARYXML, locale null).
2025-12-02 14:03:07,076 [main] INFO  marytts.SSMLParser Starting power-on self test.
2025-12-02 14:03:07,076 [main] INFO  marytts.SSMLParser Power-on self test complete.
2025-12-02 14:03:07,117 [main] INFO  marytts.APMLParser Module started (APML->RAWMARYXML, locale null).
2025-12-02 14:03:07,117 [main] INFO  marytts.APMLParser Starting power-on self test.
2025-12-02 14:03:07,117 [main] INFO  marytts.APMLParser Power-on self test complete.
2025-12-02 14:03:07,136 [main] INFO  marytts.EmotionmlParser Module started (EMOTIONML->RAWMARYXML, locale null).
2025-12-02 14:03:07,136 [main] INFO  marytts.EmotionmlParser Starting power-on self test.
2025-12-02 14:03:07,137 [main] INFO  marytts.EmotionmlParser Power-on self test complete.
2025-12-02 14:03:07,137 [main] INFO  marytts.JTokeniser Module started (RAWMARYXML->TOKENS, locale null).
2025-12-02 14:03:07,142 [main] INFO  marytts.JTokeniser Starting power-on self test.
2025-12-02 14:03:07,143 [main] INFO  marytts.JTokeniser Power-on self test complete.
2025-12-02 14:03:07,143 [main] INFO  marytts.DummyTokens2Words Module started (TOKENS->WORDS, locale null).
2025-12-02 14:03:07,143 [main] INFO  marytts.DummyTokens2Words Starting power-on self test.
2025-12-02 14:03:07,143 [main] INFO  marytts.DummyTokens2Words Power-on self test complete.
2025-12-02 14:03:07,145 [main] INFO  marytts.Prosody Module started (PHONEMES->INTONATION, locale null).
2025-12-02 14:03:07,145 [main] INFO  marytts.Prosody Starting power-on self test.
2025-12-02 14:03:07,145 [main] INFO  marytts.Prosody Power-on self test complete.
2025-12-02 14:03:07,145 [main] INFO  marytts.PronunciationModel Module started (INTONATION->ALLOPHONES, locale null).
2025-12-02 14:03:07,145 [main] INFO  marytts.PronunciationModel Starting power-on self test.
2025-12-02 14:03:07,145 [main] INFO  marytts.PronunciationModel Power-on self test complete.
2025-12-02 14:03:07,145 [main] INFO  marytts.TargetFeatureLister Starting power-on self test.
2025-12-02 14:03:07,145 [main] INFO  marytts.TargetFeatureLister Power-on self test complete.
2025-12-02 14:03:07,145 [main] INFO  marytts.TargetFeatureLister Module started (ACOUSTPARAMS->HALFPHONE_TARGETFEATURES, locale null).
2025-12-02 14:03:07,145 [main] INFO  marytts.TargetFeatureLister Starting power-on self test.
2025-12-02 14:03:07,145 [main] INFO  marytts.TargetFeatureLister Power-on self test complete.
2025-12-02 14:03:07,145 [main] INFO  marytts.AcousticModeller Module started (ALLOPHONES->ACOUSTPARAMS, locale null).
2025-12-02 14:03:07,145 [main] INFO  marytts.AcousticModeller Starting power-on self test.
2025-12-02 14:03:07,145 [main] INFO  marytts.AcousticModeller Power-on self test complete.
2025-12-02 14:03:07,145 [main] INFO  marytts.Realised acoustparams extractor Module started (AUDIO->REALISED_ACOUSTPARAMS, locale null).
2025-12-02 14:03:07,145 [main] INFO  marytts.Realised acoustparams extractor Starting power-on self test.
2025-12-02 14:03:07,145 [main] INFO  marytts.Realised acoustparams extractor Power-on self test complete.
2025-12-02 14:03:07,145 [main] INFO  marytts.Realised durations extractor Module started (AUDIO->REALISED_DURATIONS, locale null).
2025-12-02 14:03:07,145 [main] INFO  marytts.Realised durations extractor Starting power-on self test.
2025-12-02 14:03:07,145 [main] INFO  marytts.Realised durations extractor Power-on self test complete.
2025-12-02 14:03:07,145 [main] INFO  marytts.Praat TextGrid generator Module started (REALISED_ACOUSTPARAMS->PRAAT_TEXTGRID, locale null).
2025-12-02 14:03:07,145 [main] INFO  marytts.Praat TextGrid generator Starting power-on self test.
2025-12-02 14:03:07,145 [main] INFO  marytts.Praat TextGrid generator Power-on self test complete.
2025-12-02 14:03:07,147 [main] INFO  marytts.main Startup complete.
2025-12-02 14:03:07,152 [main] INFO  marytts.server Starting server.
2025-12-02 14:03:07,187 [main] INFO  marytts.server Waiting for client to connect on port 59125
2025-12-02 14:03:59,638 [I/O dispatcher 1] INFO  marytts.server Connection from null
2025-12-02 14:03:59,638 [I/O dispatcher 2] INFO  marytts.server Connection from null
2025-12-02 14:03:59,649 [I/O dispatcher 1] INFO  marytts.R 0 New request (input type "TEXT", output type "AUDIO", voice "cmu-slt-hsmm", effect "", audio "WAVE")
2025-12-02 14:03:59,649 [I/O dispatcher 2] INFO  marytts.R 1 New request (input type "TEXT", output type "AUDIO", voice "cmu-slt-hsmm", effect "", audio "WAVE")
2025-12-02 14:03:59,649 [I/O dispatcher 1] INFO  marytts.server Read: Neymar da Silva Santos Júnior, most famously known as just Neymar, is a Brazilian professional footballer who plays as a forward for Saudi Professional League club Al Hilal and the Brazil national team.

Here's a breakdown of who he is:

*   **Profession:** Footballer (Forward)
*   **Nationality:** Brazilian
*   **Current Club:** Al Hilal (Saudi Arabia)
*   **National Team:** Brazil
*   **Key Skills and Style:** Known for his dribbling, finishing, technique, flair, and playmaking abilities.
*   **Achievements:** A highly decorated player with numerous league titles, cup wins, and individual awards playing for Santos, Barcelona, Paris Saint-Germain, and the Brazilian national team.
*   **Notable Former Clubs:** Santos, Barcelona, Paris Saint-Germain

He's considered one of the most talented and popular footballers in the world.
2025-12-02 14:03:59,649 [I/O dispatcher 2] INFO  marytts.server Read: Neymar da Silva Santos Júnior, most famously known as just Neymar, is a Brazilian professional footballer who plays as a forward for Saudi Professional League club Al Hilal and the Brazil national team.

Here's a breakdown of who he is:

*   **Profession:** Footballer (Forward)
*   **Nationality:** Brazilian
*   **Current Club:** Al Hilal (Saudi Arabia)
*   **National Team:** Brazil
*   **Key Skills and Style:** Known for his dribbling, finishing, technique, flair, and playmaking abilities.
*   **Achievements:** A highly decorated player with numerous league titles, cup wins, and individual awards playing for Santos, Barcelona, Paris Saint-Germain, and the Brazilian national team.
*   **Notable Former Clubs:** Santos, Barcelona, Paris Saint-Germain

He's considered one of the most talented and popular footballers in the world.
2025-12-02 14:03:59,649 [I/O dispatcher 1] INFO  marytts.R 0 Handling request using the following modules:
2025-12-02 14:03:59,649 [I/O dispatcher 2] INFO  marytts.R 1 Handling request using the following modules:
2025-12-02 14:03:59,649 [I/O dispatcher 2] INFO  marytts.R 1 - TextToMaryXML (marytts.modules.TextToMaryXML)
2025-12-02 14:03:59,649 [I/O dispatcher 1] INFO  marytts.R 0 - TextToMaryXML (marytts.modules.TextToMaryXML)
2025-12-02 14:03:59,649 [I/O dispatcher 1] INFO  marytts.R 0 Next module: TextToMaryXML
2025-12-02 14:03:59,649 [I/O dispatcher 2] INFO  marytts.R 1 Next module: TextToMaryXML
2025-12-02 14:03:59,650 [I/O dispatcher 2] INFO  marytts.R 1 Handling request using the following modules:
2025-12-02 14:03:59,650 [I/O dispatcher 2] INFO  marytts.R 1 - JTokeniser (marytts.language.en.JTokeniser)
2025-12-02 14:03:59,650 [I/O dispatcher 2] INFO  marytts.R 1 - Preprocess (marytts.language.en.Preprocess)
2025-12-02 14:03:59,650 [I/O dispatcher 2] INFO  marytts.R 1 - OpenNLPPosTagger (marytts.modules.OpenNLPPosTagger)
2025-12-02 14:03:59,650 [I/O dispatcher 2] INFO  marytts.R 1 - JPhonemiser (marytts.modules.JPhonemiser)
2025-12-02 14:03:59,650 [I/O dispatcher 2] INFO  marytts.R 1 - Prosody (marytts.language.en.Prosody)
2025-12-02 14:03:59,650 [I/O dispatcher 2] INFO  marytts.R 1 - PronunciationModel (marytts.language.en.PronunciationModel)
2025-12-02 14:03:59,650 [I/O dispatcher 2] INFO  marytts.R 1 - AcousticModeller (marytts.modules.AcousticModeller)
2025-12-02 14:03:59,650 [I/O dispatcher 2] INFO  marytts.R 1 - Synthesis (marytts.modules.Synthesis)
2025-12-02 14:03:59,650 [I/O dispatcher 2] INFO  marytts.R 1 Next module: JTokeniser
2025-12-02 14:03:59,650 [I/O dispatcher 1] INFO  marytts.R 0 Handling request using the following modules:
2025-12-02 14:03:59,650 [I/O dispatcher 1] INFO  marytts.R 0 - JTokeniser (marytts.language.en.JTokeniser)
2025-12-02 14:03:59,650 [I/O dispatcher 1] INFO  marytts.R 0 - Preprocess (marytts.language.en.Preprocess)
2025-12-02 14:03:59,650 [I/O dispatcher 1] INFO  marytts.R 0 - OpenNLPPosTagger (marytts.modules.OpenNLPPosTagger)
2025-12-02 14:03:59,650 [I/O dispatcher 1] INFO  marytts.R 0 - JPhonemiser (marytts.modules.JPhonemiser)
2025-12-02 14:03:59,650 [I/O dispatcher 1] INFO  marytts.R 0 - Prosody (marytts.language.en.Prosody)
2025-12-02 14:03:59,650 [I/O dispatcher 1] INFO  marytts.R 0 - PronunciationModel (marytts.language.en.PronunciationModel)
2025-12-02 14:03:59,650 [I/O dispatcher 1] INFO  marytts.R 0 - AcousticModeller (marytts.modules.AcousticModeller)
2025-12-02 14:03:59,650 [I/O dispatcher 1] INFO  marytts.R 0 - Synthesis (marytts.modules.Synthesis)
2025-12-02 14:03:59,650 [I/O dispatcher 1] INFO  marytts.R 0 Next module: JTokeniser
2025-12-02 14:03:59,652 [I/O dispatcher 2] INFO  marytts.R 1 Next module: Preprocess
2025-12-02 14:03:59,652 [I/O dispatcher 1] INFO  marytts.R 0 Next module: Preprocess
2025-12-02 14:03:59,661 [I/O dispatcher 1] INFO  marytts.R 0 Next module: OpenNLPPosTagger
2025-12-02 14:03:59,661 [I/O dispatcher 2] INFO  marytts.R 1 Next module: OpenNLPPosTagger
2025-12-02 14:03:59,671 [I/O dispatcher 1] INFO  marytts.R 0 Next module: JPhonemiser
2025-12-02 14:03:59,675 [I/O dispatcher 2] INFO  marytts.R 1 Next module: JPhonemiser
2025-12-02 14:03:59,695 [I/O dispatcher 2] INFO  marytts.R 1 Next module: Prosody
2025-12-02 14:03:59,695 [I/O dispatcher 1] INFO  marytts.R 0 Next module: Prosody
2025-12-02 14:03:59,709 [I/O dispatcher 2] INFO  marytts.R 1 Next module: PronunciationModel
2025-12-02 14:03:59,709 [I/O dispatcher 1] INFO  marytts.R 0 Next module: PronunciationModel
2025-12-02 14:03:59,710 [I/O dispatcher 2] INFO  marytts.R 1 Next module: AcousticModeller
2025-12-02 14:03:59,712 [I/O dispatcher 1] INFO  marytts.R 0 Next module: AcousticModeller
2025-12-02 14:03:59,795 [I/O dispatcher 1] INFO  marytts.ParameterGeneration Parameter generation for LF0: 
2025-12-02 14:03:59,795 [I/O dispatcher 2] INFO  marytts.ParameterGeneration Parameter generation for LF0: 
2025-12-02 14:03:59,795 [I/O dispatcher 2] INFO  marytts.PStream Context-dependent global variance optimization: gvLength = 1734
2025-12-02 14:03:59,795 [I/O dispatcher 1] INFO  marytts.PStream Context-dependent global variance optimization: gvLength = 1734
2025-12-02 14:03:59,834 [I/O dispatcher 1] INFO  marytts.PStream    optimization stopped by reaching max number of iterations (no global variance applied)
2025-12-02 14:03:59,834 [I/O dispatcher 1] INFO  marytts.PStream Gradient GV optimization for feature: (0)  number of iterations=101
2025-12-02 14:03:59,834 [I/O dispatcher 2] INFO  marytts.PStream    optimization stopped by reaching max number of iterations (no global variance applied)
2025-12-02 14:03:59,834 [I/O dispatcher 2] INFO  marytts.PStream Gradient GV optimization for feature: (0)  number of iterations=101
2025-12-02 14:03:59,902 [I/O dispatcher 1] INFO  marytts.R 0 Next module: Synthesis
2025-12-02 14:03:59,902 [I/O dispatcher 2] INFO  marytts.R 1 Next module: Synthesis
2025-12-02 14:03:59,944 [I/O dispatcher 1] INFO  marytts.HMMSynthesizer Synthesizing one sentence.
2025-12-02 14:03:59,944 [I/O dispatcher 2] INFO  marytts.HMMSynthesizer Synthesizing one sentence.
2025-12-02 14:03:59,947 [I/O dispatcher 2] INFO  marytts.HTSEngine Using prosody from acoustparams.
2025-12-02 14:03:59,947 [I/O dispatcher 1] INFO  marytts.HTSEngine Using prosody from acoustparams.
2025-12-02 14:03:59,951 [I/O dispatcher 1] INFO  marytts.HTSEngine Number of models in sentence numModel=147  Total number of states numState=735
2025-12-02 14:03:59,951 [I/O dispatcher 1] INFO  marytts.HTSEngine Total number of frames=2573  Number of voiced frames=1753
2025-12-02 14:03:59,951 [I/O dispatcher 2] INFO  marytts.HTSEngine Number of models in sentence numModel=147  Total number of states numState=735
2025-12-02 14:03:59,951 [I/O dispatcher 2] INFO  marytts.HTSEngine Total number of frames=2573  Number of voiced frames=1753
2025-12-02 14:03:59,971 [I/O dispatcher 1] INFO  marytts.ParameterGeneration Parameter generation for MGC: 
2025-12-02 14:03:59,971 [I/O dispatcher 1] INFO  marytts.PStream Context-dependent global variance optimization: gvLength = 2333
2025-12-02 14:03:59,972 [I/O dispatcher 2] INFO  marytts.ParameterGeneration Parameter generation for MGC: 
2025-12-02 14:03:59,972 [I/O dispatcher 2] INFO  marytts.PStream Context-dependent global variance optimization: gvLength = 2333
2025-12-02 14:04:00,022 [I/O dispatcher 1] INFO  marytts.PStream    optimization stopped by reaching max number of iterations (no global variance applied)
2025-12-02 14:04:00,022 [I/O dispatcher 2] INFO  marytts.PStream    optimization stopped by reaching max number of iterations (no global variance applied)
2025-12-02 14:04:00,022 [I/O dispatcher 2] INFO  marytts.PStream Gradient GV optimization for feature: (0)  number of iterations=101
2025-12-02 14:04:00,022 [I/O dispatcher 1] INFO  marytts.PStream Gradient GV optimization for feature: (0)  number of iterations=101
2025-12-02 14:04:00,026 [I/O dispatcher 2] INFO  marytts.PStream Gradient GV optimization for feature: (1)  number of iterations=2
2025-12-02 14:04:00,027 [I/O dispatcher 1] INFO  marytts.PStream Gradient GV optimization for feature: (1)  number of iterations=2
2025-12-02 14:04:00,029 [I/O dispatcher 2] INFO  marytts.PStream Gradient GV optimization for feature: (2)  number of iterations=2
2025-12-02 14:04:00,030 [I/O dispatcher 1] INFO  marytts.PStream Gradient GV optimization for feature: (2)  number of iterations=2
2025-12-02 14:04:00,033 [I/O dispatcher 2] INFO  marytts.PStream Gradient GV optimization for feature: (3)  number of iterations=6
2025-12-02 14:04:00,033 [I/O dispatcher 1] INFO  marytts.PStream Gradient GV optimization for feature: (3)  number of iterations=6
2025-12-02 14:04:00,035 [I/O dispatcher 2] INFO  marytts.PStream Gradient GV optimization for feature: (4)  number of iterations=2
2025-12-02 14:04:00,036 [I/O dispatcher 1] INFO  marytts.PStream Gradient GV optimization for feature: (4)  number of iterations=2
2025-12-02 14:04:00,038 [I/O dispatcher 2] INFO  marytts.PStream Gradient GV optimization for feature: (5)  number of iterations=5
2025-12-02 14:04:00,038 [I/O dispatcher 1] INFO  marytts.PStream Gradient GV optimization for feature: (5)  number of iterations=5
2025-12-02 14:04:00,040 [I/O dispatcher 2] INFO  marytts.PStream Gradient GV optimization for feature: (6)  number of iterations=2
2025-12-02 14:04:00,040 [I/O dispatcher 1] INFO  marytts.PStream Gradient GV optimization for feature: (6)  number of iterations=2
2025-12-02 14:04:00,046 [I/O dispatcher 2] INFO  marytts.PStream Gradient GV optimization for feature: (7)  number of iterations=21
2025-12-02 14:04:00,046 [I/O dispatcher 1] INFO  marytts.PStream Gradient GV optimization for feature: (7)  number of iterations=21
2025-12-02 14:04:00,052 [I/O dispatcher 1] INFO  marytts.PStream Gradient GV optimization for feature: (8)  number of iterations=20
2025-12-02 14:04:00,052 [I/O dispatcher 2] INFO  marytts.PStream Gradient GV optimization for feature: (8)  number of iterations=20
2025-12-02 14:04:00,060 [I/O dispatcher 1] INFO  marytts.PStream Gradient GV optimization for feature: (9)  number of iterations=26
2025-12-02 14:04:00,062 [I/O dispatcher 2] INFO  marytts.PStream Gradient GV optimization for feature: (9)  number of iterations=26
2025-12-02 14:04:00,067 [I/O dispatcher 1] INFO  marytts.PStream Gradient GV optimization for feature: (10)  number of iterations=17
2025-12-02 14:04:00,067 [I/O dispatcher 2] INFO  marytts.PStream Gradient GV optimization for feature: (10)  number of iterations=17
2025-12-02 14:04:00,073 [I/O dispatcher 1] INFO  marytts.PStream Gradient GV optimization for feature: (11)  number of iterations=20
2025-12-02 14:04:00,074 [I/O dispatcher 2] INFO  marytts.PStream Gradient GV optimization for feature: (11)  number of iterations=20
2025-12-02 14:04:00,077 [I/O dispatcher 1] INFO  marytts.PStream Gradient GV optimization for feature: (12)  number of iterations=17
2025-12-02 14:04:00,077 [I/O dispatcher 2] INFO  marytts.PStream Gradient GV optimization for feature: (12)  number of iterations=17
2025-12-02 14:04:00,087 [I/O dispatcher 1] INFO  marytts.PStream Gradient GV optimization for feature: (13)  number of iterations=32
2025-12-02 14:04:00,089 [I/O dispatcher 2] INFO  marytts.PStream Gradient GV optimization for feature: (13)  number of iterations=32
2025-12-02 14:04:00,093 [I/O dispatcher 1] INFO  marytts.PStream Gradient GV optimization for feature: (14)  number of iterations=25
2025-12-02 14:04:00,096 [I/O dispatcher 2] INFO  marytts.PStream Gradient GV optimization for feature: (14)  number of iterations=25
2025-12-02 14:04:00,100 [I/O dispatcher 1] INFO  marytts.PStream Gradient GV optimization for feature: (15)  number of iterations=26
2025-12-02 14:04:00,104 [I/O dispatcher 2] INFO  marytts.PStream Gradient GV optimization for feature: (15)  number of iterations=26
2025-12-02 14:04:00,105 [I/O dispatcher 1] INFO  marytts.PStream Gradient GV optimization for feature: (16)  number of iterations=18
2025-12-02 14:04:00,108 [I/O dispatcher 2] INFO  marytts.PStream Gradient GV optimization for feature: (16)  number of iterations=18
2025-12-02 14:04:00,112 [I/O dispatcher 1] INFO  marytts.PStream Gradient GV optimization for feature: (17)  number of iterations=21
2025-12-02 14:04:00,114 [I/O dispatcher 2] INFO  marytts.PStream Gradient GV optimization for feature: (17)  number of iterations=21
2025-12-02 14:04:00,116 [I/O dispatcher 1] INFO  marytts.PStream Gradient GV optimization for feature: (18)  number of iterations=23
2025-12-02 14:04:00,118 [I/O dispatcher 2] INFO  marytts.PStream Gradient GV optimization for feature: (18)  number of iterations=23
2025-12-02 14:04:00,118 [I/O dispatcher 1] INFO  marytts.PStream Gradient GV optimization for feature: (19)  number of iterations=13
2025-12-02 14:04:00,121 [I/O dispatcher 2] INFO  marytts.PStream Gradient GV optimization for feature: (19)  number of iterations=13
2025-12-02 14:04:00,121 [I/O dispatcher 1] INFO  marytts.PStream Gradient GV optimization for feature: (20)  number of iterations=17
2025-12-02 14:04:00,124 [I/O dispatcher 2] INFO  marytts.PStream Gradient GV optimization for feature: (20)  number of iterations=17
2025-12-02 14:04:00,124 [I/O dispatcher 1] INFO  marytts.PStream Gradient GV optimization for feature: (21)  number of iterations=17
2025-12-02 14:04:00,127 [I/O dispatcher 2] INFO  marytts.PStream Gradient GV optimization for feature: (21)  number of iterations=17
2025-12-02 14:04:00,128 [I/O dispatcher 1] INFO  marytts.PStream Gradient GV optimization for feature: (22)  number of iterations=20
2025-12-02 14:04:00,131 [I/O dispatcher 1] INFO  marytts.PStream Gradient GV optimization for feature: (23)  number of iterations=14
2025-12-02 14:04:00,131 [I/O dispatcher 2] INFO  marytts.PStream Gradient GV optimization for feature: (22)  number of iterations=20
2025-12-02 14:04:00,132 [I/O dispatcher 1] INFO  marytts.PStream Gradient GV optimization for feature: (24)  number of iterations=11
2025-12-02 14:04:00,133 [I/O dispatcher 2] INFO  marytts.PStream Gradient GV optimization for feature: (23)  number of iterations=14
2025-12-02 14:04:00,135 [I/O dispatcher 1] INFO  marytts.PStream Gradient GV optimization for feature: (25)  number of iterations=14
2025-12-02 14:04:00,135 [I/O dispatcher 2] INFO  marytts.PStream Gradient GV optimization for feature: (24)  number of iterations=11
2025-12-02 14:04:00,138 [I/O dispatcher 1] INFO  marytts.PStream Gradient GV optimization for feature: (26)  number of iterations=12
2025-12-02 14:04:00,138 [I/O dispatcher 2] INFO  marytts.PStream Gradient GV optimization for feature: (25)  number of iterations=14
2025-12-02 14:04:00,140 [I/O dispatcher 1] INFO  marytts.PStream Gradient GV optimization for feature: (27)  number of iterations=12
2025-12-02 14:04:00,141 [I/O dispatcher 2] INFO  marytts.PStream Gradient GV optimization for feature: (26)  number of iterations=12
2025-12-02 14:04:00,143 [I/O dispatcher 1] INFO  marytts.PStream Gradient GV optimization for feature: (28)  number of iterations=16
2025-12-02 14:04:00,145 [I/O dispatcher 2] INFO  marytts.PStream Gradient GV optimization for feature: (27)  number of iterations=12
2025-12-02 14:04:00,146 [I/O dispatcher 1] INFO  marytts.PStream Gradient GV optimization for feature: (29)  number of iterations=17
2025-12-02 14:04:00,148 [I/O dispatcher 2] INFO  marytts.PStream Gradient GV optimization for feature: (28)  number of iterations=16
2025-12-02 14:04:00,150 [I/O dispatcher 1] INFO  marytts.PStream Gradient GV optimization for feature: (30)  number of iterations=13
2025-12-02 14:04:00,151 [I/O dispatcher 2] INFO  marytts.PStream Gradient GV optimization for feature: (29)  number of iterations=17
2025-12-02 14:04:00,153 [I/O dispatcher 1] INFO  marytts.PStream Gradient GV optimization for feature: (31)  number of iterations=13
2025-12-02 14:04:00,154 [I/O dispatcher 2] INFO  marytts.PStream Gradient GV optimization for feature: (30)  number of iterations=13
2025-12-02 14:04:00,155 [I/O dispatcher 1] INFO  marytts.PStream Gradient GV optimization for feature: (32)  number of iterations=10
2025-12-02 14:04:00,157 [I/O dispatcher 1] INFO  marytts.PStream Gradient GV optimization for feature: (33)  number of iterations=8
2025-12-02 14:04:00,157 [I/O dispatcher 2] INFO  marytts.PStream Gradient GV optimization for feature: (31)  number of iterations=13
2025-12-02 14:04:00,159 [I/O dispatcher 2] INFO  marytts.PStream Gradient GV optimization for feature: (32)  number of iterations=10
2025-12-02 14:04:00,161 [I/O dispatcher 2] INFO  marytts.PStream Gradient GV optimization for feature: (33)  number of iterations=8
2025-12-02 14:04:00,161 [I/O dispatcher 1] INFO  marytts.PStream Gradient GV optimization for feature: (34)  number of iterations=28
2025-12-02 14:04:00,161 [I/O dispatcher 1] INFO  marytts.ParameterGeneration Using f0 from maryXML acoustparams
2025-12-02 14:04:00,163 [I/O dispatcher 2] INFO  marytts.PStream Gradient GV optimization for feature: (34)  number of iterations=28
2025-12-02 14:04:00,163 [I/O dispatcher 2] INFO  marytts.ParameterGeneration Using f0 from maryXML acoustparams
2025-12-02 14:04:00,166 [I/O dispatcher 1] INFO  marytts.PStream Context-dependent global variance optimization: gvLength = 2333
2025-12-02 14:04:00,168 [I/O dispatcher 2] INFO  marytts.PStream Context-dependent global variance optimization: gvLength = 2333
2025-12-02 14:04:00,168 [I/O dispatcher 1] INFO  marytts.PStream Gradient GV optimization for feature: (0)  number of iterations=16
2025-12-02 14:04:00,169 [I/O dispatcher 1] INFO  marytts.PStream Gradient GV optimization for feature: (1)  number of iterations=6
2025-12-02 14:04:00,170 [I/O dispatcher 2] INFO  marytts.PStream Gradient GV optimization for feature: (0)  number of iterations=16
2025-12-02 14:04:00,170 [I/O dispatcher 2] INFO  marytts.PStream Gradient GV optimization for feature: (1)  number of iterations=6
2025-12-02 14:04:00,170 [I/O dispatcher 1] INFO  marytts.PStream Gradient GV optimization for feature: (2)  number of iterations=11
2025-12-02 14:04:00,171 [I/O dispatcher 1] INFO  marytts.PStream Gradient GV optimization for feature: (3)  number of iterations=4
2025-12-02 14:04:00,172 [I/O dispatcher 2] INFO  marytts.PStream Gradient GV optimization for feature: (2)  number of iterations=11
2025-12-02 14:04:00,172 [I/O dispatcher 1] INFO  marytts.PStream Gradient GV optimization for feature: (4)  number of iterations=15
2025-12-02 14:04:00,172 [I/O dispatcher 2] INFO  marytts.PStream Gradient GV optimization for feature: (3)  number of iterations=4
2025-12-02 14:04:00,178 [I/O dispatcher 2] INFO  marytts.PStream Gradient GV optimization for feature: (4)  number of iterations=15
2025-12-02 14:04:00,179 [I/O dispatcher 1] INFO  marytts.R 0 Handling request using the following modules:
2025-12-02 14:04:00,179 [I/O dispatcher 1] INFO  marytts.R 0 - JTokeniser (marytts.language.en.JTokeniser)
2025-12-02 14:04:00,179 [I/O dispatcher 1] INFO  marytts.R 0 - Preprocess (marytts.language.en.Preprocess)
2025-12-02 14:04:00,179 [I/O dispatcher 1] INFO  marytts.R 0 - OpenNLPPosTagger (marytts.modules.OpenNLPPosTagger)
2025-12-02 14:04:00,179 [I/O dispatcher 1] INFO  marytts.R 0 - JPhonemiser (marytts.modules.JPhonemiser)
2025-12-02 14:04:00,179 [I/O dispatcher 1] INFO  marytts.R 0 - Prosody (marytts.language.en.Prosody)
2025-12-02 14:04:00,179 [I/O dispatcher 1] INFO  marytts.R 0 - PronunciationModel (marytts.language.en.PronunciationModel)
2025-12-02 14:04:00,179 [I/O dispatcher 1] INFO  marytts.R 0 - AcousticModeller (marytts.modules.AcousticModeller)
2025-12-02 14:04:00,179 [I/O dispatcher 1] INFO  marytts.R 0 - Synthesis (marytts.modules.Synthesis)
2025-12-02 14:04:00,179 [I/O dispatcher 1] INFO  marytts.R 0 Next module: JTokeniser
2025-12-02 14:04:00,179 [I/O dispatcher 1] INFO  marytts.R 0 Next module: Preprocess
2025-12-02 14:04:00,179 [I/O dispatcher 2] INFO  marytts.R 1 Handling request using the following modules:
2025-12-02 14:04:00,179 [I/O dispatcher 2] INFO  marytts.R 1 - JTokeniser (marytts.language.en.JTokeniser)
2025-12-02 14:04:00,179 [I/O dispatcher 2] INFO  marytts.R 1 - Preprocess (marytts.language.en.Preprocess)
2025-12-02 14:04:00,179 [I/O dispatcher 2] INFO  marytts.R 1 - OpenNLPPosTagger (marytts.modules.OpenNLPPosTagger)
2025-12-02 14:04:00,179 [I/O dispatcher 2] INFO  marytts.R 1 - JPhonemiser (marytts.modules.JPhonemiser)
2025-12-02 14:04:00,179 [I/O dispatcher 2] INFO  marytts.R 1 - Prosody (marytts.language.en.Prosody)
2025-12-02 14:04:00,179 [I/O dispatcher 2] INFO  marytts.R 1 - PronunciationModel (marytts.language.en.PronunciationModel)
2025-12-02 14:04:00,179 [I/O dispatcher 2] INFO  marytts.R 1 - AcousticModeller (marytts.modules.AcousticModeller)
2025-12-02 14:04:00,179 [I/O dispatcher 2] INFO  marytts.R 1 - Synthesis (marytts.modules.Synthesis)
2025-12-02 14:04:00,179 [I/O dispatcher 2] INFO  marytts.R 1 Next module: JTokeniser
2025-12-02 14:04:00,180 [I/O dispatcher 2] INFO  marytts.R 1 Next module: Preprocess
2025-12-02 14:04:00,181 [I/O dispatcher 2] INFO  marytts.R 1 Next module: OpenNLPPosTagger
2025-12-02 14:04:00,181 [I/O dispatcher 1] INFO  marytts.R 0 Next module: OpenNLPPosTagger
2025-12-02 14:04:00,182 [I/O dispatcher 2] INFO  marytts.R 1 Next module: JPhonemiser
2025-12-02 14:04:00,183 [I/O dispatcher 1] INFO  marytts.R 0 Next module: JPhonemiser
2025-12-02 14:04:00,191 [I/O dispatcher 2] INFO  marytts.R 1 Next module: Prosody
2025-12-02 14:04:00,191 [I/O dispatcher 1] INFO  marytts.R 0 Next module: Prosody
2025-12-02 14:04:00,193 [I/O dispatcher 2] INFO  marytts.R 1 Next module: PronunciationModel
2025-12-02 14:04:00,193 [I/O dispatcher 1] INFO  marytts.R 0 Next module: PronunciationModel
2025-12-02 14:04:00,195 [I/O dispatcher 2] INFO  marytts.R 1 Next module: AcousticModeller
2025-12-02 14:04:00,195 [I/O dispatcher 1] INFO  marytts.R 0 Next module: AcousticModeller
2025-12-02 14:04:00,199 [I/O dispatcher 2] INFO  marytts.ParameterGeneration Parameter generation for LF0: 
2025-12-02 14:04:00,200 [I/O dispatcher 2] INFO  marytts.PStream Context-dependent global variance optimization: gvLength = 240
2025-12-02 14:04:00,200 [I/O dispatcher 1] INFO  marytts.ParameterGeneration Parameter generation for LF0: 
2025-12-02 14:04:00,200 [I/O dispatcher 1] INFO  marytts.PStream Context-dependent global variance optimization: gvLength = 240
2025-12-02 14:04:00,200 [I/O dispatcher 2] INFO  marytts.PStream Gradient GV optimization for feature: (0)  number of iterations=1
2025-12-02 14:04:00,200 [I/O dispatcher 1] INFO  marytts.PStream Gradient GV optimization for feature: (0)  number of iterations=1
2025-12-02 14:04:00,200 [I/O dispatcher 1] INFO  marytts.R 0 Next module: Synthesis
2025-12-02 14:04:00,200 [I/O dispatcher 2] INFO  marytts.R 1 Next module: Synthesis
2025-12-02 14:04:00,200 [I/O dispatcher 1] INFO  marytts.HMMSynthesizer Synthesizing one sentence.
2025-12-02 14:04:00,200 [I/O dispatcher 2] INFO  marytts.HMMSynthesizer Synthesizing one sentence.
2025-12-02 14:04:00,201 [I/O dispatcher 1] INFO  marytts.HTSEngine Using prosody from acoustparams.
2025-12-02 14:04:00,201 [I/O dispatcher 2] INFO  marytts.HTSEngine Using prosody from acoustparams.
2025-12-02 14:04:00,203 [I/O dispatcher 2] INFO  marytts.HTSEngine Number of models in sentence numModel=21  Total number of states numState=105
2025-12-02 14:04:00,203 [I/O dispatcher 2] INFO  marytts.HTSEngine Total number of frames=407  Number of voiced frames=240
2025-12-02 14:04:00,203 [I/O dispatcher 1] INFO  marytts.HTSEngine Number of models in sentence numModel=21  Total number of states numState=105
2025-12-02 14:04:00,203 [I/O dispatcher 1] INFO  marytts.HTSEngine Total number of frames=407  Number of voiced frames=240
2025-12-02 14:04:00,207 [I/O dispatcher 2] INFO  marytts.ParameterGeneration Parameter generation for MGC: 
2025-12-02 14:04:00,207 [I/O dispatcher 1] INFO  marytts.ParameterGeneration Parameter generation for MGC: 
2025-12-02 14:04:00,208 [I/O dispatcher 1] INFO  marytts.PStream Context-dependent global variance optimization: gvLength = 327
2025-12-02 14:04:00,208 [I/O dispatcher 2] INFO  marytts.PStream Context-dependent global variance optimization: gvLength = 327
2025-12-02 14:04:00,209 [I/O dispatcher 1] INFO  marytts.PStream Gradient GV optimization for feature: (0)  number of iterations=58
2025-12-02 14:04:00,209 [I/O dispatcher 2] INFO  marytts.PStream Gradient GV optimization for feature: (0)  number of iterations=58
2025-12-02 14:04:00,209 [I/O dispatcher 1] INFO  marytts.PStream Gradient GV optimization for feature: (1)  number of iterations=2
2025-12-02 14:04:00,209 [I/O dispatcher 2] INFO  marytts.PStream Gradient GV optimization for feature: (1)  number of iterations=2
2025-12-02 14:04:00,209 [I/O dispatcher 2] INFO  marytts.PStream Gradient GV optimization for feature: (2)  number of iterations=21
2025-12-02 14:04:00,209 [I/O dispatcher 1] INFO  marytts.PStream Gradient GV optimization for feature: (2)  number of iterations=21
2025-12-02 14:04:00,209 [I/O dispatcher 1] INFO  marytts.PStream Gradient GV optimization for feature: (3)  number of iterations=4
2025-12-02 14:04:00,209 [I/O dispatcher 2] INFO  marytts.PStream Gradient GV optimization for feature: (3)  number of iterations=4
2025-12-02 14:04:00,209 [I/O dispatcher 1] INFO  marytts.PStream Gradient GV optimization for feature: (4)  number of iterations=5
2025-12-02 14:04:00,209 [I/O dispatcher 1] INFO  marytts.PStream Gradient GV optimization for feature: (5)  number of iterations=2
2025-12-02 14:04:00,209 [I/O dispatcher 2] INFO  marytts.PStream Gradient GV optimization for feature: (4)  number of iterations=5
2025-12-02 14:04:00,210 [I/O dispatcher 2] INFO  marytts.PStream Gradient GV optimization for feature: (5)  number of iterations=2
2025-12-02 14:04:00,210 [I/O dispatcher 1] INFO  marytts.PStream Gradient GV optimization for feature: (6)  number of iterations=8
2025-12-02 14:04:00,210 [I/O dispatcher 2] INFO  marytts.PStream Gradient GV optimization for feature: (6)  number of iterations=8
2025-12-02 14:04:00,210 [I/O dispatcher 1] INFO  marytts.PStream Gradient GV optimization for feature: (7)  number of iterations=19
2025-12-02 14:04:00,210 [I/O dispatcher 2] INFO  marytts.PStream Gradient GV optimization for feature: (7)  number of iterations=19
2025-12-02 14:04:00,211 [I/O dispatcher 1] INFO  marytts.PStream Gradient GV optimization for feature: (8)  number of iterations=19
2025-12-02 14:04:00,211 [I/O dispatcher 2] INFO  marytts.PStream Gradient GV optimization for feature: (8)  number of iterations=19
2025-12-02 14:04:00,211 [I/O dispatcher 1] INFO  marytts.PStream Gradient GV optimization for feature: (9)  number of iterations=19
2025-12-02 14:04:00,211 [I/O dispatcher 2] INFO  marytts.PStream Gradient GV optimization for feature: (9)  number of iterations=19
2025-12-02 14:04:00,211 [I/O dispatcher 1] INFO  marytts.PStream Gradient GV optimization for feature: (10)  number of iterations=3
2025-12-02 14:04:00,211 [I/O dispatcher 2] INFO  marytts.PStream Gradient GV optimization for feature: (10)  number of iterations=3
2025-12-02 14:04:00,212 [I/O dispatcher 1] INFO  marytts.PStream Gradient GV optimization for feature: (11)  number of iterations=17
2025-12-02 14:04:00,212 [I/O dispatcher 2] INFO  marytts.PStream Gradient GV optimization for feature: (11)  number of iterations=17
2025-12-02 14:04:00,212 [I/O dispatcher 1] INFO  marytts.PStream Gradient GV optimization for feature: (12)  number of iterations=20
2025-12-02 14:04:00,212 [I/O dispatcher 2] INFO  marytts.PStream Gradient GV optimization for feature: (12)  number of iterations=20
2025-12-02 14:04:00,212 [I/O dispatcher 1] INFO  marytts.PStream Gradient GV optimization for feature: (13)  number of iterations=18
2025-12-02 14:04:00,213 [I/O dispatcher 2] INFO  marytts.PStream Gradient GV optimization for feature: (13)  number of iterations=18
2025-12-02 14:04:00,213 [I/O dispatcher 1] INFO  marytts.PStream Gradient GV optimization for feature: (14)  number of iterations=19
2025-12-02 14:04:00,213 [I/O dispatcher 1] INFO  marytts.PStream Gradient GV optimization for feature: (15)  number of iterations=14
2025-12-02 14:04:00,213 [I/O dispatcher 2] INFO  marytts.PStream Gradient GV optimization for feature: (14)  number of iterations=19
2025-12-02 14:04:00,213 [I/O dispatcher 1] INFO  marytts.PStream Gradient GV optimization for feature: (16)  number of iterations=19
2025-12-02 14:04:00,213 [I/O dispatcher 2] INFO  marytts.PStream Gradient GV optimization for feature: (15)  number of iterations=14
2025-12-02 14:04:00,214 [I/O dispatcher 2] INFO  marytts.PStream Gradient GV optimization for feature: (16)  number of iterations=19
2025-12-02 14:04:00,214 [I/O dispatcher 1] INFO  marytts.PStream Gradient GV optimization for feature: (17)  number of iterations=35
2025-12-02 14:04:00,214 [I/O dispatcher 1] INFO  marytts.PStream Gradient GV optimization for feature: (18)  number of iterations=20
2025-12-02 14:04:00,214 [I/O dispatcher 2] INFO  marytts.PStream Gradient GV optimization for feature: (17)  number of iterations=35
2025-12-02 14:04:00,214 [I/O dispatcher 2] INFO  marytts.PStream Gradient GV optimization for feature: (18)  number of iterations=20
2025-12-02 14:04:00,214 [I/O dispatcher 1] INFO  marytts.PStream Gradient GV optimization for feature: (19)  number of iterations=29
2025-12-02 14:04:00,215 [I/O dispatcher 1] INFO  marytts.PStream Gradient GV optimization for feature: (20)  number of iterations=14
2025-12-02 14:04:00,215 [I/O dispatcher 2] INFO  marytts.PStream Gradient GV optimization for feature: (19)  number of iterations=29
2025-12-02 14:04:00,215 [I/O dispatcher 1] INFO  marytts.PStream Gradient GV optimization for feature: (21)  number of iterations=17
2025-12-02 14:04:00,215 [I/O dispatcher 2] INFO  marytts.PStream Gradient GV optimization for feature: (20)  number of iterations=14
2025-12-02 14:04:00,215 [I/O dispatcher 1] INFO  marytts.PStream Gradient GV optimization for feature: (22)  number of iterations=14
2025-12-02 14:04:00,215 [I/O dispatcher 2] INFO  marytts.PStream Gradient GV optimization for feature: (21)  number of iterations=17
2025-12-02 14:04:00,215 [I/O dispatcher 1] INFO  marytts.PStream Gradient GV optimization for feature: (23)  number of iterations=16
2025-12-02 14:04:00,215 [I/O dispatcher 2] INFO  marytts.PStream Gradient GV optimization for feature: (22)  number of iterations=14
2025-12-02 14:04:00,215 [I/O dispatcher 1] INFO  marytts.PStream Gradient GV optimization for feature: (24)  number of iterations=10
2025-12-02 14:04:00,215 [I/O dispatcher 1] INFO  marytts.PStream Gradient GV optimization for feature: (25)  number of iterations=12
2025-12-02 14:04:00,215 [I/O dispatcher 2] INFO  marytts.PStream Gradient GV optimization for feature: (23)  number of iterations=16
2025-12-02 14:04:00,215 [I/O dispatcher 1] INFO  marytts.PStream Gradient GV optimization for feature: (26)  number of iterations=13
2025-12-02 14:04:00,215 [I/O dispatcher 2] INFO  marytts.PStream Gradient GV optimization for feature: (24)  number of iterations=10
2025-12-02 14:04:00,215 [I/O dispatcher 1] INFO  marytts.PStream Gradient GV optimization for feature: (27)  number of iterations=13
2025-12-02 14:04:00,215 [I/O dispatcher 2] INFO  marytts.PStream Gradient GV optimization for feature: (25)  number of iterations=12
2025-12-02 14:04:00,216 [I/O dispatcher 1] INFO  marytts.PStream Gradient GV optimization for feature: (28)  number of iterations=16
2025-12-02 14:04:00,216 [I/O dispatcher 2] INFO  marytts.PStream Gradient GV optimization for feature: (26)  number of iterations=13
2025-12-02 14:04:00,216 [I/O dispatcher 1] INFO  marytts.PStream Gradient GV optimization for feature: (29)  number of iterations=18
2025-12-02 14:04:00,216 [I/O dispatcher 2] INFO  marytts.PStream Gradient GV optimization for feature: (27)  number of iterations=13
2025-12-02 14:04:00,216 [I/O dispatcher 1] INFO  marytts.PStream Gradient GV optimization for feature: (30)  number of iterations=13
2025-12-02 14:04:00,216 [I/O dispatcher 2] INFO  marytts.PStream Gradient GV optimization for feature: (28)  number of iterations=16
2025-12-02 14:04:00,216 [I/O dispatcher 1] INFO  marytts.PStream Gradient GV optimization for feature: (31)  number of iterations=13
2025-12-02 14:04:00,218 [I/O dispatcher 2] INFO  marytts.PStream Gradient GV optimization for feature: (29)  number of iterations=18
2025-12-02 14:04:00,218 [I/O dispatcher 1] INFO  marytts.PStream Gradient GV optimization for feature: (32)  number of iterations=10
2025-12-02 14:04:00,218 [I/O dispatcher 1] INFO  marytts.PStream Gradient GV optimization for feature: (33)  number of iterations=9
2025-12-02 14:04:00,218 [I/O dispatcher 2] INFO  marytts.PStream Gradient GV optimization for feature: (30)  number of iterations=13
2025-12-02 14:04:00,218 [I/O dispatcher 1] INFO  marytts.PStream Gradient GV optimization for feature: (34)  number of iterations=14
2025-12-02 14:04:00,218 [I/O dispatcher 1] INFO  marytts.ParameterGeneration Using f0 from maryXML acoustparams
2025-12-02 14:04:00,218 [I/O dispatcher 2] INFO  marytts.PStream Gradient GV optimization for feature: (31)  number of iterations=13
2025-12-02 14:04:00,218 [I/O dispatcher 2] INFO  marytts.PStream Gradient GV optimization for feature: (32)  number of iterations=10
2025-12-02 14:04:00,218 [I/O dispatcher 2] INFO  marytts.PStream Gradient GV optimization for feature: (33)  number of iterations=9
2025-12-02 14:04:00,218 [I/O dispatcher 2] INFO  marytts.PStream Gradient GV optimization for feature: (34)  number of iterations=14
2025-12-02 14:04:00,218 [I/O dispatcher 2] INFO  marytts.ParameterGeneration Using f0 from maryXML acoustparams
2025-12-02 14:04:00,218 [I/O dispatcher 1] INFO  marytts.PStream Context-dependent global variance optimization: gvLength = 327
2025-12-02 14:04:00,218 [I/O dispatcher 2] INFO  marytts.PStream Context-dependent global variance optimization: gvLength = 327
2025-12-02 14:04:00,219 [I/O dispatcher 2] INFO  marytts.PStream Gradient GV optimization for feature: (0)  number of iterations=67
2025-12-02 14:04:00,219 [I/O dispatcher 1] INFO  marytts.PStream Gradient GV optimization for feature: (0)  number of iterations=67
2025-12-02 14:04:00,219 [I/O dispatcher 2] INFO  marytts.PStream Gradient GV optimization for feature: (1)  number of iterations=9
2025-12-02 14:04:00,219 [I/O dispatcher 1] INFO  marytts.PStream Gradient GV optimization for feature: (1)  number of iterations=9
2025-12-02 14:04:00,219 [I/O dispatcher 2] INFO  marytts.PStream Gradient GV optimization for feature: (2)  number of iterations=10
2025-12-02 14:04:00,219 [I/O dispatcher 1] INFO  marytts.PStream Gradient GV optimization for feature: (2)  number of iterations=10
2025-12-02 14:04:00,219 [I/O dispatcher 2] INFO  marytts.PStream Gradient GV optimization for feature: (3)  number of iterations=14
2025-12-02 14:04:00,219 [I/O dispatcher 2] INFO  marytts.PStream Gradient GV optimization for feature: (4)  number of iterations=2
2025-12-02 14:04:00,219 [I/O dispatcher 1] INFO  marytts.PStream Gradient GV optimization for feature: (3)  number of iterations=14
2025-12-02 14:04:00,220 [I/O dispatcher 1] INFO  marytts.PStream Gradient GV optimization for feature: (4)  number of iterations=2
2025-12-02 14:04:00,220 [I/O dispatcher 1] INFO  marytts.R 0 Handling request using the following modules:
2025-12-02 14:04:00,220 [I/O dispatcher 2] INFO  marytts.R 1 Handling request using the following modules:
2025-12-02 14:04:00,220 [I/O dispatcher 2] INFO  marytts.R 1 - JTokeniser (marytts.language.en.JTokeniser)
2025-12-02 14:04:00,220 [I/O dispatcher 2] INFO  marytts.R 1 - Preprocess (marytts.language.en.Preprocess)
2025-12-02 14:04:00,220 [I/O dispatcher 2] INFO  marytts.R 1 - OpenNLPPosTagger (marytts.modules.OpenNLPPosTagger)
2025-12-02 14:04:00,220 [I/O dispatcher 2] INFO  marytts.R 1 - JPhonemiser (marytts.modules.JPhonemiser)
2025-12-02 14:04:00,220 [I/O dispatcher 2] INFO  marytts.R 1 - Prosody (marytts.language.en.Prosody)
2025-12-02 14:04:00,220 [I/O dispatcher 2] INFO  marytts.R 1 - PronunciationModel (marytts.language.en.PronunciationModel)
2025-12-02 14:04:00,220 [I/O dispatcher 2] INFO  marytts.R 1 - AcousticModeller (marytts.modules.AcousticModeller)
2025-12-02 14:04:00,220 [I/O dispatcher 2] INFO  marytts.R 1 - Synthesis (marytts.modules.Synthesis)
2025-12-02 14:04:00,220 [I/O dispatcher 1] INFO  marytts.R 0 - JTokeniser (marytts.language.en.JTokeniser)
2025-12-02 14:04:00,221 [I/O dispatcher 1] INFO  marytts.R 0 - Preprocess (marytts.language.en.Preprocess)
2025-12-02 14:04:00,221 [I/O dispatcher 1] INFO  marytts.R 0 - OpenNLPPosTagger (marytts.modules.OpenNLPPosTagger)
2025-12-02 14:04:00,221 [I/O dispatcher 1] INFO  marytts.R 0 - JPhonemiser (marytts.modules.JPhonemiser)
2025-12-02 14:04:00,221 [I/O dispatcher 1] INFO  marytts.R 0 - Prosody (marytts.language.en.Prosody)
2025-12-02 14:04:00,221 [I/O dispatcher 1] INFO  marytts.R 0 - PronunciationModel (marytts.language.en.PronunciationModel)
2025-12-02 14:04:00,221 [I/O dispatcher 1] INFO  marytts.R 0 - AcousticModeller (marytts.modules.AcousticModeller)
2025-12-02 14:04:00,220 [I/O dispatcher 2] INFO  marytts.R 1 Next module: JTokeniser
2025-12-02 14:04:00,221 [I/O dispatcher 1] INFO  marytts.R 0 - Synthesis (marytts.modules.Synthesis)
2025-12-02 14:04:00,221 [I/O dispatcher 1] INFO  marytts.R 0 Next module: JTokeniser
2025-12-02 14:04:00,224 [I/O dispatcher 1] INFO  marytts.R 0 Next module: Preprocess
2025-12-02 14:04:00,224 [I/O dispatcher 2] INFO  marytts.R 1 Next module: Preprocess
2025-12-02 14:04:00,240 [I/O dispatcher 1] INFO  marytts.R 0 Next module: OpenNLPPosTagger
2025-12-02 14:04:00,240 [I/O dispatcher 2] INFO  marytts.R 1 Next module: OpenNLPPosTagger
2025-12-02 14:04:00,257 [I/O dispatcher 1] INFO  marytts.R 0 Next module: JPhonemiser
2025-12-02 14:04:00,258 [I/O dispatcher 2] INFO  marytts.R 1 Next module: JPhonemiser
2025-12-02 14:04:00,260 [I/O dispatcher 1] INFO  marytts.R 0 Next module: Prosody
2025-12-02 14:04:00,261 [I/O dispatcher 2] INFO  marytts.R 1 Next module: Prosody
2025-12-02 14:04:00,292 [I/O dispatcher 2] INFO  marytts.R 1 Next module: PronunciationModel
2025-12-02 14:04:00,292 [I/O dispatcher 1] INFO  marytts.R 0 Next module: PronunciationModel
2025-12-02 14:04:00,295 [I/O dispatcher 1] INFO  marytts.R 0 Next module: AcousticModeller
2025-12-02 14:04:00,295 [I/O dispatcher 2] INFO  marytts.R 1 Next module: AcousticModeller
2025-12-02 14:04:00,372 [I/O dispatcher 2] INFO  marytts.ParameterGeneration Parameter generation for LF0: 
2025-12-02 14:04:00,372 [I/O dispatcher 2] INFO  marytts.PStream Context-dependent global variance optimization: gvLength = 4320
2025-12-02 14:04:00,373 [I/O dispatcher 1] INFO  marytts.ParameterGeneration Parameter generation for LF0: 
2025-12-02 14:04:00,373 [I/O dispatcher 1] INFO  marytts.PStream Context-dependent global variance optimization: gvLength = 4320
2025-12-02 14:04:00,379 [I/O dispatcher 2] INFO  marytts.PStream Gradient GV optimization for feature: (0)  number of iterations=88
2025-12-02 14:04:00,381 [I/O dispatcher 1] INFO  marytts.PStream Gradient GV optimization for feature: (0)  number of iterations=88
2025-12-02 14:04:00,399 [I/O dispatcher 2] INFO  marytts.R 1 Next module: Synthesis
2025-12-02 14:04:00,399 [I/O dispatcher 2] INFO  marytts.HMMSynthesizer Synthesizing one sentence.
2025-12-02 14:04:00,400 [I/O dispatcher 1] INFO  marytts.R 0 Next module: Synthesis
2025-12-02 14:04:00,400 [I/O dispatcher 1] INFO  marytts.HMMSynthesizer Synthesizing one sentence.
2025-12-02 14:04:00,402 [I/O dispatcher 2] INFO  marytts.HTSEngine Using prosody from acoustparams.
2025-12-02 14:04:00,403 [I/O dispatcher 1] INFO  marytts.HTSEngine Using prosody from acoustparams.
2025-12-02 14:04:00,404 [I/O dispatcher 2] INFO  marytts.HTSEngine Number of models in sentence numModel=165  Total number of states numState=825
2025-12-02 14:04:00,404 [I/O dispatcher 2] INFO  marytts.HTSEngine Total number of frames=4084  Number of voiced frames=2137
2025-12-02 14:04:00,405 [I/O dispatcher 1] INFO  marytts.HTSEngine Number of models in sentence numModel=165  Total number of states numState=825
2025-12-02 14:04:00,405 [I/O dispatcher 1] INFO  marytts.HTSEngine Total number of frames=4084  Number of voiced frames=2137
2025-12-02 14:04:00,416 [I/O dispatcher 2] INFO  marytts.ParameterGeneration Parameter generation for MGC: 
2025-12-02 14:04:00,416 [I/O dispatcher 2] INFO  marytts.PStream Context-dependent global variance optimization: gvLength = 2732
2025-12-02 14:04:00,417 [I/O dispatcher 1] INFO  marytts.ParameterGeneration Parameter generation for MGC: 
2025-12-02 14:04:00,417 [I/O dispatcher 1] INFO  marytts.PStream Context-dependent global variance optimization: gvLength = 2732
2025-12-02 14:04:00,425 [I/O dispatcher 2] INFO  marytts.PStream Gradient GV optimization for feature: (0)  number of iterations=72
2025-12-02 14:04:00,426 [I/O dispatcher 1] INFO  marytts.PStream Gradient GV optimization for feature: (0)  number of iterations=72
2025-12-02 14:04:00,428 [I/O dispatcher 2] INFO  marytts.PStream Gradient GV optimization for feature: (1)  number of iterations=23
2025-12-02 14:04:00,430 [I/O dispatcher 1] INFO  marytts.PStream Gradient GV optimization for feature: (1)  number of iterations=23
2025-12-02 14:04:00,430 [I/O dispatcher 2] INFO  marytts.PStream Gradient GV optimization for feature: (2)  number of iterations=5
2025-12-02 14:04:00,432 [I/O dispatcher 1] INFO  marytts.PStream Gradient GV optimization for feature: (2)  number of iterations=5
2025-12-02 14:04:00,432 [I/O dispatcher 2] INFO  marytts.PStream Gradient GV optimization for feature: (3)  number of iterations=7
2025-12-02 14:04:00,435 [I/O dispatcher 2] INFO  marytts.PStream Gradient GV optimization for feature: (4)  number of iterations=2
2025-12-02 14:04:00,435 [I/O dispatcher 1] INFO  marytts.PStream Gradient GV optimization for feature: (3)  number of iterations=7
2025-12-02 14:04:00,435 [I/O dispatcher 2] INFO  marytts.PStream Gradient GV optimization for feature: (5)  number of iterations=2
2025-12-02 14:04:00,436 [I/O dispatcher 2] INFO  marytts.PStream Gradient GV optimization for feature: (6)  number of iterations=2
2025-12-02 14:04:00,437 [I/O dispatcher 1] INFO  marytts.PStream Gradient GV optimization for feature: (4)  number of iterations=2
2025-12-02 14:04:00,438 [I/O dispatcher 1] INFO  marytts.PStream Gradient GV optimization for feature: (5)  number of iterations=2
2025-12-02 14:04:00,439 [I/O dispatcher 2] INFO  marytts.PStream Gradient GV optimization for feature: (7)  number of iterations=19
2025-12-02 14:04:00,439 [I/O dispatcher 1] INFO  marytts.PStream Gradient GV optimization for feature: (6)  number of iterations=2
2025-12-02 14:04:00,441 [I/O dispatcher 1] INFO  marytts.PStream Gradient GV optimization for feature: (7)  number of iterations=19
2025-12-02 14:04:00,441 [I/O dispatcher 2] INFO  marytts.PStream Gradient GV optimization for feature: (8)  number of iterations=19
2025-12-02 14:04:00,445 [I/O dispatcher 1] INFO  marytts.PStream Gradient GV optimization for feature: (8)  number of iterations=19
2025-12-02 14:04:00,446 [I/O dispatcher 2] INFO  marytts.PStream Gradient GV optimization for feature: (9)  number of iterations=21
2025-12-02 14:04:00,449 [I/O dispatcher 1] INFO  marytts.PStream Gradient GV optimization for feature: (9)  number of iterations=21
2025-12-02 14:04:00,450 [I/O dispatcher 2] INFO  marytts.PStream Gradient GV optimization for feature: (10)  number of iterations=17
2025-12-02 14:04:00,451 [I/O dispatcher 2] INFO  marytts.PStream Gradient GV optimization for feature: (11)  number of iterations=17
2025-12-02 14:04:00,453 [I/O dispatcher 1] INFO  marytts.PStream Gradient GV optimization for feature: (10)  number of iterations=17
2025-12-02 14:04:00,455 [I/O dispatcher 1] INFO  marytts.PStream Gradient GV optimization for feature: (11)  number of iterations=17
2025-12-02 14:04:00,455 [I/O dispatcher 2] INFO  marytts.PStream Gradient GV optimization for feature: (12)  number of iterations=18
2025-12-02 14:04:00,458 [I/O dispatcher 1] INFO  marytts.PStream Gradient GV optimization for feature: (12)  number of iterations=18
2025-12-02 14:04:00,458 [I/O dispatcher 2] INFO  marytts.PStream Gradient GV optimization for feature: (13)  number of iterations=18
2025-12-02 14:04:00,460 [I/O dispatcher 1] INFO  marytts.PStream Gradient GV optimization for feature: (13)  number of iterations=18
2025-12-02 14:04:00,460 [I/O dispatcher 2] INFO  marytts.PStream Gradient GV optimization for feature: (14)  number of iterations=19
2025-12-02 14:04:00,462 [I/O dispatcher 1] INFO  marytts.PStream Gradient GV optimization for feature: (14)  number of iterations=19
2025-12-02 14:04:00,463 [I/O dispatcher 2] INFO  marytts.PStream Gradient GV optimization for feature: (15)  number of iterations=18
2025-12-02 14:04:00,467 [I/O dispatcher 1] INFO  marytts.PStream Gradient GV optimization for feature: (15)  number of iterations=18
2025-12-02 14:04:00,467 [I/O dispatcher 2] INFO  marytts.PStream Gradient GV optimization for feature: (16)  number of iterations=20
2025-12-02 14:04:00,471 [I/O dispatcher 1] INFO  marytts.PStream Gradient GV optimization for feature: (16)  number of iterations=20
2025-12-02 14:04:00,472 [I/O dispatcher 2] INFO  marytts.PStream Gradient GV optimization for feature: (17)  number of iterations=18
2025-12-02 14:04:00,476 [I/O dispatcher 1] INFO  marytts.PStream Gradient GV optimization for feature: (17)  number of iterations=18
2025-12-02 14:04:00,476 [I/O dispatcher 2] INFO  marytts.PStream Gradient GV optimization for feature: (18)  number of iterations=17
2025-12-02 14:04:00,479 [I/O dispatcher 1] INFO  marytts.PStream Gradient GV optimization for feature: (18)  number of iterations=17
2025-12-02 14:04:00,479 [I/O dispatcher 2] INFO  marytts.PStream Gradient GV optimization for feature: (19)  number of iterations=13
2025-12-02 14:04:00,481 [I/O dispatcher 1] INFO  marytts.PStream Gradient GV optimization for feature: (19)  number of iterations=13
2025-12-02 14:04:00,482 [I/O dispatcher 2] INFO  marytts.PStream Gradient GV optimization for feature: (20)  number of iterations=16
2025-12-02 14:04:00,484 [I/O dispatcher 2] INFO  marytts.PStream Gradient GV optimization for feature: (21)  number of iterations=16
2025-12-02 14:04:00,484 [I/O dispatcher 1] INFO  marytts.PStream Gradient GV optimization for feature: (20)  number of iterations=16
2025-12-02 14:04:00,486 [I/O dispatcher 2] INFO  marytts.PStream Gradient GV optimization for feature: (22)  number of iterations=20
2025-12-02 14:04:00,486 [I/O dispatcher 1] INFO  marytts.PStream Gradient GV optimization for feature: (21)  number of iterations=16
2025-12-02 14:04:00,488 [I/O dispatcher 2] INFO  marytts.PStream Gradient GV optimization for feature: (23)  number of iterations=13
2025-12-02 14:04:00,489 [I/O dispatcher 1] INFO  marytts.PStream Gradient GV optimization for feature: (22)  number of iterations=20
2025-12-02 14:04:00,490 [I/O dispatcher 2] INFO  marytts.PStream Gradient GV optimization for feature: (24)  number of iterations=10
2025-12-02 14:04:00,491 [I/O dispatcher 1] INFO  marytts.PStream Gradient GV optimization for feature: (23)  number of iterations=13
2025-12-02 14:04:00,492 [I/O dispatcher 2] INFO  marytts.PStream Gradient GV optimization for feature: (25)  number of iterations=13
2025-12-02 14:04:00,493 [I/O dispatcher 1] INFO  marytts.PStream Gradient GV optimization for feature: (24)  number of iterations=10
2025-12-02 14:04:00,494 [I/O dispatcher 2] INFO  marytts.PStream Gradient GV optimization for feature: (26)  number of iterations=10
2025-12-02 14:04:00,495 [I/O dispatcher 1] INFO  marytts.PStream Gradient GV optimization for feature: (25)  number of iterations=13
2025-12-02 14:04:00,496 [I/O dispatcher 2] INFO  marytts.PStream Gradient GV optimization for feature: (27)  number of iterations=12
2025-12-02 14:04:00,497 [I/O dispatcher 1] INFO  marytts.PStream Gradient GV optimization for feature: (26)  number of iterations=10
2025-12-02 14:04:00,498 [I/O dispatcher 2] INFO  marytts.PStream Gradient GV optimization for feature: (28)  number of iterations=8
2025-12-02 14:04:00,499 [I/O dispatcher 1] INFO  marytts.PStream Gradient GV optimization for feature: (27)  number of iterations=12
2025-12-02 14:04:00,501 [I/O dispatcher 2] INFO  marytts.PStream Gradient GV optimization for feature: (29)  number of iterations=14
2025-12-02 14:04:00,501 [I/O dispatcher 1] INFO  marytts.PStream Gradient GV optimization for feature: (28)  number of iterations=8
2025-12-02 14:04:00,503 [I/O dispatcher 2] INFO  marytts.PStream Gradient GV optimization for feature: (30)  number of iterations=13
2025-12-02 14:04:00,505 [I/O dispatcher 1] INFO  marytts.PStream Gradient GV optimization for feature: (29)  number of iterations=14
2025-12-02 14:04:00,506 [I/O dispatcher 2] INFO  marytts.PStream Gradient GV optimization for feature: (31)  number of iterations=11
2025-12-02 14:04:00,508 [I/O dispatcher 1] INFO  marytts.PStream Gradient GV optimization for feature: (30)  number of iterations=13
2025-12-02 14:04:00,509 [I/O dispatcher 2] INFO  marytts.PStream Gradient GV optimization for feature: (32)  number of iterations=8
2025-12-02 14:04:00,511 [I/O dispatcher 1] INFO  marytts.PStream Gradient GV optimization for feature: (31)  number of iterations=11
2025-12-02 14:04:00,513 [I/O dispatcher 2] INFO  marytts.PStream Gradient GV optimization for feature: (33)  number of iterations=8
2025-12-02 14:04:00,513 [I/O dispatcher 1] INFO  marytts.PStream Gradient GV optimization for feature: (32)  number of iterations=8
2025-12-02 14:04:00,516 [I/O dispatcher 2] INFO  marytts.PStream Gradient GV optimization for feature: (34)  number of iterations=13
2025-12-02 14:04:00,516 [I/O dispatcher 2] INFO  marytts.ParameterGeneration Using f0 from maryXML acoustparams
2025-12-02 14:04:00,517 [I/O dispatcher 1] INFO  marytts.PStream Gradient GV optimization for feature: (33)  number of iterations=8
2025-12-02 14:04:00,523 [I/O dispatcher 2] INFO  marytts.PStream Context-dependent global variance optimization: gvLength = 2732
2025-12-02 14:04:00,524 [I/O dispatcher 2] INFO  marytts.PStream Gradient GV optimization for feature: (0)  number of iterations=2
2025-12-02 14:04:00,524 [I/O dispatcher 1] INFO  marytts.PStream Gradient GV optimization for feature: (34)  number of iterations=13
2025-12-02 14:04:00,524 [I/O dispatcher 1] INFO  marytts.ParameterGeneration Using f0 from maryXML acoustparams
2025-12-02 14:04:00,525 [I/O dispatcher 2] INFO  marytts.PStream Gradient GV optimization for feature: (1)  number of iterations=6
2025-12-02 14:04:00,526 [I/O dispatcher 2] INFO  marytts.PStream Gradient GV optimization for feature: (2)  number of iterations=2
2025-12-02 14:04:00,527 [I/O dispatcher 1] INFO  marytts.PStream Context-dependent global variance optimization: gvLength = 2732
2025-12-02 14:04:00,529 [I/O dispatcher 2] INFO  marytts.PStream Gradient GV optimization for feature: (3)  number of iterations=10
2025-12-02 14:04:00,529 [I/O dispatcher 1] INFO  marytts.PStream Gradient GV optimization for feature: (0)  number of iterations=2
2025-12-02 14:04:00,530 [I/O dispatcher 2] INFO  marytts.PStream Gradient GV optimization for feature: (4)  number of iterations=4
2025-12-02 14:04:00,530 [I/O dispatcher 1] INFO  marytts.PStream Gradient GV optimization for feature: (1)  number of iterations=6
2025-12-02 14:04:00,532 [I/O dispatcher 2] INFO  marytts.HMMSynthesizer Synthesizing one sentence.
2025-12-02 14:04:00,532 [I/O dispatcher 1] INFO  marytts.PStream Gradient GV optimization for feature: (2)  number of iterations=2
2025-12-02 14:04:00,533 [I/O dispatcher 1] INFO  marytts.PStream Gradient GV optimization for feature: (3)  number of iterations=10
2025-12-02 14:04:00,534 [I/O dispatcher 2] INFO  marytts.HTSEngine Using prosody from acoustparams.
2025-12-02 14:04:00,535 [I/O dispatcher 1] INFO  marytts.PStream Gradient GV optimization for feature: (4)  number of iterations=4
2025-12-02 14:04:00,537 [I/O dispatcher 2] INFO  marytts.HTSEngine Number of models in sentence numModel=140  Total number of states numState=700
2025-12-02 14:04:00,537 [I/O dispatcher 2] INFO  marytts.HTSEngine Total number of frames=2827  Number of voiced frames=1619
2025-12-02 14:04:00,537 [I/O dispatcher 1] INFO  marytts.HMMSynthesizer Synthesizing one sentence.
2025-12-02 14:04:00,539 [I/O dispatcher 1] INFO  marytts.HTSEngine Using prosody from acoustparams.
2025-12-02 14:04:00,541 [I/O dispatcher 1] INFO  marytts.HTSEngine Number of models in sentence numModel=140  Total number of states numState=700
2025-12-02 14:04:00,541 [I/O dispatcher 1] INFO  marytts.HTSEngine Total number of frames=2827  Number of voiced frames=1619
2025-12-02 14:04:00,543 [I/O dispatcher 2] INFO  marytts.ParameterGeneration Parameter generation for MGC: 
2025-12-02 14:04:00,543 [I/O dispatcher 2] INFO  marytts.PStream Context-dependent global variance optimization: gvLength = 2191
2025-12-02 14:04:00,552 [I/O dispatcher 1] INFO  marytts.ParameterGeneration Parameter generation for MGC: 
2025-12-02 14:04:00,552 [I/O dispatcher 1] INFO  marytts.PStream Context-dependent global variance optimization: gvLength = 2191
2025-12-02 14:04:00,556 [I/O dispatcher 2] INFO  marytts.PStream Gradient GV optimization for feature: (0)  number of iterations=84
2025-12-02 14:04:00,558 [I/O dispatcher 2] INFO  marytts.PStream Gradient GV optimization for feature: (1)  number of iterations=1
2025-12-02 14:04:00,559 [I/O dispatcher 2] INFO  marytts.PStream Gradient GV optimization for feature: (2)  number of iterations=2
2025-12-02 14:04:00,559 [I/O dispatcher 1] INFO  marytts.PStream Gradient GV optimization for feature: (0)  number of iterations=84
2025-12-02 14:04:00,560 [I/O dispatcher 2] INFO  marytts.PStream Gradient GV optimization for feature: (3)  number of iterations=4
2025-12-02 14:04:00,571 [I/O dispatcher 2] INFO  marytts.PStream Gradient GV optimization for feature: (4)  number of iterations=2
2025-12-02 14:04:00,571 [I/O dispatcher 1] INFO  marytts.PStream Gradient GV optimization for feature: (1)  number of iterations=1
2025-12-02 14:04:00,573 [I/O dispatcher 1] INFO  marytts.PStream Gradient GV optimization for feature: (2)  number of iterations=2
2025-12-02 14:04:00,573 [I/O dispatcher 2] INFO  marytts.PStream Gradient GV optimization for feature: (5)  number of iterations=2
2025-12-02 14:04:00,574 [I/O dispatcher 1] INFO  marytts.PStream Gradient GV optimization for feature: (3)  number of iterations=4
2025-12-02 14:04:00,574 [I/O dispatcher 2] INFO  marytts.PStream Gradient GV optimization for feature: (6)  number of iterations=5
2025-12-02 14:04:00,575 [I/O dispatcher 1] INFO  marytts.PStream Gradient GV optimization for feature: (4)  number of iterations=2
2025-12-02 14:04:00,576 [I/O dispatcher 1] INFO  marytts.PStream Gradient GV optimization for feature: (5)  number of iterations=2
2025-12-02 14:04:00,578 [I/O dispatcher 2] INFO  marytts.PStream Gradient GV optimization for feature: (7)  number of iterations=21
2025-12-02 14:04:00,578 [I/O dispatcher 1] INFO  marytts.PStream Gradient GV optimization for feature: (6)  number of iterations=5
2025-12-02 14:04:00,581 [I/O dispatcher 1] INFO  marytts.PStream Gradient GV optimization for feature: (7)  number of iterations=21
2025-12-02 14:04:00,581 [I/O dispatcher 2] INFO  marytts.PStream Gradient GV optimization for feature: (8)  number of iterations=20
2025-12-02 14:04:00,584 [I/O dispatcher 1] INFO  marytts.PStream Gradient GV optimization for feature: (8)  number of iterations=20
2025-12-02 14:04:00,585 [I/O dispatcher 2] INFO  marytts.PStream Gradient GV optimization for feature: (9)  number of iterations=18
2025-12-02 14:04:00,586 [I/O dispatcher 1] INFO  marytts.PStream Gradient GV optimization for feature: (9)  number of iterations=18
2025-12-02 14:04:00,587 [I/O dispatcher 2] INFO  marytts.PStream Gradient GV optimization for feature: (10)  number of iterations=17
2025-12-02 14:04:00,588 [I/O dispatcher 1] INFO  marytts.PStream Gradient GV optimization for feature: (10)  number of iterations=17
2025-12-02 14:04:00,588 [I/O dispatcher 2] INFO  marytts.PStream Gradient GV optimization for feature: (11)  number of iterations=19
2025-12-02 14:04:00,590 [I/O dispatcher 1] INFO  marytts.PStream Gradient GV optimization for feature: (11)  number of iterations=19
2025-12-02 14:04:00,590 [I/O dispatcher 2] INFO  marytts.PStream Gradient GV optimization for feature: (12)  number of iterations=18
2025-12-02 14:04:00,595 [I/O dispatcher 1] INFO  marytts.PStream Gradient GV optimization for feature: (12)  number of iterations=18
2025-12-02 14:04:00,595 [I/O dispatcher 2] INFO  marytts.PStream Gradient GV optimization for feature: (13)  number of iterations=20
2025-12-02 14:04:00,597 [I/O dispatcher 1] INFO  marytts.PStream Gradient GV optimization for feature: (13)  number of iterations=20
2025-12-02 14:04:00,598 [I/O dispatcher 2] INFO  marytts.PStream Gradient GV optimization for feature: (14)  number of iterations=19
2025-12-02 14:04:00,600 [I/O dispatcher 1] INFO  marytts.PStream Gradient GV optimization for feature: (14)  number of iterations=19
2025-12-02 14:04:00,600 [I/O dispatcher 2] INFO  marytts.PStream Gradient GV optimization for feature: (15)  number of iterations=18
2025-12-02 14:04:00,601 [I/O dispatcher 1] INFO  marytts.PStream Gradient GV optimization for feature: (15)  number of iterations=18
2025-12-02 14:04:00,602 [I/O dispatcher 2] INFO  marytts.PStream Gradient GV optimization for feature: (16)  number of iterations=20
2025-12-02 14:04:00,603 [I/O dispatcher 1] INFO  marytts.PStream Gradient GV optimization for feature: (16)  number of iterations=20
2025-12-02 14:04:00,604 [I/O dispatcher 2] INFO  marytts.PStream Gradient GV optimization for feature: (17)  number of iterations=20
2025-12-02 14:04:00,605 [I/O dispatcher 1] INFO  marytts.PStream Gradient GV optimization for feature: (17)  number of iterations=20
2025-12-02 14:04:00,605 [I/O dispatcher 2] INFO  marytts.PStream Gradient GV optimization for feature: (18)  number of iterations=18
2025-12-02 14:04:00,607 [I/O dispatcher 2] INFO  marytts.PStream Gradient GV optimization for feature: (19)  number of iterations=12
2025-12-02 14:04:00,607 [I/O dispatcher 1] INFO  marytts.PStream Gradient GV optimization for feature: (18)  number of iterations=18
2025-12-02 14:04:00,608 [I/O dispatcher 2] INFO  marytts.PStream Gradient GV optimization for feature: (20)  number of iterations=16
2025-12-02 14:04:00,608 [I/O dispatcher 1] INFO  marytts.PStream Gradient GV optimization for feature: (19)  number of iterations=12
2025-12-02 14:04:00,610 [I/O dispatcher 1] INFO  marytts.PStream Gradient GV optimization for feature: (20)  number of iterations=16
2025-12-02 14:04:00,610 [I/O dispatcher 2] INFO  marytts.PStream Gradient GV optimization for feature: (21)  number of iterations=16
2025-12-02 14:04:00,612 [I/O dispatcher 1] INFO  marytts.PStream Gradient GV optimization for feature: (21)  number of iterations=16
2025-12-02 14:04:00,612 [I/O dispatcher 2] INFO  marytts.PStream Gradient GV optimization for feature: (22)  number of iterations=20
2025-12-02 14:04:00,614 [I/O dispatcher 1] INFO  marytts.PStream Gradient GV optimization for feature: (22)  number of iterations=20
2025-12-02 14:04:00,614 [I/O dispatcher 2] INFO  marytts.PStream Gradient GV optimization for feature: (23)  number of iterations=16
2025-12-02 14:04:00,616 [I/O dispatcher 2] INFO  marytts.PStream Gradient GV optimization for feature: (24)  number of iterations=10
2025-12-02 14:04:00,616 [I/O dispatcher 1] INFO  marytts.PStream Gradient GV optimization for feature: (23)  number of iterations=16
2025-12-02 14:04:00,618 [I/O dispatcher 2] INFO  marytts.PStream Gradient GV optimization for feature: (25)  number of iterations=12
2025-12-02 14:04:00,618 [I/O dispatcher 1] INFO  marytts.PStream Gradient GV optimization for feature: (24)  number of iterations=10
2025-12-02 14:04:00,619 [I/O dispatcher 1] INFO  marytts.PStream Gradient GV optimization for feature: (25)  number of iterations=12
2025-12-02 14:04:00,619 [I/O dispatcher 2] INFO  marytts.PStream Gradient GV optimization for feature: (26)  number of iterations=12
2025-12-02 14:04:00,620 [I/O dispatcher 1] INFO  marytts.PStream Gradient GV optimization for feature: (26)  number of iterations=12
2025-12-02 14:04:00,621 [I/O dispatcher 2] INFO  marytts.PStream Gradient GV optimization for feature: (27)  number of iterations=14
2025-12-02 14:04:00,622 [I/O dispatcher 1] INFO  marytts.PStream Gradient GV optimization for feature: (27)  number of iterations=14
2025-12-02 14:04:00,623 [I/O dispatcher 2] INFO  marytts.PStream Gradient GV optimization for feature: (28)  number of iterations=17
2025-12-02 14:04:00,624 [I/O dispatcher 1] INFO  marytts.PStream Gradient GV optimization for feature: (28)  number of iterations=17
2025-12-02 14:04:00,625 [I/O dispatcher 2] INFO  marytts.PStream Gradient GV optimization for feature: (29)  number of iterations=14
2025-12-02 14:04:00,625 [I/O dispatcher 1] INFO  marytts.PStream Gradient GV optimization for feature: (29)  number of iterations=14
2025-12-02 14:04:00,626 [I/O dispatcher 2] INFO  marytts.PStream Gradient GV optimization for feature: (30)  number of iterations=13
2025-12-02 14:04:00,627 [I/O dispatcher 1] INFO  marytts.PStream Gradient GV optimization for feature: (30)  number of iterations=13
2025-12-02 14:04:00,628 [I/O dispatcher 2] INFO  marytts.PStream Gradient GV optimization for feature: (31)  number of iterations=13
2025-12-02 14:04:00,629 [I/O dispatcher 1] INFO  marytts.PStream Gradient GV optimization for feature: (31)  number of iterations=13
2025-12-02 14:04:00,629 [I/O dispatcher 2] INFO  marytts.PStream Gradient GV optimization for feature: (32)  number of iterations=8
2025-12-02 14:04:00,629 [I/O dispatcher 1] INFO  marytts.PStream Gradient GV optimization for feature: (32)  number of iterations=8
2025-12-02 14:04:00,630 [I/O dispatcher 2] INFO  marytts.PStream Gradient GV optimization for feature: (33)  number of iterations=8
2025-12-02 14:04:00,631 [I/O dispatcher 1] INFO  marytts.PStream Gradient GV optimization for feature: (33)  number of iterations=8
2025-12-02 14:04:00,632 [I/O dispatcher 1] INFO  marytts.PStream Gradient GV optimization for feature: (34)  number of iterations=12
2025-12-02 14:04:00,632 [I/O dispatcher 1] INFO  marytts.ParameterGeneration Using f0 from maryXML acoustparams
2025-12-02 14:04:00,632 [I/O dispatcher 2] INFO  marytts.PStream Gradient GV optimization for feature: (34)  number of iterations=12
2025-12-02 14:04:00,632 [I/O dispatcher 2] INFO  marytts.ParameterGeneration Using f0 from maryXML acoustparams
2025-12-02 14:04:00,634 [I/O dispatcher 1] INFO  marytts.PStream Context-dependent global variance optimization: gvLength = 2191
2025-12-02 14:04:00,635 [I/O dispatcher 2] INFO  marytts.PStream Context-dependent global variance optimization: gvLength = 2191
2025-12-02 14:04:00,639 [I/O dispatcher 2] INFO  marytts.PStream Gradient GV optimization for feature: (0)  number of iterations=53
2025-12-02 14:04:00,639 [I/O dispatcher 1] INFO  marytts.PStream Gradient GV optimization for feature: (0)  number of iterations=53
2025-12-02 14:04:00,640 [I/O dispatcher 2] INFO  marytts.PStream Gradient GV optimization for feature: (1)  number of iterations=12
2025-12-02 14:04:00,641 [I/O dispatcher 2] INFO  marytts.PStream Gradient GV optimization for feature: (2)  number of iterations=10
2025-12-02 14:04:00,641 [I/O dispatcher 1] INFO  marytts.PStream Gradient GV optimization for feature: (1)  number of iterations=12
2025-12-02 14:04:00,641 [I/O dispatcher 2] INFO  marytts.PStream Gradient GV optimization for feature: (3)  number of iterations=11
2025-12-02 14:04:00,642 [I/O dispatcher 2] INFO  marytts.PStream Gradient GV optimization for feature: (4)  number of iterations=8
2025-12-02 14:04:00,642 [I/O dispatcher 1] INFO  marytts.PStream Gradient GV optimization for feature: (2)  number of iterations=10
2025-12-02 14:04:00,643 [I/O dispatcher 2] INFO  marytts.HMMSynthesizer Synthesizing one sentence.
2025-12-02 14:04:00,643 [I/O dispatcher 1] INFO  marytts.PStream Gradient GV optimization for feature: (3)  number of iterations=11
2025-12-02 14:04:00,644 [I/O dispatcher 1] INFO  marytts.PStream Gradient GV optimization for feature: (4)  number of iterations=8
2025-12-02 14:04:00,644 [I/O dispatcher 2] INFO  marytts.HTSEngine Using prosody from acoustparams.
2025-12-02 14:04:00,645 [I/O dispatcher 1] INFO  marytts.HMMSynthesizer Synthesizing one sentence.
2025-12-02 14:04:00,645 [I/O dispatcher 2] INFO  marytts.HTSEngine Number of models in sentence numModel=51  Total number of states numState=255
2025-12-02 14:04:00,645 [I/O dispatcher 2] INFO  marytts.HTSEngine Total number of frames=1387  Number of voiced frames=689
2025-12-02 14:04:00,646 [I/O dispatcher 1] INFO  marytts.HTSEngine Using prosody from acoustparams.
2025-12-02 14:04:00,647 [I/O dispatcher 1] INFO  marytts.HTSEngine Number of models in sentence numModel=51  Total number of states numState=255
2025-12-02 14:04:00,647 [I/O dispatcher 1] INFO  marytts.HTSEngine Total number of frames=1387  Number of voiced frames=689
2025-12-02 14:04:00,649 [I/O dispatcher 2] INFO  marytts.ParameterGeneration Parameter generation for MGC: 
2025-12-02 14:04:00,649 [I/O dispatcher 2] INFO  marytts.PStream Context-dependent global variance optimization: gvLength = 991
2025-12-02 14:04:00,651 [I/O dispatcher 1] INFO  marytts.ParameterGeneration Parameter generation for MGC: 
2025-12-02 14:04:00,651 [I/O dispatcher 1] INFO  marytts.PStream Context-dependent global variance optimization: gvLength = 991
2025-12-02 14:04:00,651 [I/O dispatcher 2] INFO  marytts.PStream Gradient GV optimization for feature: (0)  number of iterations=36
2025-12-02 14:04:00,652 [I/O dispatcher 2] INFO  marytts.PStream Gradient GV optimization for feature: (1)  number of iterations=23
2025-12-02 14:04:00,652 [I/O dispatcher 1] INFO  marytts.PStream Gradient GV optimization for feature: (0)  number of iterations=36
2025-12-02 14:04:00,652 [I/O dispatcher 2] INFO  marytts.PStream Gradient GV optimization for feature: (2)  number of iterations=5
2025-12-02 14:04:00,653 [I/O dispatcher 2] INFO  marytts.PStream Gradient GV optimization for feature: (3)  number of iterations=3
2025-12-02 14:04:00,654 [I/O dispatcher 2] INFO  marytts.PStream Gradient GV optimization for feature: (4)  number of iterations=3
2025-12-02 14:04:00,654 [I/O dispatcher 1] INFO  marytts.PStream Gradient GV optimization for feature: (1)  number of iterations=23
2025-12-02 14:04:00,654 [I/O dispatcher 1] INFO  marytts.PStream Gradient GV optimization for feature: (2)  number of iterations=5
2025-12-02 14:04:00,655 [I/O dispatcher 2] INFO  marytts.PStream Gradient GV optimization for feature: (5)  number of iterations=23
2025-12-02 14:04:00,655 [I/O dispatcher 1] INFO  marytts.PStream Gradient GV optimization for feature: (3)  number of iterations=3
2025-12-02 14:04:00,655 [I/O dispatcher 1] INFO  marytts.PStream Gradient GV optimization for feature: (4)  number of iterations=3
2025-12-02 14:04:00,655 [I/O dispatcher 2] INFO  marytts.PStream Gradient GV optimization for feature: (6)  number of iterations=3
2025-12-02 14:04:00,656 [I/O dispatcher 2] INFO  marytts.PStream Gradient GV optimization for feature: (7)  number of iterations=6
2025-12-02 14:04:00,656 [I/O dispatcher 1] INFO  marytts.PStream Gradient GV optimization for feature: (5)  number of iterations=23
2025-12-02 14:04:00,657 [I/O dispatcher 1] INFO  marytts.PStream Gradient GV optimization for feature: (6)  number of iterations=3
2025-12-02 14:04:00,657 [I/O dispatcher 2] INFO  marytts.PStream Gradient GV optimization for feature: (8)  number of iterations=19
2025-12-02 14:04:00,657 [I/O dispatcher 1] INFO  marytts.PStream Gradient GV optimization for feature: (7)  number of iterations=6
2025-12-02 14:04:00,658 [I/O dispatcher 2] INFO  marytts.PStream Gradient GV optimization for feature: (9)  number of iterations=18
2025-12-02 14:04:00,658 [I/O dispatcher 1] INFO  marytts.PStream Gradient GV optimization for feature: (8)  number of iterations=19
2025-12-02 14:04:00,658 [I/O dispatcher 2] INFO  marytts.PStream Gradient GV optimization for feature: (10)  number of iterations=5
2025-12-02 14:04:00,659 [I/O dispatcher 1] INFO  marytts.PStream Gradient GV optimization for feature: (9)  number of iterations=18
2025-12-02 14:04:00,659 [I/O dispatcher 2] INFO  marytts.PStream Gradient GV optimization for feature: (11)  number of iterations=17
2025-12-02 14:04:00,659 [I/O dispatcher 1] INFO  marytts.PStream Gradient GV optimization for feature: (10)  number of iterations=5
2025-12-02 14:04:00,659 [I/O dispatcher 2] INFO  marytts.PStream Gradient GV optimization for feature: (12)  number of iterations=18
2025-12-02 14:04:00,660 [I/O dispatcher 1] INFO  marytts.PStream Gradient GV optimization for feature: (11)  number of iterations=17
2025-12-02 14:04:00,660 [I/O dispatcher 2] INFO  marytts.PStream Gradient GV optimization for feature: (13)  number of iterations=27
2025-12-02 14:04:00,660 [I/O dispatcher 1] INFO  marytts.PStream Gradient GV optimization for feature: (12)  number of iterations=18
2025-12-02 14:04:00,661 [I/O dispatcher 2] INFO  marytts.PStream Gradient GV optimization for feature: (14)  number of iterations=21
2025-12-02 14:04:00,662 [I/O dispatcher 1] INFO  marytts.PStream Gradient GV optimization for feature: (13)  number of iterations=27
2025-12-02 14:04:00,662 [I/O dispatcher 2] INFO  marytts.PStream Gradient GV optimization for feature: (15)  number of iterations=14
2025-12-02 14:04:00,663 [I/O dispatcher 1] INFO  marytts.PStream Gradient GV optimization for feature: (14)  number of iterations=21
2025-12-02 14:04:00,663 [I/O dispatcher 2] INFO  marytts.PStream Gradient GV optimization for feature: (16)  number of iterations=18
2025-12-02 14:04:00,663 [I/O dispatcher 1] INFO  marytts.PStream Gradient GV optimization for feature: (15)  number of iterations=14
2025-12-02 14:04:00,664 [I/O dispatcher 2] INFO  marytts.PStream Gradient GV optimization for feature: (17)  number of iterations=17
2025-12-02 14:04:00,664 [I/O dispatcher 1] INFO  marytts.PStream Gradient GV optimization for feature: (16)  number of iterations=18
2025-12-02 14:04:00,664 [I/O dispatcher 2] INFO  marytts.PStream Gradient GV optimization for feature: (18)  number of iterations=14
2025-12-02 14:04:00,665 [I/O dispatcher 1] INFO  marytts.PStream Gradient GV optimization for feature: (17)  number of iterations=17
2025-12-02 14:04:00,665 [I/O dispatcher 2] INFO  marytts.PStream Gradient GV optimization for feature: (19)  number of iterations=12
2025-12-02 14:04:00,665 [I/O dispatcher 1] INFO  marytts.PStream Gradient GV optimization for feature: (18)  number of iterations=14
2025-12-02 14:04:00,666 [I/O dispatcher 2] INFO  marytts.PStream Gradient GV optimization for feature: (20)  number of iterations=16
2025-12-02 14:04:00,666 [I/O dispatcher 1] INFO  marytts.PStream Gradient GV optimization for feature: (19)  number of iterations=12
2025-12-02 14:04:00,666 [I/O dispatcher 2] INFO  marytts.PStream Gradient GV optimization for feature: (21)  number of iterations=16
2025-12-02 14:04:00,668 [I/O dispatcher 1] INFO  marytts.PStream Gradient GV optimization for feature: (20)  number of iterations=16
2025-12-02 14:04:00,668 [I/O dispatcher 2] INFO  marytts.PStream Gradient GV optimization for feature: (22)  number of iterations=19
2025-12-02 14:04:00,668 [I/O dispatcher 1] INFO  marytts.PStream Gradient GV optimization for feature: (21)  number of iterations=16
2025-12-02 14:04:00,669 [I/O dispatcher 2] INFO  marytts.PStream Gradient GV optimization for feature: (23)  number of iterations=14
2025-12-02 14:04:00,669 [I/O dispatcher 2] INFO  marytts.PStream Gradient GV optimization for feature: (24)  number of iterations=10
2025-12-02 14:04:00,669 [I/O dispatcher 1] INFO  marytts.PStream Gradient GV optimization for feature: (22)  number of iterations=19
2025-12-02 14:04:00,669 [I/O dispatcher 2] INFO  marytts.PStream Gradient GV optimization for feature: (25)  number of iterations=10
2025-12-02 14:04:00,669 [I/O dispatcher 1] INFO  marytts.PStream Gradient GV optimization for feature: (23)  number of iterations=14
2025-12-02 14:04:00,670 [I/O dispatcher 2] INFO  marytts.PStream Gradient GV optimization for feature: (26)  number of iterations=10
2025-12-02 14:04:00,670 [I/O dispatcher 1] INFO  marytts.PStream Gradient GV optimization for feature: (24)  number of iterations=10
2025-12-02 14:04:00,670 [I/O dispatcher 2] INFO  marytts.PStream Gradient GV optimization for feature: (27)  number of iterations=11
2025-12-02 14:04:00,670 [I/O dispatcher 1] INFO  marytts.PStream Gradient GV optimization for feature: (25)  number of iterations=10
2025-12-02 14:04:00,670 [I/O dispatcher 2] INFO  marytts.PStream Gradient GV optimization for feature: (28)  number of iterations=8
2025-12-02 14:04:00,670 [I/O dispatcher 1] INFO  marytts.PStream Gradient GV optimization for feature: (26)  number of iterations=10
2025-12-02 14:04:00,672 [I/O dispatcher 1] INFO  marytts.PStream Gradient GV optimization for feature: (27)  number of iterations=11
2025-12-02 14:04:00,672 [I/O dispatcher 2] INFO  marytts.PStream Gradient GV optimization for feature: (29)  number of iterations=14
2025-12-02 14:04:00,673 [I/O dispatcher 2] INFO  marytts.PStream Gradient GV optimization for feature: (30)  number of iterations=7
2025-12-02 14:04:00,673 [I/O dispatcher 1] INFO  marytts.PStream Gradient GV optimization for feature: (28)  number of iterations=8
2025-12-02 14:04:00,673 [I/O dispatcher 2] INFO  marytts.PStream Gradient GV optimization for feature: (31)  number of iterations=9
2025-12-02 14:04:00,673 [I/O dispatcher 1] INFO  marytts.PStream Gradient GV optimization for feature: (29)  number of iterations=14
2025-12-02 14:04:00,673 [I/O dispatcher 2] INFO  marytts.PStream Gradient GV optimization for feature: (32)  number of iterations=6
2025-12-02 14:04:00,674 [I/O dispatcher 1] INFO  marytts.PStream Gradient GV optimization for feature: (30)  number of iterations=7
2025-12-02 14:04:00,674 [I/O dispatcher 2] INFO  marytts.PStream Gradient GV optimization for feature: (33)  number of iterations=8
2025-12-02 14:04:00,674 [I/O dispatcher 1] INFO  marytts.PStream Gradient GV optimization for feature: (31)  number of iterations=9
2025-12-02 14:04:00,675 [I/O dispatcher 2] INFO  marytts.PStream Gradient GV optimization for feature: (34)  number of iterations=12
2025-12-02 14:04:00,675 [I/O dispatcher 2] INFO  marytts.ParameterGeneration Using f0 from maryXML acoustparams
2025-12-02 14:04:00,675 [I/O dispatcher 1] INFO  marytts.PStream Gradient GV optimization for feature: (32)  number of iterations=6
2025-12-02 14:04:00,675 [I/O dispatcher 1] INFO  marytts.PStream Gradient GV optimization for feature: (33)  number of iterations=8
2025-12-02 14:04:00,676 [I/O dispatcher 2] INFO  marytts.PStream Context-dependent global variance optimization: gvLength = 991
2025-12-02 14:04:00,676 [I/O dispatcher 1] INFO  marytts.PStream Gradient GV optimization for feature: (34)  number of iterations=12
2025-12-02 14:04:00,676 [I/O dispatcher 1] INFO  marytts.ParameterGeneration Using f0 from maryXML acoustparams
2025-12-02 14:04:00,676 [I/O dispatcher 2] INFO  marytts.PStream Gradient GV optimization for feature: (0)  number of iterations=4
2025-12-02 14:04:00,677 [I/O dispatcher 2] INFO  marytts.PStream Gradient GV optimization for feature: (1)  number of iterations=6
2025-12-02 14:04:00,677 [I/O dispatcher 1] INFO  marytts.PStream Context-dependent global variance optimization: gvLength = 991
2025-12-02 14:04:00,677 [I/O dispatcher 1] INFO  marytts.PStream Gradient GV optimization for feature: (0)  number of iterations=4
2025-12-02 14:04:00,678 [I/O dispatcher 1] INFO  marytts.PStream Gradient GV optimization for feature: (1)  number of iterations=6
2025-12-02 14:04:00,679 [I/O dispatcher 1] INFO  marytts.PStream Gradient GV optimization for feature: (2)  number of iterations=18
2025-12-02 14:04:00,679 [I/O dispatcher 2] INFO  marytts.PStream Gradient GV optimization for feature: (2)  number of iterations=18
2025-12-02 14:04:00,679 [I/O dispatcher 1] INFO  marytts.PStream Gradient GV optimization for feature: (3)  number of iterations=4
2025-12-02 14:04:00,679 [I/O dispatcher 2] INFO  marytts.PStream Gradient GV optimization for feature: (3)  number of iterations=4
2025-12-02 14:04:00,680 [I/O dispatcher 1] INFO  marytts.PStream Gradient GV optimization for feature: (4)  number of iterations=16
2025-12-02 14:04:00,680 [I/O dispatcher 2] INFO  marytts.PStream Gradient GV optimization for feature: (4)  number of iterations=16
2025-12-02 14:04:00,681 [I/O dispatcher 2] INFO  marytts.R 1 Handling request using the following modules:
2025-12-02 14:04:00,681 [I/O dispatcher 1] INFO  marytts.R 0 Handling request using the following modules:
2025-12-02 14:04:00,681 [I/O dispatcher 1] INFO  marytts.R 0 - JTokeniser (marytts.language.en.JTokeniser)
2025-12-02 14:04:00,681 [I/O dispatcher 2] INFO  marytts.R 1 - JTokeniser (marytts.language.en.JTokeniser)
2025-12-02 14:04:00,681 [I/O dispatcher 2] INFO  marytts.R 1 - Preprocess (marytts.language.en.Preprocess)
2025-12-02 14:04:00,681 [I/O dispatcher 2] INFO  marytts.R 1 - OpenNLPPosTagger (marytts.modules.OpenNLPPosTagger)
2025-12-02 14:04:00,681 [I/O dispatcher 2] INFO  marytts.R 1 - JPhonemiser (marytts.modules.JPhonemiser)
2025-12-02 14:04:00,681 [I/O dispatcher 2] INFO  marytts.R 1 - Prosody (marytts.language.en.Prosody)
2025-12-02 14:04:00,681 [I/O dispatcher 2] INFO  marytts.R 1 - PronunciationModel (marytts.language.en.PronunciationModel)
2025-12-02 14:04:00,681 [I/O dispatcher 2] INFO  marytts.R 1 - AcousticModeller (marytts.modules.AcousticModeller)
2025-12-02 14:04:00,681 [I/O dispatcher 2] INFO  marytts.R 1 - Synthesis (marytts.modules.Synthesis)
2025-12-02 14:04:00,681 [I/O dispatcher 2] INFO  marytts.R 1 Next module: JTokeniser
2025-12-02 14:04:00,681 [I/O dispatcher 1] INFO  marytts.R 0 - Preprocess (marytts.language.en.Preprocess)
2025-12-02 14:04:00,681 [I/O dispatcher 1] INFO  marytts.R 0 - OpenNLPPosTagger (marytts.modules.OpenNLPPosTagger)
2025-12-02 14:04:00,681 [I/O dispatcher 1] INFO  marytts.R 0 - JPhonemiser (marytts.modules.JPhonemiser)
2025-12-02 14:04:00,681 [I/O dispatcher 1] INFO  marytts.R 0 - Prosody (marytts.language.en.Prosody)
2025-12-02 14:04:00,681 [I/O dispatcher 1] INFO  marytts.R 0 - PronunciationModel (marytts.language.en.PronunciationModel)
2025-12-02 14:04:00,681 [I/O dispatcher 1] INFO  marytts.R 0 - AcousticModeller (marytts.modules.AcousticModeller)
2025-12-02 14:04:00,681 [I/O dispatcher 1] INFO  marytts.R 0 - Synthesis (marytts.modules.Synthesis)
2025-12-02 14:04:00,681 [I/O dispatcher 1] INFO  marytts.R 0 Next module: JTokeniser
2025-12-02 14:04:00,682 [I/O dispatcher 1] INFO  marytts.R 0 Next module: Preprocess
2025-12-02 14:04:00,682 [I/O dispatcher 2] INFO  marytts.R 1 Next module: Preprocess
2025-12-02 14:04:00,684 [I/O dispatcher 2] INFO  marytts.R 1 Next module: OpenNLPPosTagger
2025-12-02 14:04:00,684 [I/O dispatcher 1] INFO  marytts.R 0 Next module: OpenNLPPosTagger
2025-12-02 14:04:00,686 [I/O dispatcher 2] INFO  marytts.R 1 Next module: JPhonemiser
2025-12-02 14:04:00,687 [I/O dispatcher 1] INFO  marytts.R 0 Next module: JPhonemiser
2025-12-02 14:04:00,687 [I/O dispatcher 2] INFO  marytts.R 1 Next module: Prosody
2025-12-02 14:04:00,688 [I/O dispatcher 1] INFO  marytts.R 0 Next module: Prosody
2025-12-02 14:04:00,689 [I/O dispatcher 2] INFO  marytts.R 1 Next module: PronunciationModel
2025-12-02 14:04:00,689 [I/O dispatcher 1] INFO  marytts.R 0 Next module: PronunciationModel
2025-12-02 14:04:00,689 [I/O dispatcher 2] INFO  marytts.R 1 Next module: AcousticModeller
2025-12-02 14:04:00,689 [I/O dispatcher 1] INFO  marytts.R 0 Next module: AcousticModeller
2025-12-02 14:04:00,699 [I/O dispatcher 1] INFO  marytts.ParameterGeneration Parameter generation for LF0: 
2025-12-02 14:04:00,699 [I/O dispatcher 2] INFO  marytts.ParameterGeneration Parameter generation for LF0: 
2025-12-02 14:04:00,699 [I/O dispatcher 2] INFO  marytts.PStream Context-dependent global variance optimization: gvLength = 600
2025-12-02 14:04:00,699 [I/O dispatcher 1] INFO  marytts.PStream Context-dependent global variance optimization: gvLength = 600
2025-12-02 14:04:00,699 [I/O dispatcher 2] INFO  marytts.PStream Gradient GV optimization for feature: (0)  number of iterations=16
2025-12-02 14:04:00,699 [I/O dispatcher 1] INFO  marytts.PStream Gradient GV optimization for feature: (0)  number of iterations=16
2025-12-02 14:04:00,700 [I/O dispatcher 1] INFO  marytts.R 0 Next module: Synthesis
2025-12-02 14:04:00,700 [I/O dispatcher 2] INFO  marytts.R 1 Next module: Synthesis
2025-12-02 14:04:00,700 [I/O dispatcher 1] INFO  marytts.HMMSynthesizer Synthesizing one sentence.
2025-12-02 14:04:00,700 [I/O dispatcher 2] INFO  marytts.HMMSynthesizer Synthesizing one sentence.
2025-12-02 14:04:00,700 [I/O dispatcher 1] INFO  marytts.HTSEngine Using prosody from acoustparams.
2025-12-02 14:04:00,700 [I/O dispatcher 2] INFO  marytts.HTSEngine Using prosody from acoustparams.
2025-12-02 14:04:00,701 [I/O dispatcher 1] INFO  marytts.HTSEngine Number of models in sentence numModel=57  Total number of states numState=285
2025-12-02 14:04:00,701 [I/O dispatcher 1] INFO  marytts.HTSEngine Total number of frames=912  Number of voiced frames=600
2025-12-02 14:04:00,701 [I/O dispatcher 2] INFO  marytts.HTSEngine Number of models in sentence numModel=57  Total number of states numState=285
2025-12-02 14:04:00,701 [I/O dispatcher 2] INFO  marytts.HTSEngine Total number of frames=912  Number of voiced frames=600
2025-12-02 14:04:00,704 [I/O dispatcher 1] INFO  marytts.ParameterGeneration Parameter generation for MGC: 
2025-12-02 14:04:00,704 [I/O dispatcher 1] INFO  marytts.PStream Context-dependent global variance optimization: gvLength = 831
2025-12-02 14:04:00,704 [I/O dispatcher 2] INFO  marytts.ParameterGeneration Parameter generation for MGC: 
2025-12-02 14:04:00,704 [I/O dispatcher 2] INFO  marytts.PStream Context-dependent global variance optimization: gvLength = 831
2025-12-02 14:04:00,706 [I/O dispatcher 1] INFO  marytts.PStream Gradient GV optimization for feature: (0)  number of iterations=65
2025-12-02 14:04:00,706 [I/O dispatcher 2] INFO  marytts.PStream Gradient GV optimization for feature: (0)  number of iterations=65
2025-12-02 14:04:00,706 [I/O dispatcher 1] INFO  marytts.PStream Gradient GV optimization for feature: (1)  number of iterations=23
2025-12-02 14:04:00,706 [I/O dispatcher 2] INFO  marytts.PStream Gradient GV optimization for feature: (1)  number of iterations=23
2025-12-02 14:04:00,707 [I/O dispatcher 1] INFO  marytts.PStream Gradient GV optimization for feature: (2)  number of iterations=23
2025-12-02 14:04:00,707 [I/O dispatcher 2] INFO  marytts.PStream Gradient GV optimization for feature: (2)  number of iterations=23
2025-12-02 14:04:00,707 [I/O dispatcher 1] INFO  marytts.PStream Gradient GV optimization for feature: (3)  number of iterations=20
2025-12-02 14:04:00,708 [I/O dispatcher 2] INFO  marytts.PStream Gradient GV optimization for feature: (3)  number of iterations=20
2025-12-02 14:04:00,708 [I/O dispatcher 1] INFO  marytts.PStream Gradient GV optimization for feature: (4)  number of iterations=4
2025-12-02 14:04:00,708 [I/O dispatcher 2] INFO  marytts.PStream Gradient GV optimization for feature: (4)  number of iterations=4
2025-12-02 14:04:00,708 [I/O dispatcher 1] INFO  marytts.PStream Gradient GV optimization for feature: (5)  number of iterations=25
2025-12-02 14:04:00,708 [I/O dispatcher 1] INFO  marytts.PStream Gradient GV optimization for feature: (6)  number of iterations=2
2025-12-02 14:04:00,708 [I/O dispatcher 2] INFO  marytts.PStream Gradient GV optimization for feature: (5)  number of iterations=25
2025-12-02 14:04:00,708 [I/O dispatcher 2] INFO  marytts.PStream Gradient GV optimization for feature: (6)  number of iterations=2
2025-12-02 14:04:00,709 [I/O dispatcher 1] INFO  marytts.PStream Gradient GV optimization for feature: (7)  number of iterations=21
2025-12-02 14:04:00,709 [I/O dispatcher 1] INFO  marytts.PStream Gradient GV optimization for feature: (8)  number of iterations=3
2025-12-02 14:04:00,709 [I/O dispatcher 2] INFO  marytts.PStream Gradient GV optimization for feature: (7)  number of iterations=21
2025-12-02 14:04:00,710 [I/O dispatcher 2] INFO  marytts.PStream Gradient GV optimization for feature: (8)  number of iterations=3
2025-12-02 14:04:00,710 [I/O dispatcher 1] INFO  marytts.PStream Gradient GV optimization for feature: (9)  number of iterations=35
2025-12-02 14:04:00,710 [I/O dispatcher 2] INFO  marytts.PStream Gradient GV optimization for feature: (9)  number of iterations=35
2025-12-02 14:04:00,710 [I/O dispatcher 1] INFO  marytts.PStream Gradient GV optimization for feature: (10)  number of iterations=18
2025-12-02 14:04:00,711 [I/O dispatcher 2] INFO  marytts.PStream Gradient GV optimization for feature: (10)  number of iterations=18
2025-12-02 14:04:00,711 [I/O dispatcher 1] INFO  marytts.PStream Gradient GV optimization for feature: (11)  number of iterations=19
2025-12-02 14:04:00,711 [I/O dispatcher 2] INFO  marytts.PStream Gradient GV optimization for feature: (11)  number of iterations=19
2025-12-02 14:04:00,711 [I/O dispatcher 1] INFO  marytts.PStream Gradient GV optimization for feature: (12)  number of iterations=17
2025-12-02 14:04:00,711 [I/O dispatcher 2] INFO  marytts.PStream Gradient GV optimization for feature: (12)  number of iterations=17
2025-12-02 14:04:00,711 [I/O dispatcher 1] INFO  marytts.PStream Gradient GV optimization for feature: (13)  number of iterations=20
2025-12-02 14:04:00,713 [I/O dispatcher 2] INFO  marytts.PStream Gradient GV optimization for feature: (13)  number of iterations=20
2025-12-02 14:04:00,713 [I/O dispatcher 1] INFO  marytts.PStream Gradient GV optimization for feature: (14)  number of iterations=19
2025-12-02 14:04:00,713 [I/O dispatcher 2] INFO  marytts.PStream Gradient GV optimization for feature: (14)  number of iterations=19
2025-12-02 14:04:00,714 [I/O dispatcher 1] INFO  marytts.PStream Gradient GV optimization for feature: (15)  number of iterations=22
2025-12-02 14:04:00,714 [I/O dispatcher 1] INFO  marytts.PStream Gradient GV optimization for feature: (16)  number of iterations=16
2025-12-02 14:04:00,714 [I/O dispatcher 2] INFO  marytts.PStream Gradient GV optimization for feature: (15)  number of iterations=22
2025-12-02 14:04:00,714 [I/O dispatcher 1] INFO  marytts.PStream Gradient GV optimization for feature: (17)  number of iterations=16
2025-12-02 14:04:00,714 [I/O dispatcher 2] INFO  marytts.PStream Gradient GV optimization for feature: (16)  number of iterations=16
2025-12-02 14:04:00,715 [I/O dispatcher 2] INFO  marytts.PStream Gradient GV optimization for feature: (17)  number of iterations=16
2025-12-02 14:04:00,715 [I/O dispatcher 1] INFO  marytts.PStream Gradient GV optimization for feature: (18)  number of iterations=21
2025-12-02 14:04:00,715 [I/O dispatcher 2] INFO  marytts.PStream Gradient GV optimization for feature: (18)  number of iterations=21
2025-12-02 14:04:00,715 [I/O dispatcher 1] INFO  marytts.PStream Gradient GV optimization for feature: (19)  number of iterations=14
2025-12-02 14:04:00,715 [I/O dispatcher 2] INFO  marytts.PStream Gradient GV optimization for feature: (19)  number of iterations=14
2025-12-02 14:04:00,715 [I/O dispatcher 1] INFO  marytts.PStream Gradient GV optimization for feature: (20)  number of iterations=14
2025-12-02 14:04:00,717 [I/O dispatcher 2] INFO  marytts.PStream Gradient GV optimization for feature: (20)  number of iterations=14
2025-12-02 14:04:00,717 [I/O dispatcher 1] INFO  marytts.PStream Gradient GV optimization for feature: (21)  number of iterations=16
2025-12-02 14:04:00,717 [I/O dispatcher 2] INFO  marytts.PStream Gradient GV optimization for feature: (21)  number of iterations=16
2025-12-02 14:04:00,717 [I/O dispatcher 1] INFO  marytts.PStream Gradient GV optimization for feature: (22)  number of iterations=21
2025-12-02 14:04:00,718 [I/O dispatcher 2] INFO  marytts.PStream Gradient GV optimization for feature: (22)  number of iterations=21
2025-12-02 14:04:00,718 [I/O dispatcher 1] INFO  marytts.PStream Gradient GV optimization for feature: (23)  number of iterations=22
2025-12-02 14:04:00,718 [I/O dispatcher 1] INFO  marytts.PStream Gradient GV optimization for feature: (24)  number of iterations=14
2025-12-02 14:04:00,718 [I/O dispatcher 2] INFO  marytts.PStream Gradient GV optimization for feature: (23)  number of iterations=22
2025-12-02 14:04:00,719 [I/O dispatcher 1] INFO  marytts.PStream Gradient GV optimization for feature: (25)  number of iterations=12
2025-12-02 14:04:00,719 [I/O dispatcher 2] INFO  marytts.PStream Gradient GV optimization for feature: (24)  number of iterations=14
2025-12-02 14:04:00,719 [I/O dispatcher 1] INFO  marytts.PStream Gradient GV optimization for feature: (26)  number of iterations=14
2025-12-02 14:04:00,719 [I/O dispatcher 2] INFO  marytts.PStream Gradient GV optimization for feature: (25)  number of iterations=12
2025-12-02 14:04:00,720 [I/O dispatcher 2] INFO  marytts.PStream Gradient GV optimization for feature: (26)  number of iterations=14
2025-12-02 14:04:00,720 [I/O dispatcher 1] INFO  marytts.PStream Gradient GV optimization for feature: (27)  number of iterations=15
2025-12-02 14:04:00,720 [I/O dispatcher 2] INFO  marytts.PStream Gradient GV optimization for feature: (27)  number of iterations=15
2025-12-02 14:04:00,720 [I/O dispatcher 1] INFO  marytts.PStream Gradient GV optimization for feature: (28)  number of iterations=8
2025-12-02 14:04:00,721 [I/O dispatcher 2] INFO  marytts.PStream Gradient GV optimization for feature: (28)  number of iterations=8
2025-12-02 14:04:00,721 [I/O dispatcher 1] INFO  marytts.PStream Gradient GV optimization for feature: (29)  number of iterations=17
2025-12-02 14:04:00,721 [I/O dispatcher 1] INFO  marytts.PStream Gradient GV optimization for feature: (30)  number of iterations=12
2025-12-02 14:04:00,721 [I/O dispatcher 2] INFO  marytts.PStream Gradient GV optimization for feature: (29)  number of iterations=17
2025-12-02 14:04:00,722 [I/O dispatcher 1] INFO  marytts.PStream Gradient GV optimization for feature: (31)  number of iterations=13
2025-12-02 14:04:00,722 [I/O dispatcher 2] INFO  marytts.PStream Gradient GV optimization for feature: (30)  number of iterations=12
2025-12-02 14:04:00,722 [I/O dispatcher 1] INFO  marytts.PStream Gradient GV optimization for feature: (32)  number of iterations=10
2025-12-02 14:04:00,722 [I/O dispatcher 2] INFO  marytts.PStream Gradient GV optimization for feature: (31)  number of iterations=13
2025-12-02 14:04:00,722 [I/O dispatcher 2] INFO  marytts.PStream Gradient GV optimization for feature: (32)  number of iterations=10
2025-12-02 14:04:00,722 [I/O dispatcher 1] INFO  marytts.PStream Gradient GV optimization for feature: (33)  number of iterations=16
2025-12-02 14:04:00,723 [I/O dispatcher 2] INFO  marytts.PStream Gradient GV optimization for feature: (33)  number of iterations=16
2025-12-02 14:04:00,723 [I/O dispatcher 1] INFO  marytts.PStream Gradient GV optimization for feature: (34)  number of iterations=28
2025-12-02 14:04:00,723 [I/O dispatcher 1] INFO  marytts.ParameterGeneration Using f0 from maryXML acoustparams
2025-12-02 14:04:00,723 [I/O dispatcher 2] INFO  marytts.PStream Gradient GV optimization for feature: (34)  number of iterations=28
2025-12-02 14:04:00,723 [I/O dispatcher 2] INFO  marytts.ParameterGeneration Using f0 from maryXML acoustparams
2025-12-02 14:04:00,724 [I/O dispatcher 1] INFO  marytts.PStream Context-dependent global variance optimization: gvLength = 831
2025-12-02 14:04:00,724 [I/O dispatcher 2] INFO  marytts.PStream Context-dependent global variance optimization: gvLength = 831
2025-12-02 14:04:00,726 [I/O dispatcher 1] INFO  marytts.PStream    optimization stopped by reaching max number of iterations (no global variance applied)
2025-12-02 14:04:00,726 [I/O dispatcher 1] INFO  marytts.PStream Gradient GV optimization for feature: (0)  number of iterations=101
2025-12-02 14:04:00,726 [I/O dispatcher 1] INFO  marytts.PStream Gradient GV optimization for feature: (1)  number of iterations=20
2025-12-02 14:04:00,727 [I/O dispatcher 2] INFO  marytts.PStream    optimization stopped by reaching max number of iterations (no global variance applied)
2025-12-02 14:04:00,727 [I/O dispatcher 2] INFO  marytts.PStream Gradient GV optimization for feature: (0)  number of iterations=101
2025-12-02 14:04:00,727 [I/O dispatcher 2] INFO  marytts.PStream Gradient GV optimization for feature: (1)  number of iterations=20
2025-12-02 14:04:00,727 [I/O dispatcher 1] INFO  marytts.PStream Gradient GV optimization for feature: (2)  number of iterations=30
2025-12-02 14:04:00,728 [I/O dispatcher 1] INFO  marytts.PStream Gradient GV optimization for feature: (3)  number of iterations=16
2025-12-02 14:04:00,728 [I/O dispatcher 2] INFO  marytts.PStream Gradient GV optimization for feature: (2)  number of iterations=30
2025-12-02 14:04:00,728 [I/O dispatcher 1] INFO  marytts.PStream Gradient GV optimization for feature: (4)  number of iterations=2
2025-12-02 14:04:00,729 [I/O dispatcher 2] INFO  marytts.PStream Gradient GV optimization for feature: (3)  number of iterations=16
2025-12-02 14:04:00,729 [I/O dispatcher 2] INFO  marytts.PStream Gradient GV optimization for feature: (4)  number of iterations=2
2025-12-02 14:04:00,729 [I/O dispatcher 1] INFO  marytts.R 0 Request processed in 1080 ms.
2025-12-02 14:04:00,729 [I/O dispatcher 1] INFO  marytts.R 0    TextToMaryXML took 1 ms
2025-12-02 14:04:00,729 [I/O dispatcher 1] INFO  marytts.R 0    JTokeniser took 6 ms
2025-12-02 14:04:00,729 [I/O dispatcher 1] INFO  marytts.R 0    Preprocess took 29 ms
2025-12-02 14:04:00,734 [I/O dispatcher 1] INFO  marytts.R 0    OpenNLPPosTagger took 32 ms
2025-12-02 14:04:00,735 [I/O dispatcher 1] INFO  marytts.R 0    JPhonemiser took 36 ms
2025-12-02 14:04:00,735 [I/O dispatcher 1] INFO  marytts.R 0    Prosody took 49 ms
2025-12-02 14:04:00,735 [I/O dispatcher 1] INFO  marytts.R 0    PronunciationModel took 6 ms
2025-12-02 14:04:00,735 [I/O dispatcher 1] INFO  marytts.R 0    AcousticModeller took 311 ms
2025-12-02 14:04:00,735 [I/O dispatcher 1] INFO  marytts.R 0    Synthesis took 604 ms
2025-12-02 14:04:00,737 [I/O dispatcher 2] INFO  marytts.R 1 Request processed in 1088 ms.
2025-12-02 14:04:00,738 [I/O dispatcher 2] INFO  marytts.R 1    TextToMaryXML took 1 ms
2025-12-02 14:04:00,738 [I/O dispatcher 2] INFO  marytts.R 1    JTokeniser took 8 ms
2025-12-02 14:04:00,738 [I/O dispatcher 2] INFO  marytts.R 1    Preprocess took 28 ms
2025-12-02 14:04:00,738 [I/O dispatcher 2] INFO  marytts.R 1    OpenNLPPosTagger took 35 ms
2025-12-02 14:04:00,738 [I/O dispatcher 2] INFO  marytts.R 1    JPhonemiser took 33 ms
2025-12-02 14:04:00,738 [I/O dispatcher 2] INFO  marytts.R 1    Prosody took 49 ms
2025-12-02 14:04:00,738 [I/O dispatcher 2] INFO  marytts.R 1    PronunciationModel took 4 ms
2025-12-02 14:04:00,738 [I/O dispatcher 2] INFO  marytts.R 1    AcousticModeller took 312 ms
2025-12-02 14:04:00,738 [I/O dispatcher 2] INFO  marytts.R 1    Synthesis took 616 ms
2025-12-02 14:04:06,164 [I/O dispatcher 2] INFO  marytts.server Request handled successfully.
2025-12-02 14:04:06,176 [I/O dispatcher 1] INFO  marytts.server Request handled successfully.
2025-12-02 14:04:16,233 [I/O dispatcher 2] INFO  marytts.server Connection closed: [closed]
2025-12-02 14:04:16,233 [I/O dispatcher 1] INFO  marytts.server Connection closed: [closed]
2025-12-02 14:06:43,953 [I/O dispatcher 3] INFO  marytts.server Connection from null
2025-12-02 14:06:43,953 [I/O dispatcher 3] INFO  marytts.R 2 New request (input type "TEXT", output type "AUDIO", voice "cmu-slt-hsmm", effect "", audio "WAVE")
2025-12-02 14:06:43,953 [I/O dispatcher 3] INFO  marytts.server Read: Cristiano Ronaldo is a Portuguese professional footballer widely regarded as one of the greatest players of all time. 
He is known for his exceptional goal-scoring ability, incredible athleticism, and numerous individual and team awards.
Ronaldo has played for top clubs like Manchester United, Real Madrid, and Juventus, and currently plays for Al Nassr, while also captaining the Portuguese national team.

2025-12-02 14:06:43,953 [I/O dispatcher 3] INFO  marytts.R 2 Handling request using the following modules:
2025-12-02 14:06:43,953 [I/O dispatcher 3] INFO  marytts.R 2 - TextToMaryXML (marytts.modules.TextToMaryXML)
2025-12-02 14:06:43,953 [I/O dispatcher 3] INFO  marytts.R 2 Next module: TextToMaryXML
2025-12-02 14:06:43,954 [I/O dispatcher 3] INFO  marytts.R 2 Handling request using the following modules:
2025-12-02 14:06:43,954 [I/O dispatcher 3] INFO  marytts.R 2 - JTokeniser (marytts.language.en.JTokeniser)
2025-12-02 14:06:43,954 [I/O dispatcher 3] INFO  marytts.R 2 - Preprocess (marytts.language.en.Preprocess)
2025-12-02 14:06:43,954 [I/O dispatcher 3] INFO  marytts.R 2 - OpenNLPPosTagger (marytts.modules.OpenNLPPosTagger)
2025-12-02 14:06:43,954 [I/O dispatcher 3] INFO  marytts.R 2 - JPhonemiser (marytts.modules.JPhonemiser)
2025-12-02 14:06:43,954 [I/O dispatcher 3] INFO  marytts.R 2 - Prosody (marytts.language.en.Prosody)
2025-12-02 14:06:43,954 [I/O dispatcher 3] INFO  marytts.R 2 - PronunciationModel (marytts.language.en.PronunciationModel)
2025-12-02 14:06:43,954 [I/O dispatcher 3] INFO  marytts.R 2 - AcousticModeller (marytts.modules.AcousticModeller)
2025-12-02 14:06:43,954 [I/O dispatcher 3] INFO  marytts.R 2 - Synthesis (marytts.modules.Synthesis)
2025-12-02 14:06:43,954 [I/O dispatcher 3] INFO  marytts.R 2 Next module: JTokeniser
2025-12-02 14:06:43,955 [I/O dispatcher 3] INFO  marytts.R 2 Next module: Preprocess
2025-12-02 14:06:43,959 [I/O dispatcher 3] INFO  marytts.R 2 Next module: OpenNLPPosTagger
2025-12-02 14:06:43,963 [I/O dispatcher 3] INFO  marytts.R 2 Next module: JPhonemiser
2025-12-02 14:06:43,967 [I/O dispatcher 3] INFO  marytts.R 2 Next module: Prosody
2025-12-02 14:06:43,971 [I/O dispatcher 3] INFO  marytts.R 2 Next module: PronunciationModel
2025-12-02 14:06:43,972 [I/O dispatcher 3] INFO  marytts.R 2 Next module: AcousticModeller
2025-12-02 14:06:44,006 [I/O dispatcher 3] INFO  marytts.ParameterGeneration Parameter generation for LF0: 
2025-12-02 14:06:44,006 [I/O dispatcher 3] INFO  marytts.PStream Context-dependent global variance optimization: gvLength = 3636
2025-12-02 14:06:44,011 [I/O dispatcher 3] INFO  marytts.PStream Gradient GV optimization for feature: (0)  number of iterations=69
2025-12-02 14:06:44,025 [I/O dispatcher 3] INFO  marytts.R 2 Next module: Synthesis
2025-12-02 14:06:44,025 [I/O dispatcher 3] INFO  marytts.HMMSynthesizer Synthesizing one sentence.
2025-12-02 14:06:44,026 [I/O dispatcher 3] INFO  marytts.HTSEngine Using prosody from acoustparams.
2025-12-02 14:06:44,027 [I/O dispatcher 3] INFO  marytts.HTSEngine Number of models in sentence numModel=86  Total number of states numState=430
2025-12-02 14:06:44,027 [I/O dispatcher 3] INFO  marytts.HTSEngine Total number of frames=1475  Number of voiced frames=1046
2025-12-02 14:06:44,029 [I/O dispatcher 3] INFO  marytts.ParameterGeneration Parameter generation for MGC: 
2025-12-02 14:06:44,030 [I/O dispatcher 3] INFO  marytts.PStream Context-dependent global variance optimization: gvLength = 1396
2025-12-02 14:06:44,033 [I/O dispatcher 3] INFO  marytts.PStream Gradient GV optimization for feature: (0)  number of iterations=64
2025-12-02 14:06:44,033 [I/O dispatcher 3] INFO  marytts.PStream Gradient GV optimization for feature: (1)  number of iterations=2
2025-12-02 14:06:44,034 [I/O dispatcher 3] INFO  marytts.PStream Gradient GV optimization for feature: (2)  number of iterations=24
2025-12-02 14:06:44,035 [I/O dispatcher 3] INFO  marytts.PStream Gradient GV optimization for feature: (3)  number of iterations=5
2025-12-02 14:06:44,035 [I/O dispatcher 3] INFO  marytts.PStream Gradient GV optimization for feature: (4)  number of iterations=6
2025-12-02 14:06:44,036 [I/O dispatcher 3] INFO  marytts.PStream Gradient GV optimization for feature: (5)  number of iterations=24
2025-12-02 14:06:44,036 [I/O dispatcher 3] INFO  marytts.PStream Gradient GV optimization for feature: (6)  number of iterations=1
2025-12-02 14:06:44,037 [I/O dispatcher 3] INFO  marytts.PStream Gradient GV optimization for feature: (7)  number of iterations=6
2025-12-02 14:06:44,037 [I/O dispatcher 3] INFO  marytts.PStream Gradient GV optimization for feature: (8)  number of iterations=3
2025-12-02 14:06:44,038 [I/O dispatcher 3] INFO  marytts.PStream Gradient GV optimization for feature: (9)  number of iterations=25
2025-12-02 14:06:44,039 [I/O dispatcher 3] INFO  marytts.PStream Gradient GV optimization for feature: (10)  number of iterations=17
2025-12-02 14:06:44,039 [I/O dispatcher 3] INFO  marytts.PStream Gradient GV optimization for feature: (11)  number of iterations=19
2025-12-02 14:06:44,041 [I/O dispatcher 3] INFO  marytts.PStream Gradient GV optimization for feature: (12)  number of iterations=20
2025-12-02 14:06:44,042 [I/O dispatcher 3] INFO  marytts.PStream Gradient GV optimization for feature: (13)  number of iterations=19
2025-12-02 14:06:44,043 [I/O dispatcher 3] INFO  marytts.PStream Gradient GV optimization for feature: (14)  number of iterations=19
2025-12-02 14:06:44,044 [I/O dispatcher 3] INFO  marytts.PStream Gradient GV optimization for feature: (15)  number of iterations=17
2025-12-02 14:06:44,045 [I/O dispatcher 3] INFO  marytts.PStream Gradient GV optimization for feature: (16)  number of iterations=26
2025-12-02 14:06:44,046 [I/O dispatcher 3] INFO  marytts.PStream Gradient GV optimization for feature: (17)  number of iterations=25
2025-12-02 14:06:44,048 [I/O dispatcher 3] INFO  marytts.PStream Gradient GV optimization for feature: (18)  number of iterations=25
2025-12-02 14:06:44,049 [I/O dispatcher 3] INFO  marytts.PStream Gradient GV optimization for feature: (19)  number of iterations=32
2025-12-02 14:06:44,050 [I/O dispatcher 3] INFO  marytts.PStream Gradient GV optimization for feature: (20)  number of iterations=17
2025-12-02 14:06:44,050 [I/O dispatcher 3] INFO  marytts.PStream Gradient GV optimization for feature: (21)  number of iterations=19
2025-12-02 14:06:44,051 [I/O dispatcher 3] INFO  marytts.PStream Gradient GV optimization for feature: (22)  number of iterations=20
2025-12-02 14:06:44,052 [I/O dispatcher 3] INFO  marytts.PStream Gradient GV optimization for feature: (23)  number of iterations=18
2025-12-02 14:06:44,052 [I/O dispatcher 3] INFO  marytts.PStream Gradient GV optimization for feature: (24)  number of iterations=12
2025-12-02 14:06:44,053 [I/O dispatcher 3] INFO  marytts.PStream Gradient GV optimization for feature: (25)  number of iterations=14
2025-12-02 14:06:44,054 [I/O dispatcher 3] INFO  marytts.PStream Gradient GV optimization for feature: (26)  number of iterations=13
2025-12-02 14:06:44,055 [I/O dispatcher 3] INFO  marytts.PStream Gradient GV optimization for feature: (27)  number of iterations=12
2025-12-02 14:06:44,056 [I/O dispatcher 3] INFO  marytts.PStream Gradient GV optimization for feature: (28)  number of iterations=10
2025-12-02 14:06:44,057 [I/O dispatcher 3] INFO  marytts.PStream Gradient GV optimization for feature: (29)  number of iterations=14
2025-12-02 14:06:44,057 [I/O dispatcher 3] INFO  marytts.PStream Gradient GV optimization for feature: (30)  number of iterations=13
2025-12-02 14:06:44,058 [I/O dispatcher 3] INFO  marytts.PStream Gradient GV optimization for feature: (31)  number of iterations=16
2025-12-02 14:06:44,059 [I/O dispatcher 3] INFO  marytts.PStream Gradient GV optimization for feature: (32)  number of iterations=11
2025-12-02 14:06:44,060 [I/O dispatcher 3] INFO  marytts.PStream Gradient GV optimization for feature: (33)  number of iterations=8
2025-12-02 14:06:44,060 [I/O dispatcher 3] INFO  marytts.PStream Gradient GV optimization for feature: (34)  number of iterations=11
2025-12-02 14:06:44,060 [I/O dispatcher 3] INFO  marytts.ParameterGeneration Using f0 from maryXML acoustparams
2025-12-02 14:06:44,062 [I/O dispatcher 3] INFO  marytts.PStream Context-dependent global variance optimization: gvLength = 1396
2025-12-02 14:06:44,066 [I/O dispatcher 3] INFO  marytts.PStream Gradient GV optimization for feature: (0)  number of iterations=87
2025-12-02 14:06:44,067 [I/O dispatcher 3] INFO  marytts.PStream Gradient GV optimization for feature: (1)  number of iterations=20
2025-12-02 14:06:44,068 [I/O dispatcher 3] INFO  marytts.PStream Gradient GV optimization for feature: (2)  number of iterations=19
2025-12-02 14:06:44,068 [I/O dispatcher 3] INFO  marytts.PStream Gradient GV optimization for feature: (3)  number of iterations=8
2025-12-02 14:06:44,069 [I/O dispatcher 3] INFO  marytts.PStream Gradient GV optimization for feature: (4)  number of iterations=9
2025-12-02 14:06:44,069 [I/O dispatcher 3] INFO  marytts.HMMSynthesizer Synthesizing one sentence.
2025-12-02 14:06:44,069 [I/O dispatcher 3] INFO  marytts.HTSEngine Using prosody from acoustparams.
2025-12-02 14:06:44,070 [I/O dispatcher 3] INFO  marytts.HTSEngine Number of models in sentence numModel=95  Total number of states numState=475
2025-12-02 14:06:44,070 [I/O dispatcher 3] INFO  marytts.HTSEngine Total number of frames=1630  Number of voiced frames=1068
2025-12-02 14:06:44,077 [I/O dispatcher 3] INFO  marytts.ParameterGeneration Parameter generation for MGC: 
2025-12-02 14:06:44,077 [I/O dispatcher 3] INFO  marytts.PStream Context-dependent global variance optimization: gvLength = 1391
2025-12-02 14:06:44,079 [I/O dispatcher 3] INFO  marytts.PStream Gradient GV optimization for feature: (0)  number of iterations=53
2025-12-02 14:06:44,080 [I/O dispatcher 3] INFO  marytts.PStream Gradient GV optimization for feature: (1)  number of iterations=4
2025-12-02 14:06:44,080 [I/O dispatcher 3] INFO  marytts.PStream Gradient GV optimization for feature: (2)  number of iterations=6
2025-12-02 14:06:44,081 [I/O dispatcher 3] INFO  marytts.PStream Gradient GV optimization for feature: (3)  number of iterations=7
2025-12-02 14:06:44,081 [I/O dispatcher 3] INFO  marytts.PStream Gradient GV optimization for feature: (4)  number of iterations=2
2025-12-02 14:06:44,081 [I/O dispatcher 3] INFO  marytts.PStream Gradient GV optimization for feature: (5)  number of iterations=8
2025-12-02 14:06:44,082 [I/O dispatcher 3] INFO  marytts.PStream Gradient GV optimization for feature: (6)  number of iterations=2
2025-12-02 14:06:44,082 [I/O dispatcher 3] INFO  marytts.PStream Gradient GV optimization for feature: (7)  number of iterations=5
2025-12-02 14:06:44,083 [I/O dispatcher 3] INFO  marytts.PStream Gradient GV optimization for feature: (8)  number of iterations=19
2025-12-02 14:06:44,084 [I/O dispatcher 3] INFO  marytts.PStream Gradient GV optimization for feature: (9)  number of iterations=20
2025-12-02 14:06:44,085 [I/O dispatcher 3] INFO  marytts.PStream Gradient GV optimization for feature: (10)  number of iterations=20
2025-12-02 14:06:44,086 [I/O dispatcher 3] INFO  marytts.PStream Gradient GV optimization for feature: (11)  number of iterations=17
2025-12-02 14:06:44,087 [I/O dispatcher 3] INFO  marytts.PStream Gradient GV optimization for feature: (12)  number of iterations=19
2025-12-02 14:06:44,088 [I/O dispatcher 3] INFO  marytts.PStream Gradient GV optimization for feature: (13)  number of iterations=29
2025-12-02 14:06:44,089 [I/O dispatcher 3] INFO  marytts.PStream Gradient GV optimization for feature: (14)  number of iterations=25
2025-12-02 14:06:44,090 [I/O dispatcher 3] INFO  marytts.PStream Gradient GV optimization for feature: (15)  number of iterations=24
2025-12-02 14:06:44,090 [I/O dispatcher 3] INFO  marytts.PStream Gradient GV optimization for feature: (16)  number of iterations=18
2025-12-02 14:06:44,091 [I/O dispatcher 3] INFO  marytts.PStream Gradient GV optimization for feature: (17)  number of iterations=18
2025-12-02 14:06:44,092 [I/O dispatcher 3] INFO  marytts.PStream Gradient GV optimization for feature: (18)  number of iterations=19
2025-12-02 14:06:44,094 [I/O dispatcher 3] INFO  marytts.PStream Gradient GV optimization for feature: (19)  number of iterations=24
2025-12-02 14:06:44,095 [I/O dispatcher 3] INFO  marytts.PStream Gradient GV optimization for feature: (20)  number of iterations=18
2025-12-02 14:06:44,096 [I/O dispatcher 3] INFO  marytts.PStream Gradient GV optimization for feature: (21)  number of iterations=19
2025-12-02 14:06:44,097 [I/O dispatcher 3] INFO  marytts.PStream Gradient GV optimization for feature: (22)  number of iterations=20
2025-12-02 14:06:44,098 [I/O dispatcher 3] INFO  marytts.PStream Gradient GV optimization for feature: (23)  number of iterations=23
2025-12-02 14:06:44,098 [I/O dispatcher 3] INFO  marytts.PStream Gradient GV optimization for feature: (24)  number of iterations=10
2025-12-02 14:06:44,099 [I/O dispatcher 3] INFO  marytts.PStream Gradient GV optimization for feature: (25)  number of iterations=11
2025-12-02 14:06:44,100 [I/O dispatcher 3] INFO  marytts.PStream Gradient GV optimization for feature: (26)  number of iterations=20
2025-12-02 14:06:44,101 [I/O dispatcher 3] INFO  marytts.PStream Gradient GV optimization for feature: (27)  number of iterations=15
2025-12-02 14:06:44,102 [I/O dispatcher 3] INFO  marytts.PStream Gradient GV optimization for feature: (28)  number of iterations=16
2025-12-02 14:06:44,103 [I/O dispatcher 3] INFO  marytts.PStream Gradient GV optimization for feature: (29)  number of iterations=16
2025-12-02 14:06:44,104 [I/O dispatcher 3] INFO  marytts.PStream Gradient GV optimization for feature: (30)  number of iterations=14
2025-12-02 14:06:44,105 [I/O dispatcher 3] INFO  marytts.PStream Gradient GV optimization for feature: (31)  number of iterations=13
2025-12-02 14:06:44,105 [I/O dispatcher 3] INFO  marytts.PStream Gradient GV optimization for feature: (32)  number of iterations=9
2025-12-02 14:06:44,106 [I/O dispatcher 3] INFO  marytts.PStream Gradient GV optimization for feature: (33)  number of iterations=10
2025-12-02 14:06:44,107 [I/O dispatcher 3] INFO  marytts.PStream Gradient GV optimization for feature: (34)  number of iterations=16
2025-12-02 14:06:44,107 [I/O dispatcher 3] INFO  marytts.ParameterGeneration Using f0 from maryXML acoustparams
2025-12-02 14:06:44,108 [I/O dispatcher 3] INFO  marytts.PStream Context-dependent global variance optimization: gvLength = 1391
2025-12-02 14:06:44,109 [I/O dispatcher 3] INFO  marytts.PStream Gradient GV optimization for feature: (0)  number of iterations=12
2025-12-02 14:06:44,109 [I/O dispatcher 3] INFO  marytts.PStream Gradient GV optimization for feature: (1)  number of iterations=12
2025-12-02 14:06:44,110 [I/O dispatcher 3] INFO  marytts.PStream Gradient GV optimization for feature: (2)  number of iterations=14
2025-12-02 14:06:44,110 [I/O dispatcher 3] INFO  marytts.PStream Gradient GV optimization for feature: (3)  number of iterations=4
2025-12-02 14:06:44,111 [I/O dispatcher 3] INFO  marytts.PStream Gradient GV optimization for feature: (4)  number of iterations=16
2025-12-02 14:06:44,114 [I/O dispatcher 3] INFO  marytts.HMMSynthesizer Synthesizing one sentence.
2025-12-02 14:06:44,116 [I/O dispatcher 3] INFO  marytts.HTSEngine Using prosody from acoustparams.
2025-12-02 14:06:44,117 [I/O dispatcher 3] INFO  marytts.HTSEngine Number of models in sentence numModel=126  Total number of states numState=630
2025-12-02 14:06:44,118 [I/O dispatcher 3] INFO  marytts.HTSEngine Total number of frames=2478  Number of voiced frames=1519
2025-12-02 14:06:44,120 [I/O dispatcher 3] INFO  marytts.ParameterGeneration Parameter generation for MGC: 
2025-12-02 14:06:44,120 [I/O dispatcher 3] INFO  marytts.PStream Context-dependent global variance optimization: gvLength = 2082
2025-12-02 14:06:44,123 [I/O dispatcher 3] INFO  marytts.PStream Gradient GV optimization for feature: (0)  number of iterations=52
2025-12-02 14:06:44,123 [I/O dispatcher 3] INFO  marytts.PStream Gradient GV optimization for feature: (1)  number of iterations=2
2025-12-02 14:06:44,124 [I/O dispatcher 3] INFO  marytts.PStream Gradient GV optimization for feature: (2)  number of iterations=3
2025-12-02 14:06:44,125 [I/O dispatcher 3] INFO  marytts.PStream Gradient GV optimization for feature: (3)  number of iterations=21
2025-12-02 14:06:44,125 [I/O dispatcher 3] INFO  marytts.PStream Gradient GV optimization for feature: (4)  number of iterations=7
2025-12-02 14:06:44,125 [I/O dispatcher 3] INFO  marytts.PStream Gradient GV optimization for feature: (5)  number of iterations=2
2025-12-02 14:06:44,126 [I/O dispatcher 3] INFO  marytts.PStream Gradient GV optimization for feature: (6)  number of iterations=2
2025-12-02 14:06:44,127 [I/O dispatcher 3] INFO  marytts.PStream Gradient GV optimization for feature: (7)  number of iterations=21
2025-12-02 14:06:44,128 [I/O dispatcher 3] INFO  marytts.PStream Gradient GV optimization for feature: (8)  number of iterations=20
2025-12-02 14:06:44,129 [I/O dispatcher 3] INFO  marytts.PStream Gradient GV optimization for feature: (9)  number of iterations=21
2025-12-02 14:06:44,130 [I/O dispatcher 3] INFO  marytts.PStream Gradient GV optimization for feature: (10)  number of iterations=17
2025-12-02 14:06:44,131 [I/O dispatcher 3] INFO  marytts.PStream Gradient GV optimization for feature: (11)  number of iterations=17
2025-12-02 14:06:44,132 [I/O dispatcher 3] INFO  marytts.PStream Gradient GV optimization for feature: (12)  number of iterations=17
2025-12-02 14:06:44,134 [I/O dispatcher 3] INFO  marytts.PStream Gradient GV optimization for feature: (13)  number of iterations=20
2025-12-02 14:06:44,135 [I/O dispatcher 3] INFO  marytts.PStream Gradient GV optimization for feature: (14)  number of iterations=19
2025-12-02 14:06:44,136 [I/O dispatcher 3] INFO  marytts.PStream Gradient GV optimization for feature: (15)  number of iterations=26
2025-12-02 14:06:44,137 [I/O dispatcher 3] INFO  marytts.PStream Gradient GV optimization for feature: (16)  number of iterations=18
2025-12-02 14:06:44,139 [I/O dispatcher 3] INFO  marytts.PStream Gradient GV optimization for feature: (17)  number of iterations=20
2025-12-02 14:06:44,140 [I/O dispatcher 3] INFO  marytts.PStream Gradient GV optimization for feature: (18)  number of iterations=17
2025-12-02 14:06:44,141 [I/O dispatcher 3] INFO  marytts.PStream Gradient GV optimization for feature: (19)  number of iterations=14
2025-12-02 14:06:44,145 [I/O dispatcher 3] INFO  marytts.PStream Gradient GV optimization for feature: (20)  number of iterations=17
2025-12-02 14:06:44,147 [I/O dispatcher 3] INFO  marytts.PStream Gradient GV optimization for feature: (21)  number of iterations=17
2025-12-02 14:06:44,149 [I/O dispatcher 3] INFO  marytts.PStream Gradient GV optimization for feature: (22)  number of iterations=20
2025-12-02 14:06:44,150 [I/O dispatcher 3] INFO  marytts.PStream Gradient GV optimization for feature: (23)  number of iterations=14
2025-12-02 14:06:44,152 [I/O dispatcher 3] INFO  marytts.PStream Gradient GV optimization for feature: (24)  number of iterations=10
2025-12-02 14:06:44,153 [I/O dispatcher 3] INFO  marytts.PStream Gradient GV optimization for feature: (25)  number of iterations=11
2025-12-02 14:06:44,155 [I/O dispatcher 3] INFO  marytts.PStream Gradient GV optimization for feature: (26)  number of iterations=12
2025-12-02 14:06:44,156 [I/O dispatcher 3] INFO  marytts.PStream Gradient GV optimization for feature: (27)  number of iterations=13
2025-12-02 14:06:44,157 [I/O dispatcher 3] INFO  marytts.PStream Gradient GV optimization for feature: (28)  number of iterations=14
2025-12-02 14:06:44,158 [I/O dispatcher 3] INFO  marytts.PStream Gradient GV optimization for feature: (29)  number of iterations=15
2025-12-02 14:06:44,158 [I/O dispatcher 3] INFO  marytts.PStream Gradient GV optimization for feature: (30)  number of iterations=13
2025-12-02 14:06:44,159 [I/O dispatcher 3] INFO  marytts.PStream Gradient GV optimization for feature: (31)  number of iterations=13
2025-12-02 14:06:44,160 [I/O dispatcher 3] INFO  marytts.PStream Gradient GV optimization for feature: (32)  number of iterations=8
2025-12-02 14:06:44,160 [I/O dispatcher 3] INFO  marytts.PStream Gradient GV optimization for feature: (33)  number of iterations=8
2025-12-02 14:06:44,161 [I/O dispatcher 3] INFO  marytts.PStream Gradient GV optimization for feature: (34)  number of iterations=24
2025-12-02 14:06:44,161 [I/O dispatcher 3] INFO  marytts.ParameterGeneration Using f0 from maryXML acoustparams
2025-12-02 14:06:44,163 [I/O dispatcher 3] INFO  marytts.PStream Context-dependent global variance optimization: gvLength = 2082
2025-12-02 14:06:44,167 [I/O dispatcher 3] INFO  marytts.PStream Gradient GV optimization for feature: (0)  number of iterations=100
2025-12-02 14:06:44,167 [I/O dispatcher 3] INFO  marytts.PStream Gradient GV optimization for feature: (1)  number of iterations=6
2025-12-02 14:06:44,168 [I/O dispatcher 3] INFO  marytts.PStream Gradient GV optimization for feature: (2)  number of iterations=18
2025-12-02 14:06:44,169 [I/O dispatcher 3] INFO  marytts.PStream Gradient GV optimization for feature: (3)  number of iterations=4
2025-12-02 14:06:44,169 [I/O dispatcher 3] INFO  marytts.PStream Gradient GV optimization for feature: (4)  number of iterations=12
2025-12-02 14:06:44,170 [I/O dispatcher 3] INFO  marytts.R 2 Request processed in 217 ms.
2025-12-02 14:06:44,170 [I/O dispatcher 3] INFO  marytts.R 2    TextToMaryXML took 1 ms
2025-12-02 14:06:44,170 [I/O dispatcher 3] INFO  marytts.R 2    JTokeniser took 1 ms
2025-12-02 14:06:44,170 [I/O dispatcher 3] INFO  marytts.R 2    Preprocess took 4 ms
2025-12-02 14:06:44,170 [I/O dispatcher 3] INFO  marytts.R 2    OpenNLPPosTagger took 4 ms
2025-12-02 14:06:44,170 [I/O dispatcher 3] INFO  marytts.R 2    JPhonemiser took 4 ms
2025-12-02 14:06:44,170 [I/O dispatcher 3] INFO  marytts.R 2    Prosody took 4 ms
2025-12-02 14:06:44,170 [I/O dispatcher 3] INFO  marytts.R 2    PronunciationModel took 1 ms
2025-12-02 14:06:44,170 [I/O dispatcher 3] INFO  marytts.R 2    AcousticModeller took 53 ms
2025-12-02 14:06:44,170 [I/O dispatcher 3] INFO  marytts.R 2    Synthesis took 145 ms
2025-12-02 14:06:46,452 [I/O dispatcher 3] INFO  marytts.server Request handled successfully.
2025-12-02 14:06:51,492 [I/O dispatcher 3] INFO  marytts.server Connection closed: [closed]
2025-12-02 14:25:07,503 [I/O dispatcher 4] INFO  marytts.server Connection from null
2025-12-02 14:25:07,504 [I/O dispatcher 4] INFO  marytts.R 3 New request (input type "TEXT", output type "AUDIO", voice "cmu-slt-hsmm", effect "", audio "WAVE")
2025-12-02 14:25:07,504 [I/O dispatcher 4] INFO  marytts.server Read: Lionel Messi is an Argentinian professional footballer widely regarded as one of the greatest players of all time.
He has won a record seven Ballon d'Or awards and numerous titles with FC Barcelona and Paris Saint-Germain.
Known for his exceptional dribbling, goal-scoring ability, and playmaking skills, Messi has left an indelible mark on the sport.

2025-12-02 14:25:07,504 [I/O dispatcher 4] INFO  marytts.R 3 Handling request using the following modules:
2025-12-02 14:25:07,504 [I/O dispatcher 4] INFO  marytts.R 3 - TextToMaryXML (marytts.modules.TextToMaryXML)
2025-12-02 14:25:07,504 [I/O dispatcher 4] INFO  marytts.R 3 Next module: TextToMaryXML
2025-12-02 14:25:07,505 [I/O dispatcher 4] INFO  marytts.R 3 Handling request using the following modules:
2025-12-02 14:25:07,505 [I/O dispatcher 4] INFO  marytts.R 3 - JTokeniser (marytts.language.en.JTokeniser)
2025-12-02 14:25:07,505 [I/O dispatcher 4] INFO  marytts.R 3 - Preprocess (marytts.language.en.Preprocess)
2025-12-02 14:25:07,505 [I/O dispatcher 4] INFO  marytts.R 3 - OpenNLPPosTagger (marytts.modules.OpenNLPPosTagger)
2025-12-02 14:25:07,505 [I/O dispatcher 4] INFO  marytts.R 3 - JPhonemiser (marytts.modules.JPhonemiser)
2025-12-02 14:25:07,505 [I/O dispatcher 4] INFO  marytts.R 3 - Prosody (marytts.language.en.Prosody)
2025-12-02 14:25:07,505 [I/O dispatcher 4] INFO  marytts.R 3 - PronunciationModel (marytts.language.en.PronunciationModel)
2025-12-02 14:25:07,505 [I/O dispatcher 4] INFO  marytts.R 3 - AcousticModeller (marytts.modules.AcousticModeller)
2025-12-02 14:25:07,505 [I/O dispatcher 4] INFO  marytts.R 3 - Synthesis (marytts.modules.Synthesis)
2025-12-02 14:25:07,505 [I/O dispatcher 4] INFO  marytts.R 3 Next module: JTokeniser
2025-12-02 14:25:07,506 [I/O dispatcher 4] INFO  marytts.R 3 Next module: Preprocess
2025-12-02 14:25:07,520 [I/O dispatcher 4] INFO  marytts.R 3 Next module: OpenNLPPosTagger
2025-12-02 14:25:07,522 [I/O dispatcher 4] INFO  marytts.R 3 Next module: JPhonemiser
2025-12-02 14:25:07,525 [I/O dispatcher 4] INFO  marytts.R 3 Next module: Prosody
2025-12-02 14:25:07,527 [I/O dispatcher 4] INFO  marytts.R 3 Next module: PronunciationModel
2025-12-02 14:25:07,528 [I/O dispatcher 4] INFO  marytts.R 3 Next module: AcousticModeller
2025-12-02 14:25:07,551 [I/O dispatcher 4] INFO  marytts.ParameterGeneration Parameter generation for LF0: 
2025-12-02 14:25:07,551 [I/O dispatcher 4] INFO  marytts.PStream Context-dependent global variance optimization: gvLength = 2995
2025-12-02 14:25:07,557 [I/O dispatcher 4] INFO  marytts.PStream Gradient GV optimization for feature: (0)  number of iterations=100
2025-12-02 14:25:07,565 [I/O dispatcher 4] INFO  marytts.R 3 Next module: Synthesis
2025-12-02 14:25:07,565 [I/O dispatcher 4] INFO  marytts.HMMSynthesizer Synthesizing one sentence.
2025-12-02 14:25:07,565 [I/O dispatcher 4] INFO  marytts.HTSEngine Using prosody from acoustparams.
2025-12-02 14:25:07,566 [I/O dispatcher 4] INFO  marytts.HTSEngine Number of models in sentence numModel=84  Total number of states numState=420
2025-12-02 14:25:07,566 [I/O dispatcher 4] INFO  marytts.HTSEngine Total number of frames=1351  Number of voiced frames=998
2025-12-02 14:25:07,567 [I/O dispatcher 4] INFO  marytts.ParameterGeneration Parameter generation for MGC: 
2025-12-02 14:25:07,567 [I/O dispatcher 4] INFO  marytts.PStream Context-dependent global variance optimization: gvLength = 1272
2025-12-02 14:25:07,568 [I/O dispatcher 4] INFO  marytts.PStream Gradient GV optimization for feature: (0)  number of iterations=23
2025-12-02 14:25:07,569 [I/O dispatcher 4] INFO  marytts.PStream Gradient GV optimization for feature: (1)  number of iterations=25
2025-12-02 14:25:07,569 [I/O dispatcher 4] INFO  marytts.PStream Gradient GV optimization for feature: (2)  number of iterations=25
2025-12-02 14:25:07,569 [I/O dispatcher 4] INFO  marytts.PStream Gradient GV optimization for feature: (3)  number of iterations=4
2025-12-02 14:25:07,570 [I/O dispatcher 4] INFO  marytts.PStream Gradient GV optimization for feature: (4)  number of iterations=5
2025-12-02 14:25:07,570 [I/O dispatcher 4] INFO  marytts.PStream Gradient GV optimization for feature: (5)  number of iterations=24
2025-12-02 14:25:07,570 [I/O dispatcher 4] INFO  marytts.PStream Gradient GV optimization for feature: (6)  number of iterations=2
2025-12-02 14:25:07,570 [I/O dispatcher 4] INFO  marytts.PStream Gradient GV optimization for feature: (7)  number of iterations=21
2025-12-02 14:25:07,571 [I/O dispatcher 4] INFO  marytts.PStream Gradient GV optimization for feature: (8)  number of iterations=5
2025-12-02 14:25:07,571 [I/O dispatcher 4] INFO  marytts.PStream Gradient GV optimization for feature: (9)  number of iterations=25
2025-12-02 14:25:07,572 [I/O dispatcher 4] INFO  marytts.PStream Gradient GV optimization for feature: (10)  number of iterations=18
2025-12-02 14:25:07,573 [I/O dispatcher 4] INFO  marytts.PStream Gradient GV optimization for feature: (11)  number of iterations=19
2025-12-02 14:25:07,573 [I/O dispatcher 4] INFO  marytts.PStream Gradient GV optimization for feature: (12)  number of iterations=18
2025-12-02 14:25:07,574 [I/O dispatcher 4] INFO  marytts.PStream Gradient GV optimization for feature: (13)  number of iterations=24
2025-12-02 14:25:07,575 [I/O dispatcher 4] INFO  marytts.PStream Gradient GV optimization for feature: (14)  number of iterations=19
2025-12-02 14:25:07,577 [I/O dispatcher 4] INFO  marytts.PStream Gradient GV optimization for feature: (15)  number of iterations=40
2025-12-02 14:25:07,577 [I/O dispatcher 4] INFO  marytts.PStream Gradient GV optimization for feature: (16)  number of iterations=19
2025-12-02 14:25:07,578 [I/O dispatcher 4] INFO  marytts.PStream Gradient GV optimization for feature: (17)  number of iterations=18
2025-12-02 14:25:07,579 [I/O dispatcher 4] INFO  marytts.PStream Gradient GV optimization for feature: (18)  number of iterations=17
2025-12-02 14:25:07,579 [I/O dispatcher 4] INFO  marytts.PStream Gradient GV optimization for feature: (19)  number of iterations=18
2025-12-02 14:25:07,581 [I/O dispatcher 4] INFO  marytts.PStream Gradient GV optimization for feature: (20)  number of iterations=23
2025-12-02 14:25:07,581 [I/O dispatcher 4] INFO  marytts.PStream Gradient GV optimization for feature: (21)  number of iterations=18
2025-12-02 14:25:07,582 [I/O dispatcher 4] INFO  marytts.PStream Gradient GV optimization for feature: (22)  number of iterations=20
2025-12-02 14:25:07,582 [I/O dispatcher 4] INFO  marytts.PStream Gradient GV optimization for feature: (23)  number of iterations=16
2025-12-02 14:25:07,583 [I/O dispatcher 4] INFO  marytts.PStream Gradient GV optimization for feature: (24)  number of iterations=14
2025-12-02 14:25:07,583 [I/O dispatcher 4] INFO  marytts.PStream Gradient GV optimization for feature: (25)  number of iterations=14
2025-12-02 14:25:07,584 [I/O dispatcher 4] INFO  marytts.PStream Gradient GV optimization for feature: (26)  number of iterations=12
2025-12-02 14:25:07,585 [I/O dispatcher 4] INFO  marytts.PStream Gradient GV optimization for feature: (27)  number of iterations=21
2025-12-02 14:25:07,585 [I/O dispatcher 4] INFO  marytts.PStream Gradient GV optimization for feature: (28)  number of iterations=9
2025-12-02 14:25:07,586 [I/O dispatcher 4] INFO  marytts.PStream Gradient GV optimization for feature: (29)  number of iterations=14
2025-12-02 14:25:07,587 [I/O dispatcher 4] INFO  marytts.PStream Gradient GV optimization for feature: (30)  number of iterations=21
2025-12-02 14:25:07,588 [I/O dispatcher 4] INFO  marytts.PStream Gradient GV optimization for feature: (31)  number of iterations=17
2025-12-02 14:25:07,588 [I/O dispatcher 4] INFO  marytts.PStream Gradient GV optimization for feature: (32)  number of iterations=11
2025-12-02 14:25:07,588 [I/O dispatcher 4] INFO  marytts.PStream Gradient GV optimization for feature: (33)  number of iterations=16
2025-12-02 14:25:07,589 [I/O dispatcher 4] INFO  marytts.PStream Gradient GV optimization for feature: (34)  number of iterations=33
2025-12-02 14:25:07,589 [I/O dispatcher 4] INFO  marytts.ParameterGeneration Using f0 from maryXML acoustparams
2025-12-02 14:25:07,590 [I/O dispatcher 4] INFO  marytts.PStream Context-dependent global variance optimization: gvLength = 1272
2025-12-02 14:25:07,591 [I/O dispatcher 4] INFO  marytts.PStream Gradient GV optimization for feature: (0)  number of iterations=50
2025-12-02 14:25:07,591 [I/O dispatcher 4] INFO  marytts.PStream Gradient GV optimization for feature: (1)  number of iterations=6
2025-12-02 14:25:07,592 [I/O dispatcher 4] INFO  marytts.PStream Gradient GV optimization for feature: (2)  number of iterations=8
2025-12-02 14:25:07,592 [I/O dispatcher 4] INFO  marytts.PStream Gradient GV optimization for feature: (3)  number of iterations=8
2025-12-02 14:25:07,593 [I/O dispatcher 4] INFO  marytts.PStream Gradient GV optimization for feature: (4)  number of iterations=24
2025-12-02 14:25:07,593 [I/O dispatcher 4] INFO  marytts.HMMSynthesizer Synthesizing one sentence.
2025-12-02 14:25:07,593 [I/O dispatcher 4] INFO  marytts.HTSEngine Using prosody from acoustparams.
2025-12-02 14:25:07,594 [I/O dispatcher 4] INFO  marytts.HTSEngine Number of models in sentence numModel=82  Total number of states numState=410
2025-12-02 14:25:07,594 [I/O dispatcher 4] INFO  marytts.HTSEngine Total number of frames=1339  Number of voiced frames=934
2025-12-02 14:25:07,596 [I/O dispatcher 4] INFO  marytts.ParameterGeneration Parameter generation for MGC: 
2025-12-02 14:25:07,596 [I/O dispatcher 4] INFO  marytts.PStream Context-dependent global variance optimization: gvLength = 1259
2025-12-02 14:25:07,597 [I/O dispatcher 4] INFO  marytts.PStream Gradient GV optimization for feature: (0)  number of iterations=50
2025-12-02 14:25:07,597 [I/O dispatcher 4] INFO  marytts.PStream Gradient GV optimization for feature: (1)  number of iterations=2
2025-12-02 14:25:07,598 [I/O dispatcher 4] INFO  marytts.PStream Gradient GV optimization for feature: (2)  number of iterations=2
2025-12-02 14:25:07,598 [I/O dispatcher 4] INFO  marytts.PStream Gradient GV optimization for feature: (3)  number of iterations=3
2025-12-02 14:25:07,598 [I/O dispatcher 4] INFO  marytts.PStream Gradient GV optimization for feature: (4)  number of iterations=2
2025-12-02 14:25:07,598 [I/O dispatcher 4] INFO  marytts.PStream Gradient GV optimization for feature: (5)  number of iterations=5
2025-12-02 14:25:07,599 [I/O dispatcher 4] INFO  marytts.PStream Gradient GV optimization for feature: (6)  number of iterations=4
2025-12-02 14:25:07,599 [I/O dispatcher 4] INFO  marytts.PStream Gradient GV optimization for feature: (7)  number of iterations=21
2025-12-02 14:25:07,599 [I/O dispatcher 4] INFO  marytts.PStream Gradient GV optimization for feature: (8)  number of iterations=19
2025-12-02 14:25:07,599 [I/O dispatcher 4] INFO  marytts.PStream Gradient GV optimization for feature: (9)  number of iterations=18
2025-12-02 14:25:07,601 [I/O dispatcher 4] INFO  marytts.PStream Gradient GV optimization for feature: (10)  number of iterations=18
2025-12-02 14:25:07,601 [I/O dispatcher 4] INFO  marytts.PStream Gradient GV optimization for feature: (11)  number of iterations=19
2025-12-02 14:25:07,602 [I/O dispatcher 4] INFO  marytts.PStream Gradient GV optimization for feature: (12)  number of iterations=18
2025-12-02 14:25:07,603 [I/O dispatcher 4] INFO  marytts.PStream Gradient GV optimization for feature: (13)  number of iterations=33
2025-12-02 14:25:07,603 [I/O dispatcher 4] INFO  marytts.PStream Gradient GV optimization for feature: (14)  number of iterations=33
2025-12-02 14:25:07,604 [I/O dispatcher 4] INFO  marytts.PStream Gradient GV optimization for feature: (15)  number of iterations=16
2025-12-02 14:25:07,604 [I/O dispatcher 4] INFO  marytts.PStream Gradient GV optimization for feature: (16)  number of iterations=19
2025-12-02 14:25:07,605 [I/O dispatcher 4] INFO  marytts.PStream Gradient GV optimization for feature: (17)  number of iterations=19
2025-12-02 14:25:07,605 [I/O dispatcher 4] INFO  marytts.PStream Gradient GV optimization for feature: (18)  number of iterations=23
2025-12-02 14:25:07,606 [I/O dispatcher 4] INFO  marytts.PStream Gradient GV optimization for feature: (19)  number of iterations=14
2025-12-02 14:25:07,607 [I/O dispatcher 4] INFO  marytts.PStream Gradient GV optimization for feature: (20)  number of iterations=16
2025-12-02 14:25:07,607 [I/O dispatcher 4] INFO  marytts.PStream Gradient GV optimization for feature: (21)  number of iterations=17
2025-12-02 14:25:07,607 [I/O dispatcher 4] INFO  marytts.PStream Gradient GV optimization for feature: (22)  number of iterations=20
2025-12-02 14:25:07,607 [I/O dispatcher 4] INFO  marytts.PStream Gradient GV optimization for feature: (23)  number of iterations=14
2025-12-02 14:25:07,608 [I/O dispatcher 4] INFO  marytts.PStream Gradient GV optimization for feature: (24)  number of iterations=10
2025-12-02 14:25:07,609 [I/O dispatcher 4] INFO  marytts.PStream Gradient GV optimization for feature: (25)  number of iterations=14
2025-12-02 14:25:07,609 [I/O dispatcher 4] INFO  marytts.PStream Gradient GV optimization for feature: (26)  number of iterations=14
2025-12-02 14:25:07,611 [I/O dispatcher 4] INFO  marytts.PStream Gradient GV optimization for feature: (27)  number of iterations=12
2025-12-02 14:25:07,611 [I/O dispatcher 4] INFO  marytts.PStream Gradient GV optimization for feature: (28)  number of iterations=10
2025-12-02 14:25:07,612 [I/O dispatcher 4] INFO  marytts.PStream Gradient GV optimization for feature: (29)  number of iterations=16
2025-12-02 14:25:07,612 [I/O dispatcher 4] INFO  marytts.PStream Gradient GV optimization for feature: (30)  number of iterations=12
2025-12-02 14:25:07,613 [I/O dispatcher 4] INFO  marytts.PStream Gradient GV optimization for feature: (31)  number of iterations=12
2025-12-02 14:25:07,613 [I/O dispatcher 4] INFO  marytts.PStream Gradient GV optimization for feature: (32)  number of iterations=10
2025-12-02 14:25:07,614 [I/O dispatcher 4] INFO  marytts.PStream Gradient GV optimization for feature: (33)  number of iterations=12
2025-12-02 14:25:07,615 [I/O dispatcher 4] INFO  marytts.PStream Gradient GV optimization for feature: (34)  number of iterations=14
2025-12-02 14:25:07,615 [I/O dispatcher 4] INFO  marytts.ParameterGeneration Using f0 from maryXML acoustparams
2025-12-02 14:25:07,615 [I/O dispatcher 4] INFO  marytts.PStream Context-dependent global variance optimization: gvLength = 1259
2025-12-02 14:25:07,617 [I/O dispatcher 4] INFO  marytts.PStream Gradient GV optimization for feature: (0)  number of iterations=20
2025-12-02 14:25:07,617 [I/O dispatcher 4] INFO  marytts.PStream Gradient GV optimization for feature: (1)  number of iterations=20
2025-12-02 14:25:07,618 [I/O dispatcher 4] INFO  marytts.PStream Gradient GV optimization for feature: (2)  number of iterations=19
2025-12-02 14:25:07,618 [I/O dispatcher 4] INFO  marytts.PStream Gradient GV optimization for feature: (3)  number of iterations=27
2025-12-02 14:25:07,619 [I/O dispatcher 4] INFO  marytts.PStream Gradient GV optimization for feature: (4)  number of iterations=24
2025-12-02 14:25:07,620 [I/O dispatcher 4] INFO  marytts.HMMSynthesizer Synthesizing one sentence.
2025-12-02 14:25:07,620 [I/O dispatcher 4] INFO  marytts.HTSEngine Using prosody from acoustparams.
2025-12-02 14:25:07,621 [I/O dispatcher 4] INFO  marytts.HTSEngine Number of models in sentence numModel=98  Total number of states numState=490
2025-12-02 14:25:07,621 [I/O dispatcher 4] INFO  marytts.HTSEngine Total number of frames=1821  Number of voiced frames=1067
2025-12-02 14:25:07,624 [I/O dispatcher 4] INFO  marytts.ParameterGeneration Parameter generation for MGC: 
2025-12-02 14:25:07,624 [I/O dispatcher 4] INFO  marytts.PStream Context-dependent global variance optimization: gvLength = 1500
2025-12-02 14:25:07,628 [I/O dispatcher 4] INFO  marytts.PStream Gradient GV optimization for feature: (0)  number of iterations=87
2025-12-02 14:25:07,629 [I/O dispatcher 4] INFO  marytts.PStream Gradient GV optimization for feature: (1)  number of iterations=2
2025-12-02 14:25:07,629 [I/O dispatcher 4] INFO  marytts.PStream Gradient GV optimization for feature: (2)  number of iterations=8
2025-12-02 14:25:07,630 [I/O dispatcher 4] INFO  marytts.PStream Gradient GV optimization for feature: (3)  number of iterations=5
2025-12-02 14:25:07,630 [I/O dispatcher 4] INFO  marytts.PStream Gradient GV optimization for feature: (4)  number of iterations=2
2025-12-02 14:25:07,630 [I/O dispatcher 4] INFO  marytts.PStream Gradient GV optimization for feature: (5)  number of iterations=6
2025-12-02 14:25:07,632 [I/O dispatcher 4] INFO  marytts.PStream Gradient GV optimization for feature: (6)  number of iterations=2
2025-12-02 14:25:07,632 [I/O dispatcher 4] INFO  marytts.PStream Gradient GV optimization for feature: (7)  number of iterations=5
2025-12-02 14:25:07,634 [I/O dispatcher 4] INFO  marytts.PStream Gradient GV optimization for feature: (8)  number of iterations=19
2025-12-02 14:25:07,635 [I/O dispatcher 4] INFO  marytts.PStream Gradient GV optimization for feature: (9)  number of iterations=18
2025-12-02 14:25:07,635 [I/O dispatcher 4] INFO  marytts.PStream Gradient GV optimization for feature: (10)  number of iterations=18
2025-12-02 14:25:07,636 [I/O dispatcher 4] INFO  marytts.PStream Gradient GV optimization for feature: (11)  number of iterations=18
2025-12-02 14:25:07,636 [I/O dispatcher 4] INFO  marytts.PStream Gradient GV optimization for feature: (12)  number of iterations=17
2025-12-02 14:25:07,637 [I/O dispatcher 4] INFO  marytts.PStream Gradient GV optimization for feature: (13)  number of iterations=17
2025-12-02 14:25:07,638 [I/O dispatcher 4] INFO  marytts.PStream Gradient GV optimization for feature: (14)  number of iterations=18
2025-12-02 14:25:07,638 [I/O dispatcher 4] INFO  marytts.PStream Gradient GV optimization for feature: (15)  number of iterations=16
2025-12-02 14:25:07,639 [I/O dispatcher 4] INFO  marytts.PStream Gradient GV optimization for feature: (16)  number of iterations=18
2025-12-02 14:25:07,640 [I/O dispatcher 4] INFO  marytts.PStream Gradient GV optimization for feature: (17)  number of iterations=18
2025-12-02 14:25:07,640 [I/O dispatcher 4] INFO  marytts.PStream Gradient GV optimization for feature: (18)  number of iterations=17
2025-12-02 14:25:07,642 [I/O dispatcher 4] INFO  marytts.PStream Gradient GV optimization for feature: (19)  number of iterations=12
2025-12-02 14:25:07,642 [I/O dispatcher 4] INFO  marytts.PStream Gradient GV optimization for feature: (20)  number of iterations=14
2025-12-02 14:25:07,643 [I/O dispatcher 4] INFO  marytts.PStream Gradient GV optimization for feature: (21)  number of iterations=19
2025-12-02 14:25:07,644 [I/O dispatcher 4] INFO  marytts.PStream Gradient GV optimization for feature: (22)  number of iterations=19
2025-12-02 14:25:07,645 [I/O dispatcher 4] INFO  marytts.PStream Gradient GV optimization for feature: (23)  number of iterations=22
2025-12-02 14:25:07,645 [I/O dispatcher 4] INFO  marytts.PStream Gradient GV optimization for feature: (24)  number of iterations=10
2025-12-02 14:25:07,646 [I/O dispatcher 4] INFO  marytts.PStream Gradient GV optimization for feature: (25)  number of iterations=12
2025-12-02 14:25:07,646 [I/O dispatcher 4] INFO  marytts.PStream Gradient GV optimization for feature: (26)  number of iterations=10
2025-12-02 14:25:07,647 [I/O dispatcher 4] INFO  marytts.PStream Gradient GV optimization for feature: (27)  number of iterations=12
2025-12-02 14:25:07,647 [I/O dispatcher 4] INFO  marytts.PStream Gradient GV optimization for feature: (28)  number of iterations=17
2025-12-02 14:25:07,648 [I/O dispatcher 4] INFO  marytts.PStream Gradient GV optimization for feature: (29)  number of iterations=16
2025-12-02 14:25:07,648 [I/O dispatcher 4] INFO  marytts.PStream Gradient GV optimization for feature: (30)  number of iterations=13
2025-12-02 14:25:07,649 [I/O dispatcher 4] INFO  marytts.PStream Gradient GV optimization for feature: (31)  number of iterations=13
2025-12-02 14:25:07,649 [I/O dispatcher 4] INFO  marytts.PStream Gradient GV optimization for feature: (32)  number of iterations=6
2025-12-02 14:25:07,650 [I/O dispatcher 4] INFO  marytts.PStream Gradient GV optimization for feature: (33)  number of iterations=8
2025-12-02 14:25:07,651 [I/O dispatcher 4] INFO  marytts.PStream Gradient GV optimization for feature: (34)  number of iterations=10
2025-12-02 14:25:07,651 [I/O dispatcher 4] INFO  marytts.ParameterGeneration Using f0 from maryXML acoustparams
2025-12-02 14:25:07,652 [I/O dispatcher 4] INFO  marytts.PStream Context-dependent global variance optimization: gvLength = 1500
2025-12-02 14:25:07,653 [I/O dispatcher 4] INFO  marytts.PStream Gradient GV optimization for feature: (0)  number of iterations=42
2025-12-02 14:25:07,654 [I/O dispatcher 4] INFO  marytts.PStream Gradient GV optimization for feature: (1)  number of iterations=34
2025-12-02 14:25:07,655 [I/O dispatcher 4] INFO  marytts.PStream Gradient GV optimization for feature: (2)  number of iterations=3
2025-12-02 14:25:07,655 [I/O dispatcher 4] INFO  marytts.PStream Gradient GV optimization for feature: (3)  number of iterations=8
2025-12-02 14:25:07,656 [I/O dispatcher 4] INFO  marytts.PStream Gradient GV optimization for feature: (4)  number of iterations=13
2025-12-02 14:25:07,657 [I/O dispatcher 4] INFO  marytts.R 3 Request processed in 153 ms.
2025-12-02 14:25:07,657 [I/O dispatcher 4] INFO  marytts.R 3    TextToMaryXML took 0 ms
2025-12-02 14:25:07,657 [I/O dispatcher 4] INFO  marytts.R 3    JTokeniser took 1 ms
2025-12-02 14:25:07,657 [I/O dispatcher 4] INFO  marytts.R 3    Preprocess took 14 ms
2025-12-02 14:25:07,657 [I/O dispatcher 4] INFO  marytts.R 3    OpenNLPPosTagger took 2 ms
2025-12-02 14:25:07,657 [I/O dispatcher 4] INFO  marytts.R 3    JPhonemiser took 3 ms
2025-12-02 14:25:07,657 [I/O dispatcher 4] INFO  marytts.R 3    Prosody took 2 ms
2025-12-02 14:25:07,657 [I/O dispatcher 4] INFO  marytts.R 3    PronunciationModel took 1 ms
2025-12-02 14:25:07,657 [I/O dispatcher 4] INFO  marytts.R 3    AcousticModeller took 37 ms
2025-12-02 14:25:07,657 [I/O dispatcher 4] INFO  marytts.R 3    Synthesis took 92 ms
2025-12-02 14:25:09,393 [I/O dispatcher 4] INFO  marytts.server Request handled successfully.
2025-12-02 14:25:14,449 [I/O dispatcher 4] INFO  marytts.server Connection closed: [closed]
2025-12-02 18:39:23,163 [main] INFO  marytts.main Mary starting up...
2025-12-02 18:39:23,163 [main] INFO  marytts.main Specification version 5.2
2025-12-02 18:39:23,164 [main] INFO  marytts.main Implementation version unknown
2025-12-02 18:39:23,164 [main] INFO  marytts.main Running on a Java 21.0.2 implementation by Eclipse Adoptium, on a Windows 11 platform (amd64, 10.0)
2025-12-02 18:39:23,294 [main] INFO  marytts.ModuleRegistry Now initiating mary module 'marytts.language.de.JTokeniser'
2025-12-02 18:39:23,300 [main] INFO  marytts.ModuleRegistry Now initiating mary module 'marytts.language.de.Preprocess'
2025-12-02 18:39:23,301 [main] INFO  marytts.ModuleRegistry Now initiating mary module 'marytts.modules.OpenNLPPosTagger(de,de.pos)'
2025-12-02 18:39:23,302 [main] INFO  marytts.ModuleRegistry Now initiating mary module 'marytts.language.de.JPhonemiser'
2025-12-02 18:39:23,321 [main] INFO  marytts.ModuleRegistry Now initiating mary module 'marytts.language.de.Prosody'
2025-12-02 18:39:23,323 [main] INFO  marytts.ModuleRegistry Now initiating mary module 'marytts.language.de.Postlex'
2025-12-02 18:39:23,324 [main] INFO  marytts.ModuleRegistry Now initiating mary module 'marytts.modules.SimplePhoneme2AP(de)'
2025-12-02 18:39:23,325 [main] INFO  marytts.ModuleRegistry Now initiating mary module 'marytts.language.en.JTokeniser'
2025-12-02 18:39:23,325 [main] INFO  marytts.ModuleRegistry Now initiating mary module 'marytts.language.en.Preprocess'
2025-12-02 18:39:23,446 [main] INFO  marytts.ModuleRegistry Now initiating mary module 'marytts.modules.JPhonemiser(en_US.)'
2025-12-02 18:39:23,463 [main] INFO  marytts.ModuleRegistry Now initiating mary module 'marytts.modules.JPhonemiser(en_GB.)'
2025-12-02 18:39:23,479 [main] INFO  marytts.ModuleRegistry Now initiating mary module 'marytts.language.en.Prosody'
2025-12-02 18:39:23,480 [main] INFO  marytts.ModuleRegistry Now initiating mary module 'marytts.modules.SimplePhoneme2AP(en_US)'
2025-12-02 18:39:23,480 [main] INFO  marytts.ModuleRegistry Now initiating mary module 'marytts.language.en.PronunciationModel'
2025-12-02 18:39:23,480 [main] INFO  marytts.ModuleRegistry Now initiating mary module 'marytts.modules.OpenNLPPosTagger(en,en.pos)'
2025-12-02 18:39:23,480 [main] INFO  marytts.ModuleRegistry Now initiating mary module 'marytts.language.fr.Phonemiser'
2025-12-02 18:39:23,487 [main] INFO  marytts.ModuleRegistry Now initiating mary module 'marytts.language.fr.Preprocess'
2025-12-02 18:39:23,491 [main] INFO  marytts.ModuleRegistry Now initiating mary module 'marytts.modules.MinimalisticPosTagger(fr,fr.)'
2025-12-02 18:39:23,492 [main] INFO  marytts.ModuleRegistry Now initiating mary module 'marytts.language.it.JTokeniser'
2025-12-02 18:39:23,493 [main] INFO  marytts.ModuleRegistry Now initiating mary module 'marytts.language.it.Preprocess'
2025-12-02 18:39:23,493 [main] INFO  marytts.ModuleRegistry Now initiating mary module 'marytts.modules.JPhonemiser(it.)'
2025-12-02 18:39:23,501 [main] INFO  marytts.ModuleRegistry Now initiating mary module 'marytts.modules.OpenNLPPosTagger(it,it.pos)'
2025-12-02 18:39:23,501 [main] INFO  marytts.ModuleRegistry Now initiating mary module 'marytts.language.it.Prosody'
2025-12-02 18:39:23,501 [main] INFO  marytts.ModuleRegistry Now initiating mary module 'marytts.language.it.Postlex'
2025-12-02 18:39:23,502 [main] INFO  marytts.ModuleRegistry Now initiating mary module 'marytts.language.ru.Tokenizer'
2025-12-02 18:39:23,502 [main] INFO  marytts.ModuleRegistry Now initiating mary module 'marytts.modules.DummyTokens2Words'
2025-12-02 18:39:23,502 [main] INFO  marytts.ModuleRegistry Now initiating mary module 'marytts.modules.JPhonemiser(ru.)'
2025-12-02 18:39:23,558 [main] INFO  marytts.ModuleRegistry Now initiating mary module 'marytts.modules.ProsodyGeneric'
2025-12-02 18:39:23,559 [main] INFO  marytts.ModuleRegistry Now initiating mary module 'marytts.modules.MinimalisticPosTagger(ru,ru)'
2025-12-02 18:39:23,559 [main] INFO  marytts.ModuleRegistry Now initiating mary module 'marytts.modules.JPhonemiser(sv.)'
2025-12-02 18:39:23,563 [main] INFO  marytts.ModuleRegistry Now initiating mary module 'marytts.modules.MinimalisticPosTagger(sv,sv.)'
2025-12-02 18:39:23,563 [main] INFO  marytts.ModuleRegistry Now initiating mary module 'marytts.language.te.JTokeniser'
2025-12-02 18:39:23,565 [main] INFO  marytts.ModuleRegistry Now initiating mary module 'marytts.modules.DummyTokens2Words'
2025-12-02 18:39:23,565 [main] INFO  marytts.ModuleRegistry Now initiating mary module 'marytts.language.te.JPhonemiser(te.)'
2025-12-02 18:39:23,569 [main] INFO  marytts.ModuleRegistry Now initiating mary module 'marytts.modules.ProsodyGeneric'
2025-12-02 18:39:23,569 [main] INFO  marytts.ModuleRegistry Now initiating mary module 'marytts.modules.MinimalisticPosTagger(te,te)'
2025-12-02 18:39:23,569 [main] INFO  marytts.ModuleRegistry Now initiating mary module 'marytts.modules.JPhonemiser(tr.)'
2025-12-02 18:39:23,572 [main] INFO  marytts.ModuleRegistry Now initiating mary module 'marytts.modules.MinimalisticPosTagger(tr,tr.)'
2025-12-02 18:39:23,572 [main] INFO  marytts.ModuleRegistry Now initiating mary module 'marytts.modules.Synthesis'
2025-12-02 18:39:23,574 [main] INFO  marytts.ModuleRegistry Now initiating mary module 'marytts.modules.TextToMaryXML'
2025-12-02 18:39:23,575 [main] INFO  marytts.ModuleRegistry Now initiating mary module 'marytts.modules.SableParser'
2025-12-02 18:39:23,576 [main] INFO  marytts.ModuleRegistry Now initiating mary module 'marytts.modules.SSMLParser'
2025-12-02 18:39:23,578 [main] INFO  marytts.ModuleRegistry Now initiating mary module 'marytts.modules.APMLParser'
2025-12-02 18:39:23,579 [main] INFO  marytts.ModuleRegistry Now initiating mary module 'marytts.modules.EmotionmlParser'
2025-12-02 18:39:23,580 [main] INFO  marytts.ModuleRegistry Now initiating mary module 'marytts.modules.JTokeniser'
2025-12-02 18:39:23,580 [main] INFO  marytts.ModuleRegistry Now initiating mary module 'marytts.modules.DummyTokens2Words'
2025-12-02 18:39:23,580 [main] INFO  marytts.ModuleRegistry Now initiating mary module 'marytts.modules.ProsodyGeneric'
2025-12-02 18:39:23,580 [main] INFO  marytts.ModuleRegistry Now initiating mary module 'marytts.modules.PronunciationModel'
2025-12-02 18:39:23,580 [main] INFO  marytts.ModuleRegistry Now initiating mary module 'marytts.modules.TargetFeatureLister'
2025-12-02 18:39:23,582 [main] INFO  marytts.ModuleRegistry Now initiating mary module 'marytts.modules.HalfPhoneTargetFeatureLister'
2025-12-02 18:39:23,583 [main] INFO  marytts.ModuleRegistry Now initiating mary module 'marytts.modules.AcousticModeller'
2025-12-02 18:39:23,584 [main] INFO  marytts.ModuleRegistry Now initiating mary module 'marytts.modules.RealisedAcoustparamsExtractor'
2025-12-02 18:39:23,585 [main] INFO  marytts.ModuleRegistry Now initiating mary module 'marytts.modules.RealisedDurationsExtractor'
2025-12-02 18:39:23,585 [main] INFO  marytts.ModuleRegistry Now initiating mary module 'marytts.modules.HTSEngine'
2025-12-02 18:39:23,587 [main] INFO  marytts.ModuleRegistry Now initiating mary module 'marytts.modules.PraatTextGridGenerator'
2025-12-02 18:39:23,589 [main] INFO  marytts.JTokeniser Module started (RAWMARYXML->TOKENS, locale de).
2025-12-02 18:39:23,614 [main] INFO  marytts.JTokeniser Starting power-on self test.
2025-12-02 18:39:23,639 [main] INFO  marytts.JTokeniser Power-on self test complete.
2025-12-02 18:39:23,639 [main] INFO  marytts.Preprocess Module started (TOKENS->WORDS, locale de).
2025-12-02 18:39:23,639 [main] INFO  marytts.Preprocess Starting power-on self test.
2025-12-02 18:39:23,640 [main] INFO  marytts.Preprocess Expanding say-as elements...
2025-12-02 18:39:23,640 [main] INFO  marytts.Preprocess Matching and expanding patterns...
2025-12-02 18:39:23,672 [main] INFO  marytts.Preprocess Done.
2025-12-02 18:39:23,673 [main] INFO  marytts.Preprocess Power-on self test complete.
2025-12-02 18:39:23,673 [main] INFO  marytts.OpenNLPPosTagger Module started (WORDS->PARTSOFSPEECH, locale de).
2025-12-02 18:39:23,916 [main] INFO  marytts.OpenNLPPosTagger Starting power-on self test.
2025-12-02 18:39:23,916 [main] INFO  marytts.OpenNLPPosTagger Power-on self test complete.
2025-12-02 18:39:23,916 [main] INFO  marytts.JPhonemiser_de Module started (PARTSOFSPEECH->PHONEMES, locale de).
2025-12-02 18:39:23,928 [main] INFO  marytts.JPhonemiser_de Starting power-on self test.
2025-12-02 18:39:23,928 [main] INFO  marytts.JPhonemiser_de Power-on self test complete.
2025-12-02 18:39:23,933 [main] INFO  marytts.Prosody Module started (PHONEMES->INTONATION, locale de).
2025-12-02 18:39:23,933 [main] INFO  marytts.Prosody Starting power-on self test.
2025-12-02 18:39:23,933 [main] INFO  marytts.Prosody Power-on self test complete.
2025-12-02 18:39:23,933 [main] INFO  marytts.PronunciationModel Module started (INTONATION->ALLOPHONES, locale de).
2025-12-02 18:39:23,933 [main] INFO  marytts.PronunciationModel Starting power-on self test.
2025-12-02 18:39:23,934 [main] INFO  marytts.PronunciationModel Power-on self test complete.
2025-12-02 18:39:23,934 [main] INFO  marytts.SimplePhoneme2AP Module started (SIMPLEPHONEMES->ACOUSTPARAMS, locale de).
2025-12-02 18:39:23,934 [main] INFO  marytts.SimplePhoneme2AP Starting power-on self test.
2025-12-02 18:39:23,935 [main] INFO  marytts.SimplePhoneme2AP Power-on self test complete.
2025-12-02 18:39:23,935 [main] INFO  marytts.JTokeniser Module started (RAWMARYXML->TOKENS, locale en).
2025-12-02 18:39:23,942 [main] INFO  marytts.JTokeniser Starting power-on self test.
2025-12-02 18:39:23,942 [main] INFO  marytts.JTokeniser Power-on self test complete.
2025-12-02 18:39:23,942 [main] INFO  marytts.Preprocess Module started (TOKENS->WORDS, locale en).
2025-12-02 18:39:23,942 [main] INFO  marytts.Preprocess Starting power-on self test.
2025-12-02 18:39:23,943 [main] INFO  marytts.Preprocess Power-on self test complete.
2025-12-02 18:39:23,943 [main] INFO  marytts.JPhonemiser Module started (PARTSOFSPEECH->PHONEMES, locale en_US).
2025-12-02 18:39:23,943 [main] INFO  marytts.JPhonemiser Starting power-on self test.
2025-12-02 18:39:23,943 [main] INFO  marytts.JPhonemiser Power-on self test complete.
2025-12-02 18:39:23,943 [main] INFO  marytts.JPhonemiser Module started (PARTSOFSPEECH->PHONEMES, locale en_GB).
2025-12-02 18:39:23,943 [main] INFO  marytts.JPhonemiser Starting power-on self test.
2025-12-02 18:39:23,943 [main] INFO  marytts.JPhonemiser Power-on self test complete.
2025-12-02 18:39:23,945 [main] INFO  marytts.Prosody Module started (PHONEMES->INTONATION, locale en).
2025-12-02 18:39:23,945 [main] INFO  marytts.Prosody Starting power-on self test.
2025-12-02 18:39:23,945 [main] INFO  marytts.Prosody Power-on self test complete.
2025-12-02 18:39:23,946 [main] INFO  marytts.SimplePhoneme2AP Module started (SIMPLEPHONEMES->ACOUSTPARAMS, locale en_US).
2025-12-02 18:39:23,946 [main] INFO  marytts.SimplePhoneme2AP Starting power-on self test.
2025-12-02 18:39:23,946 [main] INFO  marytts.SimplePhoneme2AP Power-on self test complete.
2025-12-02 18:39:23,946 [main] INFO  marytts.PronunciationModel Module started (INTONATION->ALLOPHONES, locale en).
2025-12-02 18:39:23,946 [main] INFO  marytts.PronunciationModel Starting power-on self test.
2025-12-02 18:39:23,947 [main] INFO  marytts.PronunciationModel Power-on self test complete.
2025-12-02 18:39:23,947 [main] INFO  marytts.OpenNLPPosTagger Module started (WORDS->PARTSOFSPEECH, locale en).
2025-12-02 18:39:24,306 [main] INFO  marytts.OpenNLPPosTagger Starting power-on self test.
2025-12-02 18:39:24,306 [main] INFO  marytts.OpenNLPPosTagger Power-on self test complete.
2025-12-02 18:39:24,306 [main] INFO  marytts.JPhonemiser Module started (PARTSOFSPEECH->PHONEMES, locale fr).
2025-12-02 18:39:24,306 [main] INFO  marytts.JPhonemiser Starting power-on self test.
2025-12-02 18:39:24,306 [main] INFO  marytts.JPhonemiser Power-on self test complete.
2025-12-02 18:39:24,306 [main] INFO  marytts.Preprocess Module started (TOKENS->WORDS, locale fr).
2025-12-02 18:39:24,306 [main] INFO  marytts.Preprocess Starting power-on self test.
2025-12-02 18:39:24,308 [main] INFO  marytts.Preprocess Power-on self test complete.
2025-12-02 18:39:24,308 [main] INFO  marytts.OpenNLPPosTagger Module started (WORDS->PARTSOFSPEECH, locale fr).
2025-12-02 18:39:24,308 [main] INFO  marytts.OpenNLPPosTagger Starting power-on self test.
2025-12-02 18:39:24,308 [main] INFO  marytts.OpenNLPPosTagger Power-on self test complete.
2025-12-02 18:39:24,308 [main] INFO  marytts.JTokeniser Module started (RAWMARYXML->TOKENS, locale it).
2025-12-02 18:39:24,313 [main] INFO  marytts.JTokeniser Starting power-on self test.
2025-12-02 18:39:24,314 [main] INFO  marytts.JTokeniser Power-on self test complete.
2025-12-02 18:39:24,314 [main] INFO  marytts.Preprocess Module started (TOKENS->WORDS, locale it).
2025-12-02 18:39:24,314 [main] INFO  marytts.Preprocess Starting power-on self test.
2025-12-02 18:39:24,315 [main] INFO  marytts.Preprocess Expanding say-as elements...
2025-12-02 18:39:24,315 [main] INFO  marytts.Preprocess Matching and expanding patterns...
2025-12-02 18:39:24,326 [main] INFO  marytts.Preprocess Done.
2025-12-02 18:39:24,326 [main] INFO  marytts.Preprocess Power-on self test complete.
2025-12-02 18:39:24,326 [main] INFO  marytts.JPhonemiser Module started (PARTSOFSPEECH->PHONEMES, locale it).
2025-12-02 18:39:24,326 [main] INFO  marytts.JPhonemiser Starting power-on self test.
2025-12-02 18:39:24,326 [main] INFO  marytts.JPhonemiser Power-on self test complete.
2025-12-02 18:39:24,326 [main] INFO  marytts.OpenNLPPosTagger Module started (WORDS->PARTSOFSPEECH, locale it).
2025-12-02 18:39:24,365 [main] INFO  marytts.OpenNLPPosTagger Starting power-on self test.
2025-12-02 18:39:24,365 [main] INFO  marytts.OpenNLPPosTagger Power-on self test complete.
2025-12-02 18:39:24,367 [main] INFO  marytts.Prosody Module started (PHONEMES->INTONATION, locale it).
2025-12-02 18:39:24,367 [main] INFO  marytts.Prosody Starting power-on self test.
2025-12-02 18:39:24,367 [main] INFO  marytts.Prosody Power-on self test complete.
2025-12-02 18:39:24,367 [main] INFO  marytts.PronunciationModel Module started (INTONATION->ALLOPHONES, locale it).
2025-12-02 18:39:24,367 [main] INFO  marytts.PronunciationModel Starting power-on self test.
2025-12-02 18:39:24,367 [main] INFO  marytts.PronunciationModel Power-on self test complete.
2025-12-02 18:39:24,367 [main] INFO  marytts.JTokeniser Module started (RAWMARYXML->TOKENS, locale ru).
2025-12-02 18:39:24,373 [main] INFO  marytts.JTokeniser Starting power-on self test.
2025-12-02 18:39:24,374 [main] INFO  marytts.JTokeniser Power-on self test complete.
2025-12-02 18:39:24,374 [main] INFO  marytts.DummyTokens2Words Module started (TOKENS->WORDS, locale null).
2025-12-02 18:39:24,374 [main] INFO  marytts.DummyTokens2Words Starting power-on self test.
2025-12-02 18:39:24,374 [main] INFO  marytts.DummyTokens2Words Power-on self test complete.
2025-12-02 18:39:24,374 [main] INFO  marytts.JPhonemiser Module started (PARTSOFSPEECH->PHONEMES, locale ru).
2025-12-02 18:39:24,375 [main] INFO  marytts.JPhonemiser Starting power-on self test.
2025-12-02 18:39:24,375 [main] INFO  marytts.JPhonemiser Power-on self test complete.
2025-12-02 18:39:24,377 [main] INFO  marytts.Prosody Module started (PHONEMES->INTONATION, locale null).
2025-12-02 18:39:24,377 [main] INFO  marytts.Prosody Starting power-on self test.
2025-12-02 18:39:24,377 [main] INFO  marytts.Prosody Power-on self test complete.
2025-12-02 18:39:24,377 [main] INFO  marytts.OpenNLPPosTagger Module started (WORDS->PARTSOFSPEECH, locale ru).
2025-12-02 18:39:24,377 [main] INFO  marytts.OpenNLPPosTagger Starting power-on self test.
2025-12-02 18:39:24,378 [main] INFO  marytts.OpenNLPPosTagger Power-on self test complete.
2025-12-02 18:39:24,378 [main] INFO  marytts.JPhonemiser Module started (PARTSOFSPEECH->PHONEMES, locale sv).
2025-12-02 18:39:24,378 [main] INFO  marytts.JPhonemiser Starting power-on self test.
2025-12-02 18:39:24,378 [main] INFO  marytts.JPhonemiser Power-on self test complete.
2025-12-02 18:39:24,378 [main] INFO  marytts.OpenNLPPosTagger Module started (WORDS->PARTSOFSPEECH, locale sv).
2025-12-02 18:39:24,378 [main] INFO  marytts.OpenNLPPosTagger Starting power-on self test.
2025-12-02 18:39:24,378 [main] INFO  marytts.OpenNLPPosTagger Power-on self test complete.
2025-12-02 18:39:24,378 [main] INFO  marytts.JTokeniser Module started (RAWMARYXML->TOKENS, locale te).
2025-12-02 18:39:24,383 [main] INFO  marytts.JTokeniser Starting power-on self test.
2025-12-02 18:39:24,384 [main] INFO  marytts.JTokeniser Power-on self test complete.
2025-12-02 18:39:24,384 [main] INFO  marytts.DummyTokens2Words Module started (TOKENS->WORDS, locale null).
2025-12-02 18:39:24,384 [main] INFO  marytts.DummyTokens2Words Starting power-on self test.
2025-12-02 18:39:24,384 [main] INFO  marytts.DummyTokens2Words Power-on self test complete.
2025-12-02 18:39:24,384 [main] INFO  marytts.JPhonemiser Module started (PARTSOFSPEECH->PHONEMES, locale te).
2025-12-02 18:39:24,384 [main] INFO  marytts.JPhonemiser Starting power-on self test.
2025-12-02 18:39:24,385 [main] INFO  marytts.JPhonemiser Power-on self test complete.
2025-12-02 18:39:24,386 [main] INFO  marytts.Prosody Module started (PHONEMES->INTONATION, locale null).
2025-12-02 18:39:24,386 [main] INFO  marytts.Prosody Starting power-on self test.
2025-12-02 18:39:24,386 [main] INFO  marytts.Prosody Power-on self test complete.
2025-12-02 18:39:24,386 [main] INFO  marytts.OpenNLPPosTagger Module started (WORDS->PARTSOFSPEECH, locale te).
2025-12-02 18:39:24,386 [main] INFO  marytts.OpenNLPPosTagger Starting power-on self test.
2025-12-02 18:39:24,386 [main] INFO  marytts.OpenNLPPosTagger Power-on self test complete.
2025-12-02 18:39:24,386 [main] INFO  marytts.JPhonemiser Module started (PARTSOFSPEECH->PHONEMES, locale tr).
2025-12-02 18:39:24,386 [main] INFO  marytts.JPhonemiser Starting power-on self test.
2025-12-02 18:39:24,386 [main] INFO  marytts.JPhonemiser Power-on self test complete.
2025-12-02 18:39:24,386 [main] INFO  marytts.OpenNLPPosTagger Module started (WORDS->PARTSOFSPEECH, locale tr).
2025-12-02 18:39:24,387 [main] INFO  marytts.OpenNLPPosTagger Starting power-on self test.
2025-12-02 18:39:24,387 [main] INFO  marytts.OpenNLPPosTagger Power-on self test complete.
2025-12-02 18:39:24,389 [main] INFO  marytts.UnitSelectionSynthesizer started.
2025-12-02 18:39:24,391 [main] INFO  marytts.TargetFeatureLister Module started (ACOUSTPARAMS->TARGETFEATURES, locale null).
2025-12-02 18:39:24,391 [main] INFO  marytts.HTSEngine Module started (TARGETFEATURES->AUDIO, locale null).
2025-12-02 18:39:24,407 [main] INFO  marytts.HMMData Loading Tree Set in CARTs:
2025-12-02 18:39:24,447 [main] INFO  marytts.HMMData Loading GV Model Set:
2025-12-02 18:39:24,533 [main] INFO  marytts.Voice Registering voice `cmu-slt-hsmm': female, locale en_US
2025-12-02 18:39:24,533 [main] INFO  marytts.Voice New default voice for locale en_US: cmu-slt-hsmm (desire 0)
2025-12-02 18:39:24,533 [main] INFO  marytts.HMMSynthesizer started.
2025-12-02 18:39:24,533 [main] INFO  marytts.Synthesis Module started (ACOUSTPARAMS->AUDIO, locale null).
2025-12-02 18:39:24,533 [main] INFO  marytts.HMMSynthesizer Starting power-on self test.
2025-12-02 18:39:24,544 [main] INFO  marytts.HTSEngine Using prosody from acoustparams.
2025-12-02 18:39:24,549 [main] INFO  marytts.HTSEngine Number of models in sentence numModel=7  Total number of states numState=35
2025-12-02 18:39:24,549 [main] INFO  marytts.HTSEngine Total number of frames=147  Number of voiced frames=89
2025-12-02 18:39:24,555 [main] INFO  marytts.ParameterGeneration Parameter generation for MGC: 
2025-12-02 18:39:24,555 [main] INFO  marytts.PStream Context-dependent global variance optimization: gvLength = 107
2025-12-02 18:39:24,556 [main] INFO  marytts.PStream Gradient GV optimization for feature: (0)  number of iterations=23
2025-12-02 18:39:24,559 [main] INFO  marytts.PStream Gradient GV optimization for feature: (1)  number of iterations=54
2025-12-02 18:39:24,561 [main] INFO  marytts.PStream Gradient GV optimization for feature: (2)  number of iterations=38
2025-12-02 18:39:24,562 [main] INFO  marytts.PStream Gradient GV optimization for feature: (3)  number of iterations=20
2025-12-02 18:39:24,562 [main] INFO  marytts.PStream Gradient GV optimization for feature: (4)  number of iterations=13
2025-12-02 18:39:24,563 [main] INFO  marytts.PStream Gradient GV optimization for feature: (5)  number of iterations=21
2025-12-02 18:39:24,563 [main] INFO  marytts.PStream Gradient GV optimization for feature: (6)  number of iterations=7
2025-12-02 18:39:24,563 [main] INFO  marytts.PStream Gradient GV optimization for feature: (7)  number of iterations=4
2025-12-02 18:39:24,564 [main] INFO  marytts.PStream Gradient GV optimization for feature: (8)  number of iterations=11
2025-12-02 18:39:24,564 [main] INFO  marytts.PStream Gradient GV optimization for feature: (9)  number of iterations=19
2025-12-02 18:39:24,565 [main] INFO  marytts.PStream Gradient GV optimization for feature: (10)  number of iterations=16
2025-12-02 18:39:24,565 [main] INFO  marytts.PStream Gradient GV optimization for feature: (11)  number of iterations=9
2025-12-02 18:39:24,565 [main] INFO  marytts.PStream Gradient GV optimization for feature: (12)  number of iterations=2
2025-12-02 18:39:24,566 [main] INFO  marytts.PStream Gradient GV optimization for feature: (13)  number of iterations=13
2025-12-02 18:39:24,566 [main] INFO  marytts.PStream Gradient GV optimization for feature: (14)  number of iterations=12
2025-12-02 18:39:24,566 [main] INFO  marytts.PStream Gradient GV optimization for feature: (15)  number of iterations=14
2025-12-02 18:39:24,567 [main] INFO  marytts.PStream Gradient GV optimization for feature: (16)  number of iterations=15
2025-12-02 18:39:24,567 [main] INFO  marytts.PStream Gradient GV optimization for feature: (17)  number of iterations=14
2025-12-02 18:39:24,567 [main] INFO  marytts.PStream Gradient GV optimization for feature: (18)  number of iterations=19
2025-12-02 18:39:24,568 [main] INFO  marytts.PStream Gradient GV optimization for feature: (19)  number of iterations=12
2025-12-02 18:39:24,568 [main] INFO  marytts.PStream Gradient GV optimization for feature: (20)  number of iterations=17
2025-12-02 18:39:24,568 [main] INFO  marytts.PStream Gradient GV optimization for feature: (21)  number of iterations=23
2025-12-02 18:39:24,568 [main] INFO  marytts.PStream Gradient GV optimization for feature: (22)  number of iterations=12
2025-12-02 18:39:24,569 [main] INFO  marytts.PStream Gradient GV optimization for feature: (23)  number of iterations=18
2025-12-02 18:39:24,569 [main] INFO  marytts.PStream Gradient GV optimization for feature: (24)  number of iterations=12
2025-12-02 18:39:24,569 [main] INFO  marytts.PStream Gradient GV optimization for feature: (25)  number of iterations=11
2025-12-02 18:39:24,569 [main] INFO  marytts.PStream Gradient GV optimization for feature: (26)  number of iterations=13
2025-12-02 18:39:24,570 [main] INFO  marytts.PStream Gradient GV optimization for feature: (27)  number of iterations=9
2025-12-02 18:39:24,570 [main] INFO  marytts.PStream Gradient GV optimization for feature: (28)  number of iterations=13
2025-12-02 18:39:24,570 [main] INFO  marytts.PStream Gradient GV optimization for feature: (29)  number of iterations=8
2025-12-02 18:39:24,570 [main] INFO  marytts.PStream Gradient GV optimization for feature: (30)  number of iterations=11
2025-12-02 18:39:24,570 [main] INFO  marytts.PStream Gradient GV optimization for feature: (31)  number of iterations=12
2025-12-02 18:39:24,571 [main] INFO  marytts.PStream Gradient GV optimization for feature: (32)  number of iterations=7
2025-12-02 18:39:24,571 [main] INFO  marytts.PStream Gradient GV optimization for feature: (33)  number of iterations=8
2025-12-02 18:39:24,571 [main] INFO  marytts.PStream Gradient GV optimization for feature: (34)  number of iterations=12
2025-12-02 18:39:24,571 [main] INFO  marytts.ParameterGeneration Using f0 from maryXML acoustparams
2025-12-02 18:39:24,571 [main] INFO  marytts.PStream Context-dependent global variance optimization: gvLength = 107
2025-12-02 18:39:24,572 [main] INFO  marytts.PStream Gradient GV optimization for feature: (0)  number of iterations=16
2025-12-02 18:39:24,572 [main] INFO  marytts.PStream Gradient GV optimization for feature: (1)  number of iterations=2
2025-12-02 18:39:24,572 [main] INFO  marytts.PStream Gradient GV optimization for feature: (2)  number of iterations=2
2025-12-02 18:39:24,572 [main] INFO  marytts.PStream Gradient GV optimization for feature: (3)  number of iterations=8
2025-12-02 18:39:24,572 [main] INFO  marytts.PStream Gradient GV optimization for feature: (4)  number of iterations=26
2025-12-02 18:39:24,588 [main] INFO  marytts.HMMSynthesizer Power-on self test complete.
2025-12-02 18:39:24,589 [main] INFO  marytts.TextToMaryXML Module started (TEXT->RAWMARYXML, locale null).
2025-12-02 18:39:24,589 [main] INFO  marytts.TextToMaryXML Starting power-on self test.
2025-12-02 18:39:24,590 [main] WARN  marytts.TextToMaryXML Locale is null, overriding with fr_FR
2025-12-02 18:39:24,590 [main] WARN  marytts.TextToMaryXML Locale is null, overriding with fr_FR
2025-12-02 18:39:24,590 [main] INFO  marytts.TextToMaryXML Power-on self test complete.
2025-12-02 18:39:24,829 [main] INFO  marytts.SableParser Module started (SABLE->RAWMARYXML, locale null).
2025-12-02 18:39:24,829 [main] INFO  marytts.SableParser Starting power-on self test.
2025-12-02 18:39:24,830 [main] INFO  marytts.SableParser Power-on self test complete.
2025-12-02 18:39:24,868 [main] INFO  marytts.SSMLParser Module started (SSML->RAWMARYXML, locale null).
2025-12-02 18:39:24,869 [main] INFO  marytts.SSMLParser Starting power-on self test.
2025-12-02 18:39:24,869 [main] INFO  marytts.SSMLParser Power-on self test complete.
2025-12-02 18:39:24,895 [main] INFO  marytts.APMLParser Module started (APML->RAWMARYXML, locale null).
2025-12-02 18:39:24,895 [main] INFO  marytts.APMLParser Starting power-on self test.
2025-12-02 18:39:24,895 [main] INFO  marytts.APMLParser Power-on self test complete.
2025-12-02 18:39:24,920 [main] INFO  marytts.EmotionmlParser Module started (EMOTIONML->RAWMARYXML, locale null).
2025-12-02 18:39:24,920 [main] INFO  marytts.EmotionmlParser Starting power-on self test.
2025-12-02 18:39:24,920 [main] INFO  marytts.EmotionmlParser Power-on self test complete.
2025-12-02 18:39:24,920 [main] INFO  marytts.JTokeniser Module started (RAWMARYXML->TOKENS, locale null).
2025-12-02 18:39:24,926 [main] INFO  marytts.JTokeniser Starting power-on self test.
2025-12-02 18:39:24,926 [main] INFO  marytts.JTokeniser Power-on self test complete.
2025-12-02 18:39:24,926 [main] INFO  marytts.DummyTokens2Words Module started (TOKENS->WORDS, locale null).
2025-12-02 18:39:24,926 [main] INFO  marytts.DummyTokens2Words Starting power-on self test.
2025-12-02 18:39:24,926 [main] INFO  marytts.DummyTokens2Words Power-on self test complete.
2025-12-02 18:39:24,927 [main] INFO  marytts.Prosody Module started (PHONEMES->INTONATION, locale null).
2025-12-02 18:39:24,927 [main] INFO  marytts.Prosody Starting power-on self test.
2025-12-02 18:39:24,927 [main] INFO  marytts.Prosody Power-on self test complete.
2025-12-02 18:39:24,927 [main] INFO  marytts.PronunciationModel Module started (INTONATION->ALLOPHONES, locale null).
2025-12-02 18:39:24,927 [main] INFO  marytts.PronunciationModel Starting power-on self test.
2025-12-02 18:39:24,927 [main] INFO  marytts.PronunciationModel Power-on self test complete.
2025-12-02 18:39:24,927 [main] INFO  marytts.TargetFeatureLister Starting power-on self test.
2025-12-02 18:39:24,927 [main] INFO  marytts.TargetFeatureLister Power-on self test complete.
2025-12-02 18:39:24,927 [main] INFO  marytts.TargetFeatureLister Module started (ACOUSTPARAMS->HALFPHONE_TARGETFEATURES, locale null).
2025-12-02 18:39:24,927 [main] INFO  marytts.TargetFeatureLister Starting power-on self test.
2025-12-02 18:39:24,927 [main] INFO  marytts.TargetFeatureLister Power-on self test complete.
2025-12-02 18:39:24,927 [main] INFO  marytts.AcousticModeller Module started (ALLOPHONES->ACOUSTPARAMS, locale null).
2025-12-02 18:39:24,927 [main] INFO  marytts.AcousticModeller Starting power-on self test.
2025-12-02 18:39:24,927 [main] INFO  marytts.AcousticModeller Power-on self test complete.
2025-12-02 18:39:24,927 [main] INFO  marytts.Realised acoustparams extractor Module started (AUDIO->REALISED_ACOUSTPARAMS, locale null).
2025-12-02 18:39:24,927 [main] INFO  marytts.Realised acoustparams extractor Starting power-on self test.
2025-12-02 18:39:24,927 [main] INFO  marytts.Realised acoustparams extractor Power-on self test complete.
2025-12-02 18:39:24,927 [main] INFO  marytts.Realised durations extractor Module started (AUDIO->REALISED_DURATIONS, locale null).
2025-12-02 18:39:24,927 [main] INFO  marytts.Realised durations extractor Starting power-on self test.
2025-12-02 18:39:24,927 [main] INFO  marytts.Realised durations extractor Power-on self test complete.
2025-12-02 18:39:24,927 [main] INFO  marytts.Praat TextGrid generator Module started (REALISED_ACOUSTPARAMS->PRAAT_TEXTGRID, locale null).
2025-12-02 18:39:24,927 [main] INFO  marytts.Praat TextGrid generator Starting power-on self test.
2025-12-02 18:39:24,927 [main] INFO  marytts.Praat TextGrid generator Power-on self test complete.
2025-12-02 18:39:24,929 [main] INFO  marytts.main Startup complete.
2025-12-02 18:39:24,933 [main] INFO  marytts.server Starting server.
2025-12-02 18:39:24,964 [main] INFO  marytts.server Waiting for client to connect on port 59125
2025-12-02 18:41:42,395 [I/O dispatcher 1] INFO  marytts.server Connection from null
2025-12-02 18:41:42,404 [I/O dispatcher 1] INFO  marytts.R 0 New request (input type "TEXT", output type "AUDIO", voice "cmu-slt-hsmm", effect "", audio "WAVE")
2025-12-02 18:41:42,405 [I/O dispatcher 1] INFO  marytts.server Read: Shakira Isabel Mebarak Ripoll, most famously known as Shakira, is a Colombian singer, songwriter, dancer, and record producer. She is a global superstar and one of the best-selling music artists of all time.

Here's a breakdown of what makes her famous:

*   **Music:** Shakira is renowned for her eclectic musical style, which blends Latin, pop, rock, and world music influences. She sings and writes in both Spanish and English, giving her a broad international appeal. Some of her biggest hits include "Hips Don't Lie," "Whenever, Wherever," "Waka Waka (This Time for Africa)," and "Hips Don't Lie."

*   **Dancing:** She is known for her distinctive belly dancing moves, which are often incorporated into her performances and music videos.

*   **Philanthropy:** Shakira is involved in various charitable causes, particularly focused on education for underprivileged children in Colombia and around the world. She founded the Pies Descalzos Foundation (Bare Feet Foundation).

*   **Cultural Impact:** Shakira has significantly contributed to bringing Latin music and culture to a global audience.

*   **Other Ventures:** She has also been involved in television (including serving as a coach on "The Voice"), business ventures, and acting.

* **Recent Developments:** Recently, Shakira has been in the public eye due to her separation from football player Gerard Piqué. She has released music reflecting on the experience and is continuing her music career.
2025-12-02 18:41:42,405 [I/O dispatcher 1] INFO  marytts.R 0 Handling request using the following modules:
2025-12-02 18:41:42,405 [I/O dispatcher 1] INFO  marytts.R 0 - TextToMaryXML (marytts.modules.TextToMaryXML)
2025-12-02 18:41:42,405 [I/O dispatcher 1] INFO  marytts.R 0 Next module: TextToMaryXML
2025-12-02 18:41:42,406 [I/O dispatcher 1] INFO  marytts.R 0 Handling request using the following modules:
2025-12-02 18:41:42,406 [I/O dispatcher 1] INFO  marytts.R 0 - JTokeniser (marytts.language.en.JTokeniser)
2025-12-02 18:41:42,406 [I/O dispatcher 1] INFO  marytts.R 0 - Preprocess (marytts.language.en.Preprocess)
2025-12-02 18:41:42,406 [I/O dispatcher 1] INFO  marytts.R 0 - OpenNLPPosTagger (marytts.modules.OpenNLPPosTagger)
2025-12-02 18:41:42,406 [I/O dispatcher 1] INFO  marytts.R 0 - JPhonemiser (marytts.modules.JPhonemiser)
2025-12-02 18:41:42,406 [I/O dispatcher 1] INFO  marytts.R 0 - Prosody (marytts.language.en.Prosody)
2025-12-02 18:41:42,406 [I/O dispatcher 1] INFO  marytts.R 0 - PronunciationModel (marytts.language.en.PronunciationModel)
2025-12-02 18:41:42,406 [I/O dispatcher 1] INFO  marytts.R 0 - AcousticModeller (marytts.modules.AcousticModeller)
2025-12-02 18:41:42,406 [I/O dispatcher 1] INFO  marytts.R 0 - Synthesis (marytts.modules.Synthesis)
2025-12-02 18:41:42,406 [I/O dispatcher 1] INFO  marytts.R 0 Next module: JTokeniser
2025-12-02 18:41:42,407 [I/O dispatcher 1] INFO  marytts.R 0 Next module: Preprocess
2025-12-02 18:41:42,414 [I/O dispatcher 1] INFO  marytts.R 0 Next module: OpenNLPPosTagger
2025-12-02 18:41:42,424 [I/O dispatcher 1] INFO  marytts.R 0 Next module: JPhonemiser
2025-12-02 18:41:42,445 [I/O dispatcher 1] INFO  marytts.R 0 Next module: Prosody
2025-12-02 18:41:42,455 [I/O dispatcher 1] INFO  marytts.R 0 Next module: PronunciationModel
2025-12-02 18:41:42,456 [I/O dispatcher 1] INFO  marytts.R 0 Next module: AcousticModeller
2025-12-02 18:41:42,508 [I/O dispatcher 1] INFO  marytts.ParameterGeneration Parameter generation for LF0: 
2025-12-02 18:41:42,508 [I/O dispatcher 1] INFO  marytts.PStream Context-dependent global variance optimization: gvLength = 1764
2025-12-02 18:41:42,517 [I/O dispatcher 1] INFO  marytts.PStream Gradient GV optimization for feature: (0)  number of iterations=33
2025-12-02 18:41:42,575 [I/O dispatcher 1] INFO  marytts.R 0 Next module: Synthesis
2025-12-02 18:41:42,613 [I/O dispatcher 1] INFO  marytts.HMMSynthesizer Synthesizing one sentence.
2025-12-02 18:41:42,616 [I/O dispatcher 1] INFO  marytts.HTSEngine Using prosody from acoustparams.
2025-12-02 18:41:42,620 [I/O dispatcher 1] INFO  marytts.HTSEngine Number of models in sentence numModel=94  Total number of states numState=470
2025-12-02 18:41:42,620 [I/O dispatcher 1] INFO  marytts.HTSEngine Total number of frames=2004  Number of voiced frames=1177
2025-12-02 18:41:42,627 [I/O dispatcher 1] INFO  marytts.ParameterGeneration Parameter generation for MGC: 
2025-12-02 18:41:42,628 [I/O dispatcher 1] INFO  marytts.PStream Context-dependent global variance optimization: gvLength = 1527
2025-12-02 18:41:42,655 [I/O dispatcher 1] INFO  marytts.PStream Gradient GV optimization for feature: (0)  number of iterations=98
2025-12-02 18:41:42,658 [I/O dispatcher 1] INFO  marytts.PStream Gradient GV optimization for feature: (1)  number of iterations=1
2025-12-02 18:41:42,660 [I/O dispatcher 1] INFO  marytts.PStream Gradient GV optimization for feature: (2)  number of iterations=2
2025-12-02 18:41:42,662 [I/O dispatcher 1] INFO  marytts.PStream Gradient GV optimization for feature: (3)  number of iterations=3
2025-12-02 18:41:42,664 [I/O dispatcher 1] INFO  marytts.PStream Gradient GV optimization for feature: (4)  number of iterations=7
2025-12-02 18:41:42,669 [I/O dispatcher 1] INFO  marytts.PStream Gradient GV optimization for feature: (5)  number of iterations=23
2025-12-02 18:41:42,672 [I/O dispatcher 1] INFO  marytts.PStream Gradient GV optimization for feature: (6)  number of iterations=5
2025-12-02 18:41:42,675 [I/O dispatcher 1] INFO  marytts.PStream Gradient GV optimization for feature: (7)  number of iterations=6
2025-12-02 18:41:42,676 [I/O dispatcher 1] INFO  marytts.PStream Gradient GV optimization for feature: (8)  number of iterations=5
2025-12-02 18:41:42,680 [I/O dispatcher 1] INFO  marytts.PStream Gradient GV optimization for feature: (9)  number of iterations=21
2025-12-02 18:41:42,685 [I/O dispatcher 1] INFO  marytts.PStream Gradient GV optimization for feature: (10)  number of iterations=16
2025-12-02 18:41:42,689 [I/O dispatcher 1] INFO  marytts.PStream Gradient GV optimization for feature: (11)  number of iterations=18
2025-12-02 18:41:42,693 [I/O dispatcher 1] INFO  marytts.PStream Gradient GV optimization for feature: (12)  number of iterations=17
2025-12-02 18:41:42,698 [I/O dispatcher 1] INFO  marytts.PStream Gradient GV optimization for feature: (13)  number of iterations=17
2025-12-02 18:41:42,702 [I/O dispatcher 1] INFO  marytts.PStream Gradient GV optimization for feature: (14)  number of iterations=19
2025-12-02 18:41:42,706 [I/O dispatcher 1] INFO  marytts.PStream Gradient GV optimization for feature: (15)  number of iterations=15
2025-12-02 18:41:42,711 [I/O dispatcher 1] INFO  marytts.PStream Gradient GV optimization for feature: (16)  number of iterations=21
2025-12-02 18:41:42,713 [I/O dispatcher 1] INFO  marytts.PStream Gradient GV optimization for feature: (17)  number of iterations=18
2025-12-02 18:41:42,717 [I/O dispatcher 1] INFO  marytts.PStream Gradient GV optimization for feature: (18)  number of iterations=17
2025-12-02 18:41:42,718 [I/O dispatcher 1] INFO  marytts.PStream Gradient GV optimization for feature: (19)  number of iterations=12
2025-12-02 18:41:42,720 [I/O dispatcher 1] INFO  marytts.PStream Gradient GV optimization for feature: (20)  number of iterations=14
2025-12-02 18:41:42,722 [I/O dispatcher 1] INFO  marytts.PStream Gradient GV optimization for feature: (21)  number of iterations=17
2025-12-02 18:41:42,724 [I/O dispatcher 1] INFO  marytts.PStream Gradient GV optimization for feature: (22)  number of iterations=20
2025-12-02 18:41:42,726 [I/O dispatcher 1] INFO  marytts.PStream Gradient GV optimization for feature: (23)  number of iterations=11
2025-12-02 18:41:42,727 [I/O dispatcher 1] INFO  marytts.PStream Gradient GV optimization for feature: (24)  number of iterations=10
2025-12-02 18:41:42,728 [I/O dispatcher 1] INFO  marytts.PStream Gradient GV optimization for feature: (25)  number of iterations=10
2025-12-02 18:41:42,729 [I/O dispatcher 1] INFO  marytts.PStream Gradient GV optimization for feature: (26)  number of iterations=12
2025-12-02 18:41:42,730 [I/O dispatcher 1] INFO  marytts.PStream Gradient GV optimization for feature: (27)  number of iterations=13
2025-12-02 18:41:42,732 [I/O dispatcher 1] INFO  marytts.PStream Gradient GV optimization for feature: (28)  number of iterations=8
2025-12-02 18:41:42,734 [I/O dispatcher 1] INFO  marytts.PStream Gradient GV optimization for feature: (29)  number of iterations=14
2025-12-02 18:41:42,736 [I/O dispatcher 1] INFO  marytts.PStream Gradient GV optimization for feature: (30)  number of iterations=12
2025-12-02 18:41:42,737 [I/O dispatcher 1] INFO  marytts.PStream Gradient GV optimization for feature: (31)  number of iterations=7
2025-12-02 18:41:42,738 [I/O dispatcher 1] INFO  marytts.PStream Gradient GV optimization for feature: (32)  number of iterations=8
2025-12-02 18:41:42,739 [I/O dispatcher 1] INFO  marytts.PStream Gradient GV optimization for feature: (33)  number of iterations=9
2025-12-02 18:41:42,740 [I/O dispatcher 1] INFO  marytts.PStream Gradient GV optimization for feature: (34)  number of iterations=12
2025-12-02 18:41:42,740 [I/O dispatcher 1] INFO  marytts.ParameterGeneration Using f0 from maryXML acoustparams
2025-12-02 18:41:42,744 [I/O dispatcher 1] INFO  marytts.PStream Context-dependent global variance optimization: gvLength = 1527
2025-12-02 18:41:42,748 [I/O dispatcher 1] INFO  marytts.PStream Gradient GV optimization for feature: (0)  number of iterations=53
2025-12-02 18:41:42,749 [I/O dispatcher 1] INFO  marytts.PStream Gradient GV optimization for feature: (1)  number of iterations=12
2025-12-02 18:41:42,751 [I/O dispatcher 1] INFO  marytts.PStream Gradient GV optimization for feature: (2)  number of iterations=10
2025-12-02 18:41:42,752 [I/O dispatcher 1] INFO  marytts.PStream Gradient GV optimization for feature: (3)  number of iterations=10
2025-12-02 18:41:42,753 [I/O dispatcher 1] INFO  marytts.PStream Gradient GV optimization for feature: (4)  number of iterations=8
2025-12-02 18:41:42,760 [I/O dispatcher 1] INFO  marytts.HMMSynthesizer Synthesizing one sentence.
2025-12-02 18:41:42,761 [I/O dispatcher 1] INFO  marytts.HTSEngine Using prosody from acoustparams.
2025-12-02 18:41:42,764 [I/O dispatcher 1] INFO  marytts.HTSEngine Number of models in sentence numModel=59  Total number of states numState=295
2025-12-02 18:41:42,764 [I/O dispatcher 1] INFO  marytts.HTSEngine Total number of frames=985  Number of voiced frames=634
2025-12-02 18:41:42,770 [I/O dispatcher 1] INFO  marytts.ParameterGeneration Parameter generation for MGC: 
2025-12-02 18:41:42,770 [I/O dispatcher 1] INFO  marytts.PStream Context-dependent global variance optimization: gvLength = 906
2025-12-02 18:41:42,774 [I/O dispatcher 1] INFO  marytts.PStream    optimization stopped by reaching max number of iterations (no global variance applied)
2025-12-02 18:41:42,774 [I/O dispatcher 1] INFO  marytts.PStream Gradient GV optimization for feature: (0)  number of iterations=101
2025-12-02 18:41:42,774 [I/O dispatcher 1] INFO  marytts.PStream Gradient GV optimization for feature: (1)  number of iterations=25
2025-12-02 18:41:42,776 [I/O dispatcher 1] INFO  marytts.PStream Gradient GV optimization for feature: (2)  number of iterations=1
2025-12-02 18:41:42,776 [I/O dispatcher 1] INFO  marytts.PStream Gradient GV optimization for feature: (3)  number of iterations=3
2025-12-02 18:41:42,777 [I/O dispatcher 1] INFO  marytts.PStream Gradient GV optimization for feature: (4)  number of iterations=3
2025-12-02 18:41:42,778 [I/O dispatcher 1] INFO  marytts.PStream Gradient GV optimization for feature: (5)  number of iterations=24
2025-12-02 18:41:42,778 [I/O dispatcher 1] INFO  marytts.PStream Gradient GV optimization for feature: (6)  number of iterations=1
2025-12-02 18:41:42,780 [I/O dispatcher 1] INFO  marytts.PStream Gradient GV optimization for feature: (7)  number of iterations=21
2025-12-02 18:41:42,781 [I/O dispatcher 1] INFO  marytts.PStream Gradient GV optimization for feature: (8)  number of iterations=21
2025-12-02 18:41:42,782 [I/O dispatcher 1] INFO  marytts.PStream Gradient GV optimization for feature: (9)  number of iterations=34
2025-12-02 18:41:42,782 [I/O dispatcher 1] INFO  marytts.PStream Gradient GV optimization for feature: (10)  number of iterations=19
2025-12-02 18:41:42,784 [I/O dispatcher 1] INFO  marytts.PStream Gradient GV optimization for feature: (11)  number of iterations=18
2025-12-02 18:41:42,785 [I/O dispatcher 1] INFO  marytts.PStream Gradient GV optimization for feature: (12)  number of iterations=18
2025-12-02 18:41:42,785 [I/O dispatcher 1] INFO  marytts.PStream Gradient GV optimization for feature: (13)  number of iterations=17
2025-12-02 18:41:42,786 [I/O dispatcher 1] INFO  marytts.PStream Gradient GV optimization for feature: (14)  number of iterations=19
2025-12-02 18:41:42,787 [I/O dispatcher 1] INFO  marytts.PStream Gradient GV optimization for feature: (15)  number of iterations=18
2025-12-02 18:41:42,788 [I/O dispatcher 1] INFO  marytts.PStream Gradient GV optimization for feature: (16)  number of iterations=18
2025-12-02 18:41:42,788 [I/O dispatcher 1] INFO  marytts.PStream Gradient GV optimization for feature: (17)  number of iterations=21
2025-12-02 18:41:42,792 [I/O dispatcher 1] INFO  marytts.PStream Gradient GV optimization for feature: (18)  number of iterations=31
2025-12-02 18:41:42,794 [I/O dispatcher 1] INFO  marytts.PStream Gradient GV optimization for feature: (19)  number of iterations=19
2025-12-02 18:41:42,794 [I/O dispatcher 1] INFO  marytts.PStream Gradient GV optimization for feature: (20)  number of iterations=16
2025-12-02 18:41:42,795 [I/O dispatcher 1] INFO  marytts.PStream Gradient GV optimization for feature: (21)  number of iterations=16
2025-12-02 18:41:42,796 [I/O dispatcher 1] INFO  marytts.PStream Gradient GV optimization for feature: (22)  number of iterations=20
2025-12-02 18:41:42,796 [I/O dispatcher 1] INFO  marytts.PStream Gradient GV optimization for feature: (23)  number of iterations=17
2025-12-02 18:41:42,797 [I/O dispatcher 1] INFO  marytts.PStream Gradient GV optimization for feature: (24)  number of iterations=10
2025-12-02 18:41:42,797 [I/O dispatcher 1] INFO  marytts.PStream Gradient GV optimization for feature: (25)  number of iterations=10
2025-12-02 18:41:42,798 [I/O dispatcher 1] INFO  marytts.PStream Gradient GV optimization for feature: (26)  number of iterations=11
2025-12-02 18:41:42,798 [I/O dispatcher 1] INFO  marytts.PStream Gradient GV optimization for feature: (27)  number of iterations=12
2025-12-02 18:41:42,799 [I/O dispatcher 1] INFO  marytts.PStream Gradient GV optimization for feature: (28)  number of iterations=18
2025-12-02 18:41:42,799 [I/O dispatcher 1] INFO  marytts.PStream Gradient GV optimization for feature: (29)  number of iterations=14
2025-12-02 18:41:42,800 [I/O dispatcher 1] INFO  marytts.PStream Gradient GV optimization for feature: (30)  number of iterations=12
2025-12-02 18:41:42,801 [I/O dispatcher 1] INFO  marytts.PStream Gradient GV optimization for feature: (31)  number of iterations=12
2025-12-02 18:41:42,801 [I/O dispatcher 1] INFO  marytts.PStream Gradient GV optimization for feature: (32)  number of iterations=4
2025-12-02 18:41:42,802 [I/O dispatcher 1] INFO  marytts.PStream Gradient GV optimization for feature: (33)  number of iterations=18
2025-12-02 18:41:42,802 [I/O dispatcher 1] INFO  marytts.PStream Gradient GV optimization for feature: (34)  number of iterations=21
2025-12-02 18:41:42,802 [I/O dispatcher 1] INFO  marytts.ParameterGeneration Using f0 from maryXML acoustparams
2025-12-02 18:41:42,805 [I/O dispatcher 1] INFO  marytts.PStream Context-dependent global variance optimization: gvLength = 906
2025-12-02 18:41:42,807 [I/O dispatcher 1] INFO  marytts.PStream Gradient GV optimization for feature: (0)  number of iterations=71
2025-12-02 18:41:42,807 [I/O dispatcher 1] INFO  marytts.PStream Gradient GV optimization for feature: (1)  number of iterations=21
2025-12-02 18:41:42,808 [I/O dispatcher 1] INFO  marytts.PStream Gradient GV optimization for feature: (2)  number of iterations=26
2025-12-02 18:41:42,809 [I/O dispatcher 1] INFO  marytts.PStream Gradient GV optimization for feature: (3)  number of iterations=8
2025-12-02 18:41:42,809 [I/O dispatcher 1] INFO  marytts.PStream Gradient GV optimization for feature: (4)  number of iterations=6
2025-12-02 18:41:42,810 [I/O dispatcher 1] INFO  marytts.R 0 Handling request using the following modules:
2025-12-02 18:41:42,810 [I/O dispatcher 1] INFO  marytts.R 0 - JTokeniser (marytts.language.en.JTokeniser)
2025-12-02 18:41:42,810 [I/O dispatcher 1] INFO  marytts.R 0 - Preprocess (marytts.language.en.Preprocess)
2025-12-02 18:41:42,810 [I/O dispatcher 1] INFO  marytts.R 0 - OpenNLPPosTagger (marytts.modules.OpenNLPPosTagger)
2025-12-02 18:41:42,810 [I/O dispatcher 1] INFO  marytts.R 0 - JPhonemiser (marytts.modules.JPhonemiser)
2025-12-02 18:41:42,810 [I/O dispatcher 1] INFO  marytts.R 0 - Prosody (marytts.language.en.Prosody)
2025-12-02 18:41:42,810 [I/O dispatcher 1] INFO  marytts.R 0 - PronunciationModel (marytts.language.en.PronunciationModel)
2025-12-02 18:41:42,810 [I/O dispatcher 1] INFO  marytts.R 0 - AcousticModeller (marytts.modules.AcousticModeller)
2025-12-02 18:41:42,810 [I/O dispatcher 1] INFO  marytts.R 0 - Synthesis (marytts.modules.Synthesis)
2025-12-02 18:41:42,810 [I/O dispatcher 1] INFO  marytts.R 0 Next module: JTokeniser
2025-12-02 18:41:42,812 [I/O dispatcher 1] INFO  marytts.R 0 Next module: Preprocess
2025-12-02 18:41:42,814 [I/O dispatcher 1] INFO  marytts.R 0 Next module: OpenNLPPosTagger
2025-12-02 18:41:42,815 [I/O dispatcher 1] INFO  marytts.R 0 Next module: JPhonemiser
2025-12-02 18:41:42,824 [I/O dispatcher 1] INFO  marytts.R 0 Next module: Prosody
2025-12-02 18:41:42,825 [I/O dispatcher 1] INFO  marytts.R 0 Next module: PronunciationModel
2025-12-02 18:41:42,826 [I/O dispatcher 1] INFO  marytts.R 0 Next module: AcousticModeller
2025-12-02 18:41:42,832 [I/O dispatcher 1] INFO  marytts.ParameterGeneration Parameter generation for LF0: 
2025-12-02 18:41:42,832 [I/O dispatcher 1] INFO  marytts.PStream Context-dependent global variance optimization: gvLength = 314
2025-12-02 18:41:42,832 [I/O dispatcher 1] INFO  marytts.PStream Gradient GV optimization for feature: (0)  number of iterations=7
2025-12-02 18:41:42,833 [I/O dispatcher 1] INFO  marytts.R 0 Next module: Synthesis
2025-12-02 18:41:42,833 [I/O dispatcher 1] INFO  marytts.HMMSynthesizer Synthesizing one sentence.
2025-12-02 18:41:42,833 [I/O dispatcher 1] INFO  marytts.HTSEngine Using prosody from acoustparams.
2025-12-02 18:41:42,834 [I/O dispatcher 1] INFO  marytts.HTSEngine Number of models in sentence numModel=29  Total number of states numState=145
2025-12-02 18:41:42,834 [I/O dispatcher 1] INFO  marytts.HTSEngine Total number of frames=537  Number of voiced frames=314
2025-12-02 18:41:42,835 [I/O dispatcher 1] INFO  marytts.ParameterGeneration Parameter generation for MGC: 
2025-12-02 18:41:42,835 [I/O dispatcher 1] INFO  marytts.PStream Context-dependent global variance optimization: gvLength = 457
2025-12-02 18:41:42,835 [I/O dispatcher 1] INFO  marytts.PStream Gradient GV optimization for feature: (0)  number of iterations=42
2025-12-02 18:41:42,836 [I/O dispatcher 1] INFO  marytts.PStream Gradient GV optimization for feature: (1)  number of iterations=22
2025-12-02 18:41:42,836 [I/O dispatcher 1] INFO  marytts.PStream Gradient GV optimization for feature: (2)  number of iterations=11
2025-12-02 18:41:42,836 [I/O dispatcher 1] INFO  marytts.PStream Gradient GV optimization for feature: (3)  number of iterations=7
2025-12-02 18:41:42,836 [I/O dispatcher 1] INFO  marytts.PStream Gradient GV optimization for feature: (4)  number of iterations=2
2025-12-02 18:41:42,837 [I/O dispatcher 1] INFO  marytts.PStream Gradient GV optimization for feature: (5)  number of iterations=2
2025-12-02 18:41:42,837 [I/O dispatcher 1] INFO  marytts.PStream Gradient GV optimization for feature: (6)  number of iterations=23
2025-12-02 18:41:42,838 [I/O dispatcher 1] INFO  marytts.PStream Gradient GV optimization for feature: (7)  number of iterations=21
2025-12-02 18:41:42,838 [I/O dispatcher 1] INFO  marytts.PStream Gradient GV optimization for feature: (8)  number of iterations=21
2025-12-02 18:41:42,838 [I/O dispatcher 1] INFO  marytts.PStream Gradient GV optimization for feature: (9)  number of iterations=19
2025-12-02 18:41:42,839 [I/O dispatcher 1] INFO  marytts.PStream Gradient GV optimization for feature: (10)  number of iterations=15
2025-12-02 18:41:42,839 [I/O dispatcher 1] INFO  marytts.PStream Gradient GV optimization for feature: (11)  number of iterations=17
2025-12-02 18:41:42,839 [I/O dispatcher 1] INFO  marytts.PStream Gradient GV optimization for feature: (12)  number of iterations=17
2025-12-02 18:41:42,840 [I/O dispatcher 1] INFO  marytts.PStream Gradient GV optimization for feature: (13)  number of iterations=25
2025-12-02 18:41:42,840 [I/O dispatcher 1] INFO  marytts.PStream Gradient GV optimization for feature: (14)  number of iterations=20
2025-12-02 18:41:42,840 [I/O dispatcher 1] INFO  marytts.PStream Gradient GV optimization for feature: (15)  number of iterations=14
2025-12-02 18:41:42,841 [I/O dispatcher 1] INFO  marytts.PStream Gradient GV optimization for feature: (16)  number of iterations=21
2025-12-02 18:41:42,841 [I/O dispatcher 1] INFO  marytts.PStream Gradient GV optimization for feature: (17)  number of iterations=27
2025-12-02 18:41:42,842 [I/O dispatcher 1] INFO  marytts.PStream Gradient GV optimization for feature: (18)  number of iterations=19
2025-12-02 18:41:42,842 [I/O dispatcher 1] INFO  marytts.PStream Gradient GV optimization for feature: (19)  number of iterations=14
2025-12-02 18:41:42,842 [I/O dispatcher 1] INFO  marytts.PStream Gradient GV optimization for feature: (20)  number of iterations=14
2025-12-02 18:41:42,843 [I/O dispatcher 1] INFO  marytts.PStream Gradient GV optimization for feature: (21)  number of iterations=17
2025-12-02 18:41:42,843 [I/O dispatcher 1] INFO  marytts.PStream Gradient GV optimization for feature: (22)  number of iterations=15
2025-12-02 18:41:42,843 [I/O dispatcher 1] INFO  marytts.PStream Gradient GV optimization for feature: (23)  number of iterations=14
2025-12-02 18:41:42,844 [I/O dispatcher 1] INFO  marytts.PStream Gradient GV optimization for feature: (24)  number of iterations=10
2025-12-02 18:41:42,844 [I/O dispatcher 1] INFO  marytts.PStream Gradient GV optimization for feature: (25)  number of iterations=12
2025-12-02 18:41:42,844 [I/O dispatcher 1] INFO  marytts.PStream Gradient GV optimization for feature: (26)  number of iterations=12
2025-12-02 18:41:42,844 [I/O dispatcher 1] INFO  marytts.PStream Gradient GV optimization for feature: (27)  number of iterations=12
2025-12-02 18:41:42,844 [I/O dispatcher 1] INFO  marytts.PStream Gradient GV optimization for feature: (28)  number of iterations=16
2025-12-02 18:41:42,844 [I/O dispatcher 1] INFO  marytts.PStream Gradient GV optimization for feature: (29)  number of iterations=15
2025-12-02 18:41:42,844 [I/O dispatcher 1] INFO  marytts.PStream Gradient GV optimization for feature: (30)  number of iterations=13
2025-12-02 18:41:42,846 [I/O dispatcher 1] INFO  marytts.PStream Gradient GV optimization for feature: (31)  number of iterations=13
2025-12-02 18:41:42,846 [I/O dispatcher 1] INFO  marytts.PStream Gradient GV optimization for feature: (32)  number of iterations=10
2025-12-02 18:41:42,846 [I/O dispatcher 1] INFO  marytts.PStream Gradient GV optimization for feature: (33)  number of iterations=16
2025-12-02 18:41:42,847 [I/O dispatcher 1] INFO  marytts.PStream Gradient GV optimization for feature: (34)  number of iterations=14
2025-12-02 18:41:42,847 [I/O dispatcher 1] INFO  marytts.ParameterGeneration Using f0 from maryXML acoustparams
2025-12-02 18:41:42,847 [I/O dispatcher 1] INFO  marytts.PStream Context-dependent global variance optimization: gvLength = 457
2025-12-02 18:41:42,848 [I/O dispatcher 1] INFO  marytts.PStream Gradient GV optimization for feature: (0)  number of iterations=25
2025-12-02 18:41:42,848 [I/O dispatcher 1] INFO  marytts.PStream Gradient GV optimization for feature: (1)  number of iterations=24
2025-12-02 18:41:42,849 [I/O dispatcher 1] INFO  marytts.PStream Gradient GV optimization for feature: (2)  number of iterations=30
2025-12-02 18:41:42,849 [I/O dispatcher 1] INFO  marytts.PStream Gradient GV optimization for feature: (3)  number of iterations=6
2025-12-02 18:41:42,849 [I/O dispatcher 1] INFO  marytts.PStream Gradient GV optimization for feature: (4)  number of iterations=2
2025-12-02 18:41:42,850 [I/O dispatcher 1] INFO  marytts.R 0 Handling request using the following modules:
2025-12-02 18:41:42,850 [I/O dispatcher 1] INFO  marytts.R 0 - JTokeniser (marytts.language.en.JTokeniser)
2025-12-02 18:41:42,850 [I/O dispatcher 1] INFO  marytts.R 0 - Preprocess (marytts.language.en.Preprocess)
2025-12-02 18:41:42,850 [I/O dispatcher 1] INFO  marytts.R 0 - OpenNLPPosTagger (marytts.modules.OpenNLPPosTagger)
2025-12-02 18:41:42,850 [I/O dispatcher 1] INFO  marytts.R 0 - JPhonemiser (marytts.modules.JPhonemiser)
2025-12-02 18:41:42,850 [I/O dispatcher 1] INFO  marytts.R 0 - Prosody (marytts.language.en.Prosody)
2025-12-02 18:41:42,850 [I/O dispatcher 1] INFO  marytts.R 0 - PronunciationModel (marytts.language.en.PronunciationModel)
2025-12-02 18:41:42,850 [I/O dispatcher 1] INFO  marytts.R 0 - AcousticModeller (marytts.modules.AcousticModeller)
2025-12-02 18:41:42,850 [I/O dispatcher 1] INFO  marytts.R 0 - Synthesis (marytts.modules.Synthesis)
2025-12-02 18:41:42,850 [I/O dispatcher 1] INFO  marytts.R 0 Next module: JTokeniser
2025-12-02 18:41:42,852 [I/O dispatcher 1] INFO  marytts.R 0 Next module: Preprocess
2025-12-02 18:41:42,860 [I/O dispatcher 1] INFO  marytts.R 0 Next module: OpenNLPPosTagger
2025-12-02 18:41:42,866 [I/O dispatcher 1] INFO  marytts.R 0 Next module: JPhonemiser
2025-12-02 18:41:42,869 [I/O dispatcher 1] INFO  marytts.R 0 Next module: Prosody
2025-12-02 18:41:42,880 [I/O dispatcher 1] INFO  marytts.R 0 Next module: PronunciationModel
2025-12-02 18:41:42,882 [I/O dispatcher 1] INFO  marytts.R 0 Next module: AcousticModeller
2025-12-02 18:41:42,929 [I/O dispatcher 1] INFO  marytts.ParameterGeneration Parameter generation for LF0: 
2025-12-02 18:41:42,930 [I/O dispatcher 1] INFO  marytts.PStream Context-dependent global variance optimization: gvLength = 2695
2025-12-02 18:41:42,933 [I/O dispatcher 1] INFO  marytts.PStream Gradient GV optimization for feature: (0)  number of iterations=60
2025-12-02 18:41:42,944 [I/O dispatcher 1] INFO  marytts.R 0 Next module: Synthesis
2025-12-02 18:41:42,944 [I/O dispatcher 1] INFO  marytts.HMMSynthesizer Synthesizing one sentence.
2025-12-02 18:41:42,947 [I/O dispatcher 1] INFO  marytts.HTSEngine Using prosody from acoustparams.
2025-12-02 18:41:42,948 [I/O dispatcher 1] INFO  marytts.HTSEngine Number of models in sentence numModel=95  Total number of states numState=475
2025-12-02 18:41:42,948 [I/O dispatcher 1] INFO  marytts.HTSEngine Total number of frames=2071  Number of voiced frames=1067
2025-12-02 18:41:42,952 [I/O dispatcher 1] INFO  marytts.ParameterGeneration Parameter generation for MGC: 
2025-12-02 18:41:42,952 [I/O dispatcher 1] INFO  marytts.PStream Context-dependent global variance optimization: gvLength = 1513
2025-12-02 18:41:42,954 [I/O dispatcher 1] INFO  marytts.PStream Gradient GV optimization for feature: (0)  number of iterations=27
2025-12-02 18:41:42,955 [I/O dispatcher 1] INFO  marytts.PStream Gradient GV optimization for feature: (1)  number of iterations=2
2025-12-02 18:41:42,957 [I/O dispatcher 1] INFO  marytts.PStream Gradient GV optimization for feature: (2)  number of iterations=23
2025-12-02 18:41:42,958 [I/O dispatcher 1] INFO  marytts.PStream Gradient GV optimization for feature: (3)  number of iterations=2
2025-12-02 18:41:42,959 [I/O dispatcher 1] INFO  marytts.PStream Gradient GV optimization for feature: (4)  number of iterations=22
2025-12-02 18:41:42,961 [I/O dispatcher 1] INFO  marytts.PStream Gradient GV optimization for feature: (5)  number of iterations=9
2025-12-02 18:41:42,962 [I/O dispatcher 1] INFO  marytts.PStream Gradient GV optimization for feature: (6)  number of iterations=1
2025-12-02 18:41:42,963 [I/O dispatcher 1] INFO  marytts.PStream Gradient GV optimization for feature: (7)  number of iterations=19
2025-12-02 18:41:42,963 [I/O dispatcher 1] INFO  marytts.PStream Gradient GV optimization for feature: (8)  number of iterations=3
2025-12-02 18:41:42,965 [I/O dispatcher 1] INFO  marytts.PStream Gradient GV optimization for feature: (9)  number of iterations=19
2025-12-02 18:41:42,966 [I/O dispatcher 1] INFO  marytts.PStream Gradient GV optimization for feature: (10)  number of iterations=17
2025-12-02 18:41:42,968 [I/O dispatcher 1] INFO  marytts.PStream Gradient GV optimization for feature: (11)  number of iterations=18
2025-12-02 18:41:42,969 [I/O dispatcher 1] INFO  marytts.PStream Gradient GV optimization for feature: (12)  number of iterations=17
2025-12-02 18:41:42,970 [I/O dispatcher 1] INFO  marytts.PStream Gradient GV optimization for feature: (13)  number of iterations=17
2025-12-02 18:41:42,972 [I/O dispatcher 1] INFO  marytts.PStream Gradient GV optimization for feature: (14)  number of iterations=19
2025-12-02 18:41:42,973 [I/O dispatcher 1] INFO  marytts.PStream Gradient GV optimization for feature: (15)  number of iterations=16
2025-12-02 18:41:42,974 [I/O dispatcher 1] INFO  marytts.PStream Gradient GV optimization for feature: (16)  number of iterations=18
2025-12-02 18:41:42,976 [I/O dispatcher 1] INFO  marytts.PStream Gradient GV optimization for feature: (17)  number of iterations=18
2025-12-02 18:41:42,977 [I/O dispatcher 1] INFO  marytts.PStream Gradient GV optimization for feature: (18)  number of iterations=17
2025-12-02 18:41:42,978 [I/O dispatcher 1] INFO  marytts.PStream Gradient GV optimization for feature: (19)  number of iterations=16
2025-12-02 18:41:42,980 [I/O dispatcher 1] INFO  marytts.PStream Gradient GV optimization for feature: (20)  number of iterations=16
2025-12-02 18:41:42,981 [I/O dispatcher 1] INFO  marytts.PStream Gradient GV optimization for feature: (21)  number of iterations=16
2025-12-02 18:41:42,983 [I/O dispatcher 1] INFO  marytts.PStream Gradient GV optimization for feature: (22)  number of iterations=20
2025-12-02 18:41:42,984 [I/O dispatcher 1] INFO  marytts.PStream Gradient GV optimization for feature: (23)  number of iterations=14
2025-12-02 18:41:42,985 [I/O dispatcher 1] INFO  marytts.PStream Gradient GV optimization for feature: (24)  number of iterations=10
2025-12-02 18:41:42,986 [I/O dispatcher 1] INFO  marytts.PStream Gradient GV optimization for feature: (25)  number of iterations=10
2025-12-02 18:41:42,987 [I/O dispatcher 1] INFO  marytts.PStream Gradient GV optimization for feature: (26)  number of iterations=12
2025-12-02 18:41:42,989 [I/O dispatcher 1] INFO  marytts.PStream Gradient GV optimization for feature: (27)  number of iterations=13
2025-12-02 18:41:42,991 [I/O dispatcher 1] INFO  marytts.PStream Gradient GV optimization for feature: (28)  number of iterations=20
2025-12-02 18:41:42,993 [I/O dispatcher 1] INFO  marytts.PStream Gradient GV optimization for feature: (29)  number of iterations=16
2025-12-02 18:41:42,994 [I/O dispatcher 1] INFO  marytts.PStream Gradient GV optimization for feature: (30)  number of iterations=12
2025-12-02 18:41:42,995 [I/O dispatcher 1] INFO  marytts.PStream Gradient GV optimization for feature: (31)  number of iterations=13
2025-12-02 18:41:42,996 [I/O dispatcher 1] INFO  marytts.PStream Gradient GV optimization for feature: (32)  number of iterations=8
2025-12-02 18:41:42,996 [I/O dispatcher 1] INFO  marytts.PStream Gradient GV optimization for feature: (33)  number of iterations=8
2025-12-02 18:41:42,997 [I/O dispatcher 1] INFO  marytts.PStream Gradient GV optimization for feature: (34)  number of iterations=13
2025-12-02 18:41:42,997 [I/O dispatcher 1] INFO  marytts.ParameterGeneration Using f0 from maryXML acoustparams
2025-12-02 18:41:43,000 [I/O dispatcher 1] INFO  marytts.PStream Context-dependent global variance optimization: gvLength = 1513
2025-12-02 18:41:43,002 [I/O dispatcher 1] INFO  marytts.PStream Gradient GV optimization for feature: (0)  number of iterations=24
2025-12-02 18:41:43,005 [I/O dispatcher 1] INFO  marytts.PStream Gradient GV optimization for feature: (1)  number of iterations=12
2025-12-02 18:41:43,008 [I/O dispatcher 1] INFO  marytts.PStream Gradient GV optimization for feature: (2)  number of iterations=2
2025-12-02 18:41:43,009 [I/O dispatcher 1] INFO  marytts.PStream Gradient GV optimization for feature: (3)  number of iterations=10
2025-12-02 18:41:43,011 [I/O dispatcher 1] INFO  marytts.PStream Gradient GV optimization for feature: (4)  number of iterations=8
2025-12-02 18:41:43,012 [I/O dispatcher 1] INFO  marytts.HMMSynthesizer Synthesizing one sentence.
2025-12-02 18:41:43,013 [I/O dispatcher 1] INFO  marytts.HTSEngine Using prosody from acoustparams.
2025-12-02 18:41:43,014 [I/O dispatcher 1] INFO  marytts.HTSEngine Number of models in sentence numModel=62  Total number of states numState=310
2025-12-02 18:41:43,014 [I/O dispatcher 1] INFO  marytts.HTSEngine Total number of frames=1153  Number of voiced frames=693
2025-12-02 18:41:43,021 [I/O dispatcher 1] INFO  marytts.ParameterGeneration Parameter generation for MGC: 
2025-12-02 18:41:43,021 [I/O dispatcher 1] INFO  marytts.PStream Context-dependent global variance optimization: gvLength = 993
2025-12-02 18:41:43,025 [I/O dispatcher 1] INFO  marytts.PStream    optimization stopped by reaching max number of iterations (no global variance applied)
2025-12-02 18:41:43,025 [I/O dispatcher 1] INFO  marytts.PStream Gradient GV optimization for feature: (0)  number of iterations=101
2025-12-02 18:41:43,025 [I/O dispatcher 1] INFO  marytts.PStream Gradient GV optimization for feature: (1)  number of iterations=2
2025-12-02 18:41:43,026 [I/O dispatcher 1] INFO  marytts.PStream Gradient GV optimization for feature: (2)  number of iterations=3
2025-12-02 18:41:43,027 [I/O dispatcher 1] INFO  marytts.PStream Gradient GV optimization for feature: (3)  number of iterations=22
2025-12-02 18:41:43,027 [I/O dispatcher 1] INFO  marytts.PStream Gradient GV optimization for feature: (4)  number of iterations=5
2025-12-02 18:41:43,028 [I/O dispatcher 1] INFO  marytts.PStream Gradient GV optimization for feature: (5)  number of iterations=7
2025-12-02 18:41:43,028 [I/O dispatcher 1] INFO  marytts.PStream Gradient GV optimization for feature: (6)  number of iterations=21
2025-12-02 18:41:43,029 [I/O dispatcher 1] INFO  marytts.PStream Gradient GV optimization for feature: (7)  number of iterations=23
2025-12-02 18:41:43,030 [I/O dispatcher 1] INFO  marytts.PStream Gradient GV optimization for feature: (8)  number of iterations=21
2025-12-02 18:41:43,031 [I/O dispatcher 1] INFO  marytts.PStream Gradient GV optimization for feature: (9)  number of iterations=24
2025-12-02 18:41:43,031 [I/O dispatcher 1] INFO  marytts.PStream Gradient GV optimization for feature: (10)  number of iterations=25
2025-12-02 18:41:43,033 [I/O dispatcher 1] INFO  marytts.PStream Gradient GV optimization for feature: (11)  number of iterations=18
2025-12-02 18:41:43,034 [I/O dispatcher 1] INFO  marytts.PStream Gradient GV optimization for feature: (12)  number of iterations=18
2025-12-02 18:41:43,035 [I/O dispatcher 1] INFO  marytts.PStream Gradient GV optimization for feature: (13)  number of iterations=17
2025-12-02 18:41:43,035 [I/O dispatcher 1] INFO  marytts.PStream Gradient GV optimization for feature: (14)  number of iterations=19
2025-12-02 18:41:43,036 [I/O dispatcher 1] INFO  marytts.PStream Gradient GV optimization for feature: (15)  number of iterations=24
2025-12-02 18:41:43,038 [I/O dispatcher 1] INFO  marytts.PStream Gradient GV optimization for feature: (16)  number of iterations=18
2025-12-02 18:41:43,038 [I/O dispatcher 1] INFO  marytts.PStream Gradient GV optimization for feature: (17)  number of iterations=20
2025-12-02 18:41:43,039 [I/O dispatcher 1] INFO  marytts.PStream Gradient GV optimization for feature: (18)  number of iterations=17
2025-12-02 18:41:43,040 [I/O dispatcher 1] INFO  marytts.PStream Gradient GV optimization for feature: (19)  number of iterations=16
2025-12-02 18:41:43,041 [I/O dispatcher 1] INFO  marytts.PStream Gradient GV optimization for feature: (20)  number of iterations=17
2025-12-02 18:41:43,041 [I/O dispatcher 1] INFO  marytts.PStream Gradient GV optimization for feature: (21)  number of iterations=4
2025-12-02 18:41:43,041 [I/O dispatcher 1] INFO  marytts.PStream Gradient GV optimization for feature: (22)  number of iterations=4
2025-12-02 18:41:43,042 [I/O dispatcher 1] INFO  marytts.PStream Gradient GV optimization for feature: (23)  number of iterations=16
2025-12-02 18:41:43,043 [I/O dispatcher 1] INFO  marytts.PStream Gradient GV optimization for feature: (24)  number of iterations=10
2025-12-02 18:41:43,043 [I/O dispatcher 1] INFO  marytts.PStream Gradient GV optimization for feature: (25)  number of iterations=10
2025-12-02 18:41:43,044 [I/O dispatcher 1] INFO  marytts.PStream Gradient GV optimization for feature: (26)  number of iterations=11
2025-12-02 18:41:43,044 [I/O dispatcher 1] INFO  marytts.PStream Gradient GV optimization for feature: (27)  number of iterations=13
2025-12-02 18:41:43,045 [I/O dispatcher 1] INFO  marytts.PStream Gradient GV optimization for feature: (28)  number of iterations=14
2025-12-02 18:41:43,045 [I/O dispatcher 1] INFO  marytts.PStream Gradient GV optimization for feature: (29)  number of iterations=15
2025-12-02 18:41:43,046 [I/O dispatcher 1] INFO  marytts.PStream Gradient GV optimization for feature: (30)  number of iterations=7
2025-12-02 18:41:43,047 [I/O dispatcher 1] INFO  marytts.PStream Gradient GV optimization for feature: (31)  number of iterations=13
2025-12-02 18:41:43,047 [I/O dispatcher 1] INFO  marytts.PStream Gradient GV optimization for feature: (32)  number of iterations=4
2025-12-02 18:41:43,047 [I/O dispatcher 1] INFO  marytts.PStream Gradient GV optimization for feature: (33)  number of iterations=9
2025-12-02 18:41:43,048 [I/O dispatcher 1] INFO  marytts.PStream Gradient GV optimization for feature: (34)  number of iterations=22
2025-12-02 18:41:43,048 [I/O dispatcher 1] INFO  marytts.ParameterGeneration Using f0 from maryXML acoustparams
2025-12-02 18:41:43,049 [I/O dispatcher 1] INFO  marytts.PStream Context-dependent global variance optimization: gvLength = 993
2025-12-02 18:41:43,051 [I/O dispatcher 1] INFO  marytts.PStream Gradient GV optimization for feature: (0)  number of iterations=54
2025-12-02 18:41:43,051 [I/O dispatcher 1] INFO  marytts.PStream Gradient GV optimization for feature: (1)  number of iterations=16
2025-12-02 18:41:43,053 [I/O dispatcher 1] INFO  marytts.PStream Gradient GV optimization for feature: (2)  number of iterations=18
2025-12-02 18:41:43,053 [I/O dispatcher 1] INFO  marytts.PStream Gradient GV optimization for feature: (3)  number of iterations=8
2025-12-02 18:41:43,054 [I/O dispatcher 1] INFO  marytts.PStream Gradient GV optimization for feature: (4)  number of iterations=6
2025-12-02 18:41:43,054 [I/O dispatcher 1] INFO  marytts.HMMSynthesizer Synthesizing one sentence.
2025-12-02 18:41:43,056 [I/O dispatcher 1] INFO  marytts.HTSEngine Using prosody from acoustparams.
2025-12-02 18:41:43,057 [I/O dispatcher 1] INFO  marytts.HTSEngine Number of models in sentence numModel=87  Total number of states numState=435
2025-12-02 18:41:43,057 [I/O dispatcher 1] INFO  marytts.HTSEngine Total number of frames=1834  Number of voiced frames=1005
2025-12-02 18:41:43,059 [I/O dispatcher 1] INFO  marytts.ParameterGeneration Parameter generation for MGC: 
2025-12-02 18:41:43,059 [I/O dispatcher 1] INFO  marytts.PStream Context-dependent global variance optimization: gvLength = 1356
2025-12-02 18:41:43,062 [I/O dispatcher 1] INFO  marytts.PStream Gradient GV optimization for feature: (0)  number of iterations=52
2025-12-02 18:41:43,063 [I/O dispatcher 1] INFO  marytts.PStream Gradient GV optimization for feature: (1)  number of iterations=2
2025-12-02 18:41:43,063 [I/O dispatcher 1] INFO  marytts.PStream Gradient GV optimization for feature: (2)  number of iterations=7
2025-12-02 18:41:43,064 [I/O dispatcher 1] INFO  marytts.PStream Gradient GV optimization for feature: (3)  number of iterations=21
2025-12-02 18:41:43,066 [I/O dispatcher 1] INFO  marytts.PStream Gradient GV optimization for feature: (4)  number of iterations=23
2025-12-02 18:41:43,067 [I/O dispatcher 1] INFO  marytts.PStream Gradient GV optimization for feature: (5)  number of iterations=23
2025-12-02 18:41:43,069 [I/O dispatcher 1] INFO  marytts.PStream Gradient GV optimization for feature: (6)  number of iterations=5
2025-12-02 18:41:43,070 [I/O dispatcher 1] INFO  marytts.PStream Gradient GV optimization for feature: (7)  number of iterations=21
2025-12-02 18:41:43,072 [I/O dispatcher 1] INFO  marytts.PStream Gradient GV optimization for feature: (8)  number of iterations=20
2025-12-02 18:41:43,074 [I/O dispatcher 1] INFO  marytts.PStream Gradient GV optimization for feature: (9)  number of iterations=19
2025-12-02 18:41:43,075 [I/O dispatcher 1] INFO  marytts.PStream Gradient GV optimization for feature: (10)  number of iterations=17
2025-12-02 18:41:43,076 [I/O dispatcher 1] INFO  marytts.PStream Gradient GV optimization for feature: (11)  number of iterations=17
2025-12-02 18:41:43,078 [I/O dispatcher 1] INFO  marytts.PStream Gradient GV optimization for feature: (12)  number of iterations=17
2025-12-02 18:41:43,079 [I/O dispatcher 1] INFO  marytts.PStream Gradient GV optimization for feature: (13)  number of iterations=27
2025-12-02 18:41:43,081 [I/O dispatcher 1] INFO  marytts.PStream Gradient GV optimization for feature: (14)  number of iterations=19
2025-12-02 18:41:43,082 [I/O dispatcher 1] INFO  marytts.PStream Gradient GV optimization for feature: (15)  number of iterations=16
2025-12-02 18:41:43,083 [I/O dispatcher 1] INFO  marytts.PStream Gradient GV optimization for feature: (16)  number of iterations=20
2025-12-02 18:41:43,084 [I/O dispatcher 1] INFO  marytts.PStream Gradient GV optimization for feature: (17)  number of iterations=17
2025-12-02 18:41:43,085 [I/O dispatcher 1] INFO  marytts.PStream Gradient GV optimization for feature: (18)  number of iterations=17
2025-12-02 18:41:43,086 [I/O dispatcher 1] INFO  marytts.PStream Gradient GV optimization for feature: (19)  number of iterations=12
2025-12-02 18:41:43,087 [I/O dispatcher 1] INFO  marytts.PStream Gradient GV optimization for feature: (20)  number of iterations=14
2025-12-02 18:41:43,088 [I/O dispatcher 1] INFO  marytts.PStream Gradient GV optimization for feature: (21)  number of iterations=16
2025-12-02 18:41:43,090 [I/O dispatcher 1] INFO  marytts.PStream Gradient GV optimization for feature: (22)  number of iterations=21
2025-12-02 18:41:43,091 [I/O dispatcher 1] INFO  marytts.PStream Gradient GV optimization for feature: (23)  number of iterations=11
2025-12-02 18:41:43,091 [I/O dispatcher 1] INFO  marytts.PStream Gradient GV optimization for feature: (24)  number of iterations=8
2025-12-02 18:41:43,092 [I/O dispatcher 1] INFO  marytts.PStream Gradient GV optimization for feature: (25)  number of iterations=10
2025-12-02 18:41:43,093 [I/O dispatcher 1] INFO  marytts.PStream Gradient GV optimization for feature: (26)  number of iterations=10
2025-12-02 18:41:43,093 [I/O dispatcher 1] INFO  marytts.PStream Gradient GV optimization for feature: (27)  number of iterations=14
2025-12-02 18:41:43,094 [I/O dispatcher 1] INFO  marytts.PStream Gradient GV optimization for feature: (28)  number of iterations=20
2025-12-02 18:41:43,095 [I/O dispatcher 1] INFO  marytts.PStream Gradient GV optimization for feature: (29)  number of iterations=14
2025-12-02 18:41:43,096 [I/O dispatcher 1] INFO  marytts.PStream Gradient GV optimization for feature: (30)  number of iterations=12
2025-12-02 18:41:43,097 [I/O dispatcher 1] INFO  marytts.PStream Gradient GV optimization for feature: (31)  number of iterations=11
2025-12-02 18:41:43,098 [I/O dispatcher 1] INFO  marytts.PStream Gradient GV optimization for feature: (32)  number of iterations=4
2025-12-02 18:41:43,099 [I/O dispatcher 1] INFO  marytts.PStream Gradient GV optimization for feature: (33)  number of iterations=8
2025-12-02 18:41:43,100 [I/O dispatcher 1] INFO  marytts.PStream Gradient GV optimization for feature: (34)  number of iterations=11
2025-12-02 18:41:43,100 [I/O dispatcher 1] INFO  marytts.ParameterGeneration Using f0 from maryXML acoustparams
2025-12-02 18:41:43,101 [I/O dispatcher 1] INFO  marytts.PStream Context-dependent global variance optimization: gvLength = 1356
2025-12-02 18:41:43,103 [I/O dispatcher 1] INFO  marytts.PStream Gradient GV optimization for feature: (0)  number of iterations=48
2025-12-02 18:41:43,104 [I/O dispatcher 1] INFO  marytts.PStream Gradient GV optimization for feature: (1)  number of iterations=8
2025-12-02 18:41:43,105 [I/O dispatcher 1] INFO  marytts.PStream Gradient GV optimization for feature: (2)  number of iterations=2
2025-12-02 18:41:43,106 [I/O dispatcher 1] INFO  marytts.PStream Gradient GV optimization for feature: (3)  number of iterations=10
2025-12-02 18:41:43,107 [I/O dispatcher 1] INFO  marytts.PStream Gradient GV optimization for feature: (4)  number of iterations=8
2025-12-02 18:41:43,108 [I/O dispatcher 1] INFO  marytts.R 0 Handling request using the following modules:
2025-12-02 18:41:43,108 [I/O dispatcher 1] INFO  marytts.R 0 - JTokeniser (marytts.language.en.JTokeniser)
2025-12-02 18:41:43,108 [I/O dispatcher 1] INFO  marytts.R 0 - Preprocess (marytts.language.en.Preprocess)
2025-12-02 18:41:43,108 [I/O dispatcher 1] INFO  marytts.R 0 - OpenNLPPosTagger (marytts.modules.OpenNLPPosTagger)
2025-12-02 18:41:43,108 [I/O dispatcher 1] INFO  marytts.R 0 - JPhonemiser (marytts.modules.JPhonemiser)
2025-12-02 18:41:43,108 [I/O dispatcher 1] INFO  marytts.R 0 - Prosody (marytts.language.en.Prosody)
2025-12-02 18:41:43,108 [I/O dispatcher 1] INFO  marytts.R 0 - PronunciationModel (marytts.language.en.PronunciationModel)
2025-12-02 18:41:43,108 [I/O dispatcher 1] INFO  marytts.R 0 - AcousticModeller (marytts.modules.AcousticModeller)
2025-12-02 18:41:43,108 [I/O dispatcher 1] INFO  marytts.R 0 - Synthesis (marytts.modules.Synthesis)
2025-12-02 18:41:43,108 [I/O dispatcher 1] INFO  marytts.R 0 Next module: JTokeniser
2025-12-02 18:41:43,109 [I/O dispatcher 1] INFO  marytts.R 0 Next module: Preprocess
2025-12-02 18:41:43,111 [I/O dispatcher 1] INFO  marytts.R 0 Next module: OpenNLPPosTagger
2025-12-02 18:41:43,115 [I/O dispatcher 1] INFO  marytts.R 0 Next module: JPhonemiser
2025-12-02 18:41:43,116 [I/O dispatcher 1] INFO  marytts.R 0 Next module: Prosody
2025-12-02 18:41:43,119 [I/O dispatcher 1] INFO  marytts.R 0 Next module: PronunciationModel
2025-12-02 18:41:43,120 [I/O dispatcher 1] INFO  marytts.R 0 Next module: AcousticModeller
2025-12-02 18:41:43,138 [I/O dispatcher 1] INFO  marytts.ParameterGeneration Parameter generation for LF0: 
2025-12-02 18:41:43,138 [I/O dispatcher 1] INFO  marytts.PStream Context-dependent global variance optimization: gvLength = 1061
2025-12-02 18:41:43,139 [I/O dispatcher 1] INFO  marytts.PStream Gradient GV optimization for feature: (0)  number of iterations=46
2025-12-02 18:41:43,143 [I/O dispatcher 1] INFO  marytts.R 0 Next module: Synthesis
2025-12-02 18:41:43,143 [I/O dispatcher 1] INFO  marytts.HMMSynthesizer Synthesizing one sentence.
2025-12-02 18:41:43,145 [I/O dispatcher 1] INFO  marytts.HTSEngine Using prosody from acoustparams.
2025-12-02 18:41:43,147 [I/O dispatcher 1] INFO  marytts.HTSEngine Number of models in sentence numModel=98  Total number of states numState=490
2025-12-02 18:41:43,147 [I/O dispatcher 1] INFO  marytts.HTSEngine Total number of frames=1848  Number of voiced frames=1058
2025-12-02 18:41:43,149 [I/O dispatcher 1] INFO  marytts.ParameterGeneration Parameter generation for MGC: 
2025-12-02 18:41:43,149 [I/O dispatcher 1] INFO  marytts.PStream Context-dependent global variance optimization: gvLength = 1530
2025-12-02 18:41:43,153 [I/O dispatcher 1] INFO  marytts.PStream Gradient GV optimization for feature: (0)  number of iterations=77
2025-12-02 18:41:43,154 [I/O dispatcher 1] INFO  marytts.PStream Gradient GV optimization for feature: (1)  number of iterations=1
2025-12-02 18:41:43,155 [I/O dispatcher 1] INFO  marytts.PStream Gradient GV optimization for feature: (2)  number of iterations=2
2025-12-02 18:41:43,155 [I/O dispatcher 1] INFO  marytts.PStream Gradient GV optimization for feature: (3)  number of iterations=4
2025-12-02 18:41:43,157 [I/O dispatcher 1] INFO  marytts.PStream Gradient GV optimization for feature: (4)  number of iterations=5
2025-12-02 18:41:43,163 [I/O dispatcher 1] INFO  marytts.PStream Gradient GV optimization for feature: (5)  number of iterations=7
2025-12-02 18:41:43,165 [I/O dispatcher 1] INFO  marytts.PStream Gradient GV optimization for feature: (6)  number of iterations=22
2025-12-02 18:41:43,167 [I/O dispatcher 1] INFO  marytts.PStream Gradient GV optimization for feature: (7)  number of iterations=21
2025-12-02 18:41:43,169 [I/O dispatcher 1] INFO  marytts.PStream Gradient GV optimization for feature: (8)  number of iterations=20
2025-12-02 18:41:43,171 [I/O dispatcher 1] INFO  marytts.PStream Gradient GV optimization for feature: (9)  number of iterations=19
2025-12-02 18:41:43,172 [I/O dispatcher 1] INFO  marytts.PStream Gradient GV optimization for feature: (10)  number of iterations=18
2025-12-02 18:41:43,174 [I/O dispatcher 1] INFO  marytts.PStream Gradient GV optimization for feature: (11)  number of iterations=17
2025-12-02 18:41:43,176 [I/O dispatcher 1] INFO  marytts.PStream Gradient GV optimization for feature: (12)  number of iterations=18
2025-12-02 18:41:43,178 [I/O dispatcher 1] INFO  marytts.PStream Gradient GV optimization for feature: (13)  number of iterations=31
2025-12-02 18:41:43,181 [I/O dispatcher 1] INFO  marytts.PStream Gradient GV optimization for feature: (14)  number of iterations=19
2025-12-02 18:41:43,183 [I/O dispatcher 1] INFO  marytts.PStream Gradient GV optimization for feature: (15)  number of iterations=22
2025-12-02 18:41:43,184 [I/O dispatcher 1] INFO  marytts.PStream Gradient GV optimization for feature: (16)  number of iterations=17
2025-12-02 18:41:43,185 [I/O dispatcher 1] INFO  marytts.PStream Gradient GV optimization for feature: (17)  number of iterations=17
2025-12-02 18:41:43,188 [I/O dispatcher 1] INFO  marytts.PStream Gradient GV optimization for feature: (18)  number of iterations=19
2025-12-02 18:41:43,190 [I/O dispatcher 1] INFO  marytts.PStream Gradient GV optimization for feature: (19)  number of iterations=12
2025-12-02 18:41:43,191 [I/O dispatcher 1] INFO  marytts.PStream Gradient GV optimization for feature: (20)  number of iterations=15
2025-12-02 18:41:43,192 [I/O dispatcher 1] INFO  marytts.PStream Gradient GV optimization for feature: (21)  number of iterations=17
2025-12-02 18:41:43,194 [I/O dispatcher 1] INFO  marytts.PStream Gradient GV optimization for feature: (22)  number of iterations=20
2025-12-02 18:41:43,196 [I/O dispatcher 1] INFO  marytts.PStream Gradient GV optimization for feature: (23)  number of iterations=15
2025-12-02 18:41:43,197 [I/O dispatcher 1] INFO  marytts.PStream Gradient GV optimization for feature: (24)  number of iterations=10
2025-12-02 18:41:43,197 [I/O dispatcher 1] INFO  marytts.PStream Gradient GV optimization for feature: (25)  number of iterations=10
2025-12-02 18:41:43,199 [I/O dispatcher 1] INFO  marytts.PStream Gradient GV optimization for feature: (26)  number of iterations=12
2025-12-02 18:41:43,200 [I/O dispatcher 1] INFO  marytts.PStream Gradient GV optimization for feature: (27)  number of iterations=13
2025-12-02 18:41:43,203 [I/O dispatcher 1] INFO  marytts.PStream Gradient GV optimization for feature: (28)  number of iterations=16
2025-12-02 18:41:43,204 [I/O dispatcher 1] INFO  marytts.PStream Gradient GV optimization for feature: (29)  number of iterations=16
2025-12-02 18:41:43,205 [I/O dispatcher 1] INFO  marytts.PStream Gradient GV optimization for feature: (30)  number of iterations=13
2025-12-02 18:41:43,206 [I/O dispatcher 1] INFO  marytts.PStream Gradient GV optimization for feature: (31)  number of iterations=12
2025-12-02 18:41:43,208 [I/O dispatcher 1] INFO  marytts.PStream Gradient GV optimization for feature: (32)  number of iterations=8
2025-12-02 18:41:43,209 [I/O dispatcher 1] INFO  marytts.PStream Gradient GV optimization for feature: (33)  number of iterations=8
2025-12-02 18:41:43,210 [I/O dispatcher 1] INFO  marytts.PStream Gradient GV optimization for feature: (34)  number of iterations=24
2025-12-02 18:41:43,210 [I/O dispatcher 1] INFO  marytts.ParameterGeneration Using f0 from maryXML acoustparams
2025-12-02 18:41:43,212 [I/O dispatcher 1] INFO  marytts.PStream Context-dependent global variance optimization: gvLength = 1530
2025-12-02 18:41:43,214 [I/O dispatcher 1] INFO  marytts.PStream Gradient GV optimization for feature: (0)  number of iterations=39
2025-12-02 18:41:43,216 [I/O dispatcher 1] INFO  marytts.PStream Gradient GV optimization for feature: (1)  number of iterations=13
2025-12-02 18:41:43,217 [I/O dispatcher 1] INFO  marytts.PStream Gradient GV optimization for feature: (2)  number of iterations=22
2025-12-02 18:41:43,218 [I/O dispatcher 1] INFO  marytts.PStream Gradient GV optimization for feature: (3)  number of iterations=4
2025-12-02 18:41:43,219 [I/O dispatcher 1] INFO  marytts.PStream Gradient GV optimization for feature: (4)  number of iterations=16
2025-12-02 18:41:43,224 [I/O dispatcher 1] INFO  marytts.R 0 Handling request using the following modules:
2025-12-02 18:41:43,224 [I/O dispatcher 1] INFO  marytts.R 0 - JTokeniser (marytts.language.en.JTokeniser)
2025-12-02 18:41:43,224 [I/O dispatcher 1] INFO  marytts.R 0 - Preprocess (marytts.language.en.Preprocess)
2025-12-02 18:41:43,224 [I/O dispatcher 1] INFO  marytts.R 0 - OpenNLPPosTagger (marytts.modules.OpenNLPPosTagger)
2025-12-02 18:41:43,224 [I/O dispatcher 1] INFO  marytts.R 0 - JPhonemiser (marytts.modules.JPhonemiser)
2025-12-02 18:41:43,224 [I/O dispatcher 1] INFO  marytts.R 0 - Prosody (marytts.language.en.Prosody)
2025-12-02 18:41:43,224 [I/O dispatcher 1] INFO  marytts.R 0 - PronunciationModel (marytts.language.en.PronunciationModel)
2025-12-02 18:41:43,224 [I/O dispatcher 1] INFO  marytts.R 0 - AcousticModeller (marytts.modules.AcousticModeller)
2025-12-02 18:41:43,224 [I/O dispatcher 1] INFO  marytts.R 0 - Synthesis (marytts.modules.Synthesis)
2025-12-02 18:41:43,224 [I/O dispatcher 1] INFO  marytts.R 0 Next module: JTokeniser
2025-12-02 18:41:43,225 [I/O dispatcher 1] INFO  marytts.R 0 Next module: Preprocess
2025-12-02 18:41:43,228 [I/O dispatcher 1] INFO  marytts.R 0 Next module: OpenNLPPosTagger
2025-12-02 18:41:43,232 [I/O dispatcher 1] INFO  marytts.R 0 Next module: JPhonemiser
2025-12-02 18:41:43,234 [I/O dispatcher 1] INFO  marytts.R 0 Next module: Prosody
2025-12-02 18:41:43,236 [I/O dispatcher 1] INFO  marytts.R 0 Next module: PronunciationModel
2025-12-02 18:41:43,238 [I/O dispatcher 1] INFO  marytts.R 0 Next module: AcousticModeller
2025-12-02 18:41:43,270 [I/O dispatcher 1] INFO  marytts.ParameterGeneration Parameter generation for LF0: 
2025-12-02 18:41:43,270 [I/O dispatcher 1] INFO  marytts.PStream Context-dependent global variance optimization: gvLength = 1905
2025-12-02 18:41:43,272 [I/O dispatcher 1] INFO  marytts.PStream Gradient GV optimization for feature: (0)  number of iterations=16
2025-12-02 18:41:43,279 [I/O dispatcher 1] INFO  marytts.R 0 Next module: Synthesis
2025-12-02 18:41:43,279 [I/O dispatcher 1] INFO  marytts.HMMSynthesizer Synthesizing one sentence.
2025-12-02 18:41:43,282 [I/O dispatcher 1] INFO  marytts.HTSEngine Using prosody from acoustparams.
2025-12-02 18:41:43,283 [I/O dispatcher 1] INFO  marytts.HTSEngine Number of models in sentence numModel=124  Total number of states numState=620
2025-12-02 18:41:43,283 [I/O dispatcher 1] INFO  marytts.HTSEngine Total number of frames=2268  Number of voiced frames=1378
2025-12-02 18:41:43,287 [I/O dispatcher 1] INFO  marytts.ParameterGeneration Parameter generation for MGC: 
2025-12-02 18:41:43,287 [I/O dispatcher 1] INFO  marytts.PStream Context-dependent global variance optimization: gvLength = 1951
2025-12-02 18:41:43,292 [I/O dispatcher 1] INFO  marytts.PStream Gradient GV optimization for feature: (0)  number of iterations=66
2025-12-02 18:41:43,294 [I/O dispatcher 1] INFO  marytts.PStream Gradient GV optimization for feature: (1)  number of iterations=23
2025-12-02 18:41:43,295 [I/O dispatcher 1] INFO  marytts.PStream Gradient GV optimization for feature: (2)  number of iterations=2
2025-12-02 18:41:43,296 [I/O dispatcher 1] INFO  marytts.PStream Gradient GV optimization for feature: (3)  number of iterations=3
2025-12-02 18:41:43,297 [I/O dispatcher 1] INFO  marytts.PStream Gradient GV optimization for feature: (4)  number of iterations=3
2025-12-02 18:41:43,299 [I/O dispatcher 1] INFO  marytts.PStream Gradient GV optimization for feature: (5)  number of iterations=23
2025-12-02 18:41:43,300 [I/O dispatcher 1] INFO  marytts.PStream Gradient GV optimization for feature: (6)  number of iterations=2
2025-12-02 18:41:43,302 [I/O dispatcher 1] INFO  marytts.PStream Gradient GV optimization for feature: (7)  number of iterations=21
2025-12-02 18:41:43,304 [I/O dispatcher 1] INFO  marytts.PStream Gradient GV optimization for feature: (8)  number of iterations=19
2025-12-02 18:41:43,307 [I/O dispatcher 1] INFO  marytts.PStream Gradient GV optimization for feature: (9)  number of iterations=21
2025-12-02 18:41:43,309 [I/O dispatcher 1] INFO  marytts.PStream Gradient GV optimization for feature: (10)  number of iterations=17
2025-12-02 18:41:43,311 [I/O dispatcher 1] INFO  marytts.PStream Gradient GV optimization for feature: (11)  number of iterations=17
2025-12-02 18:41:43,314 [I/O dispatcher 1] INFO  marytts.PStream Gradient GV optimization for feature: (12)  number of iterations=17
2025-12-02 18:41:43,316 [I/O dispatcher 1] INFO  marytts.PStream Gradient GV optimization for feature: (13)  number of iterations=24
2025-12-02 18:41:43,319 [I/O dispatcher 1] INFO  marytts.PStream Gradient GV optimization for feature: (14)  number of iterations=19
2025-12-02 18:41:43,322 [I/O dispatcher 1] INFO  marytts.PStream Gradient GV optimization for feature: (15)  number of iterations=26
2025-12-02 18:41:43,325 [I/O dispatcher 1] INFO  marytts.PStream Gradient GV optimization for feature: (16)  number of iterations=20
2025-12-02 18:41:43,328 [I/O dispatcher 1] INFO  marytts.PStream Gradient GV optimization for feature: (17)  number of iterations=18
2025-12-02 18:41:43,330 [I/O dispatcher 1] INFO  marytts.PStream Gradient GV optimization for feature: (18)  number of iterations=17
2025-12-02 18:41:43,332 [I/O dispatcher 1] INFO  marytts.PStream Gradient GV optimization for feature: (19)  number of iterations=28
2025-12-02 18:41:43,335 [I/O dispatcher 1] INFO  marytts.PStream Gradient GV optimization for feature: (20)  number of iterations=16
2025-12-02 18:41:43,337 [I/O dispatcher 1] INFO  marytts.PStream Gradient GV optimization for feature: (21)  number of iterations=17
2025-12-02 18:41:43,339 [I/O dispatcher 1] INFO  marytts.PStream Gradient GV optimization for feature: (22)  number of iterations=20
2025-12-02 18:41:43,342 [I/O dispatcher 1] INFO  marytts.PStream Gradient GV optimization for feature: (23)  number of iterations=14
2025-12-02 18:41:43,344 [I/O dispatcher 1] INFO  marytts.PStream Gradient GV optimization for feature: (24)  number of iterations=11
2025-12-02 18:41:43,345 [I/O dispatcher 1] INFO  marytts.PStream Gradient GV optimization for feature: (25)  number of iterations=12
2025-12-02 18:41:43,347 [I/O dispatcher 1] INFO  marytts.PStream Gradient GV optimization for feature: (26)  number of iterations=12
2025-12-02 18:41:43,349 [I/O dispatcher 1] INFO  marytts.PStream Gradient GV optimization for feature: (27)  number of iterations=12
2025-12-02 18:41:43,352 [I/O dispatcher 1] INFO  marytts.PStream Gradient GV optimization for feature: (28)  number of iterations=27
2025-12-02 18:41:43,356 [I/O dispatcher 1] INFO  marytts.PStream Gradient GV optimization for feature: (29)  number of iterations=17
2025-12-02 18:41:43,358 [I/O dispatcher 1] INFO  marytts.PStream Gradient GV optimization for feature: (30)  number of iterations=12
2025-12-02 18:41:43,359 [I/O dispatcher 1] INFO  marytts.PStream Gradient GV optimization for feature: (31)  number of iterations=13
2025-12-02 18:41:43,362 [I/O dispatcher 1] INFO  marytts.PStream Gradient GV optimization for feature: (32)  number of iterations=11
2025-12-02 18:41:43,363 [I/O dispatcher 1] INFO  marytts.PStream Gradient GV optimization for feature: (33)  number of iterations=8
2025-12-02 18:41:43,368 [I/O dispatcher 1] INFO  marytts.PStream Gradient GV optimization for feature: (34)  number of iterations=28
2025-12-02 18:41:43,368 [I/O dispatcher 1] INFO  marytts.ParameterGeneration Using f0 from maryXML acoustparams
2025-12-02 18:41:43,370 [I/O dispatcher 1] INFO  marytts.PStream Context-dependent global variance optimization: gvLength = 1951
2025-12-02 18:41:43,375 [I/O dispatcher 1] INFO  marytts.PStream Gradient GV optimization for feature: (0)  number of iterations=57
2025-12-02 18:41:43,378 [I/O dispatcher 1] INFO  marytts.PStream Gradient GV optimization for feature: (1)  number of iterations=30
2025-12-02 18:41:43,380 [I/O dispatcher 1] INFO  marytts.PStream Gradient GV optimization for feature: (2)  number of iterations=3
2025-12-02 18:41:43,381 [I/O dispatcher 1] INFO  marytts.PStream Gradient GV optimization for feature: (3)  number of iterations=16
2025-12-02 18:41:43,383 [I/O dispatcher 1] INFO  marytts.PStream Gradient GV optimization for feature: (4)  number of iterations=16
2025-12-02 18:41:43,386 [I/O dispatcher 1] INFO  marytts.HMMSynthesizer Synthesizing one sentence.
2025-12-02 18:41:43,387 [I/O dispatcher 1] INFO  marytts.HTSEngine Using prosody from acoustparams.
2025-12-02 18:41:43,388 [I/O dispatcher 1] INFO  marytts.HTSEngine Number of models in sentence numModel=46  Total number of states numState=230
2025-12-02 18:41:43,388 [I/O dispatcher 1] INFO  marytts.HTSEngine Total number of frames=966  Number of voiced frames=526
2025-12-02 18:41:43,389 [I/O dispatcher 1] INFO  marytts.ParameterGeneration Parameter generation for MGC: 
2025-12-02 18:41:43,389 [I/O dispatcher 1] INFO  marytts.PStream Context-dependent global variance optimization: gvLength = 807
2025-12-02 18:41:43,391 [I/O dispatcher 1] INFO  marytts.PStream Gradient GV optimization for feature: (0)  number of iterations=72
2025-12-02 18:41:43,391 [I/O dispatcher 1] INFO  marytts.PStream Gradient GV optimization for feature: (1)  number of iterations=24
2025-12-02 18:41:43,391 [I/O dispatcher 1] INFO  marytts.PStream Gradient GV optimization for feature: (2)  number of iterations=2
2025-12-02 18:41:43,392 [I/O dispatcher 1] INFO  marytts.PStream Gradient GV optimization for feature: (3)  number of iterations=3
2025-12-02 18:41:43,392 [I/O dispatcher 1] INFO  marytts.PStream Gradient GV optimization for feature: (4)  number of iterations=2
2025-12-02 18:41:43,392 [I/O dispatcher 1] INFO  marytts.PStream Gradient GV optimization for feature: (5)  number of iterations=2
2025-12-02 18:41:43,393 [I/O dispatcher 1] INFO  marytts.PStream Gradient GV optimization for feature: (6)  number of iterations=2
2025-12-02 18:41:43,393 [I/O dispatcher 1] INFO  marytts.PStream Gradient GV optimization for feature: (7)  number of iterations=22
2025-12-02 18:41:43,394 [I/O dispatcher 1] INFO  marytts.PStream Gradient GV optimization for feature: (8)  number of iterations=20
2025-12-02 18:41:43,395 [I/O dispatcher 1] INFO  marytts.PStream Gradient GV optimization for feature: (9)  number of iterations=19
2025-12-02 18:41:43,395 [I/O dispatcher 1] INFO  marytts.PStream Gradient GV optimization for feature: (10)  number of iterations=18
2025-12-02 18:41:43,396 [I/O dispatcher 1] INFO  marytts.PStream Gradient GV optimization for feature: (11)  number of iterations=18
2025-12-02 18:41:43,397 [I/O dispatcher 1] INFO  marytts.PStream Gradient GV optimization for feature: (12)  number of iterations=20
2025-12-02 18:41:43,397 [I/O dispatcher 1] INFO  marytts.PStream Gradient GV optimization for feature: (13)  number of iterations=18
2025-12-02 18:41:43,398 [I/O dispatcher 1] INFO  marytts.PStream Gradient GV optimization for feature: (14)  number of iterations=19
2025-12-02 18:41:43,398 [I/O dispatcher 1] INFO  marytts.PStream Gradient GV optimization for feature: (15)  number of iterations=17
2025-12-02 18:41:43,399 [I/O dispatcher 1] INFO  marytts.PStream Gradient GV optimization for feature: (16)  number of iterations=18
2025-12-02 18:41:43,400 [I/O dispatcher 1] INFO  marytts.PStream Gradient GV optimization for feature: (17)  number of iterations=19
2025-12-02 18:41:43,400 [I/O dispatcher 1] INFO  marytts.PStream Gradient GV optimization for feature: (18)  number of iterations=19
2025-12-02 18:41:43,400 [I/O dispatcher 1] INFO  marytts.PStream Gradient GV optimization for feature: (19)  number of iterations=16
2025-12-02 18:41:43,401 [I/O dispatcher 1] INFO  marytts.PStream Gradient GV optimization for feature: (20)  number of iterations=16
2025-12-02 18:41:43,401 [I/O dispatcher 1] INFO  marytts.PStream Gradient GV optimization for feature: (21)  number of iterations=4
2025-12-02 18:41:43,402 [I/O dispatcher 1] INFO  marytts.PStream Gradient GV optimization for feature: (22)  number of iterations=7
2025-12-02 18:41:43,402 [I/O dispatcher 1] INFO  marytts.PStream Gradient GV optimization for feature: (23)  number of iterations=16
2025-12-02 18:41:43,403 [I/O dispatcher 1] INFO  marytts.PStream Gradient GV optimization for feature: (24)  number of iterations=10
2025-12-02 18:41:43,403 [I/O dispatcher 1] INFO  marytts.PStream Gradient GV optimization for feature: (25)  number of iterations=10
2025-12-02 18:41:43,403 [I/O dispatcher 1] INFO  marytts.PStream Gradient GV optimization for feature: (26)  number of iterations=3
2025-12-02 18:41:43,404 [I/O dispatcher 1] INFO  marytts.PStream Gradient GV optimization for feature: (27)  number of iterations=13
2025-12-02 18:41:43,404 [I/O dispatcher 1] INFO  marytts.PStream Gradient GV optimization for feature: (28)  number of iterations=8
2025-12-02 18:41:43,404 [I/O dispatcher 1] INFO  marytts.PStream Gradient GV optimization for feature: (29)  number of iterations=14
2025-12-02 18:41:43,404 [I/O dispatcher 1] INFO  marytts.PStream Gradient GV optimization for feature: (30)  number of iterations=12
2025-12-02 18:41:43,405 [I/O dispatcher 1] INFO  marytts.PStream Gradient GV optimization for feature: (31)  number of iterations=13
2025-12-02 18:41:43,405 [I/O dispatcher 1] INFO  marytts.PStream Gradient GV optimization for feature: (32)  number of iterations=9
2025-12-02 18:41:43,405 [I/O dispatcher 1] INFO  marytts.PStream Gradient GV optimization for feature: (33)  number of iterations=8
2025-12-02 18:41:43,406 [I/O dispatcher 1] INFO  marytts.PStream Gradient GV optimization for feature: (34)  number of iterations=13
2025-12-02 18:41:43,406 [I/O dispatcher 1] INFO  marytts.ParameterGeneration Using f0 from maryXML acoustparams
2025-12-02 18:41:43,406 [I/O dispatcher 1] INFO  marytts.PStream Context-dependent global variance optimization: gvLength = 807
2025-12-02 18:41:43,407 [I/O dispatcher 1] INFO  marytts.PStream Gradient GV optimization for feature: (0)  number of iterations=17
2025-12-02 18:41:43,408 [I/O dispatcher 1] INFO  marytts.PStream Gradient GV optimization for feature: (1)  number of iterations=20
2025-12-02 18:41:43,409 [I/O dispatcher 1] INFO  marytts.PStream Gradient GV optimization for feature: (2)  number of iterations=36
2025-12-02 18:41:43,410 [I/O dispatcher 1] INFO  marytts.PStream Gradient GV optimization for feature: (3)  number of iterations=12
2025-12-02 18:41:43,410 [I/O dispatcher 1] INFO  marytts.PStream Gradient GV optimization for feature: (4)  number of iterations=20
2025-12-02 18:41:43,412 [I/O dispatcher 1] INFO  marytts.R 0 Handling request using the following modules:
2025-12-02 18:41:43,412 [I/O dispatcher 1] INFO  marytts.R 0 - JTokeniser (marytts.language.en.JTokeniser)
2025-12-02 18:41:43,412 [I/O dispatcher 1] INFO  marytts.R 0 - Preprocess (marytts.language.en.Preprocess)
2025-12-02 18:41:43,412 [I/O dispatcher 1] INFO  marytts.R 0 - OpenNLPPosTagger (marytts.modules.OpenNLPPosTagger)
2025-12-02 18:41:43,412 [I/O dispatcher 1] INFO  marytts.R 0 - JPhonemiser (marytts.modules.JPhonemiser)
2025-12-02 18:41:43,412 [I/O dispatcher 1] INFO  marytts.R 0 - Prosody (marytts.language.en.Prosody)
2025-12-02 18:41:43,412 [I/O dispatcher 1] INFO  marytts.R 0 - PronunciationModel (marytts.language.en.PronunciationModel)
2025-12-02 18:41:43,412 [I/O dispatcher 1] INFO  marytts.R 0 - AcousticModeller (marytts.modules.AcousticModeller)
2025-12-02 18:41:43,412 [I/O dispatcher 1] INFO  marytts.R 0 - Synthesis (marytts.modules.Synthesis)
2025-12-02 18:41:43,412 [I/O dispatcher 1] INFO  marytts.R 0 Next module: JTokeniser
2025-12-02 18:41:43,412 [I/O dispatcher 1] INFO  marytts.R 0 Next module: Preprocess
2025-12-02 18:41:43,414 [I/O dispatcher 1] INFO  marytts.R 0 Next module: OpenNLPPosTagger
2025-12-02 18:41:43,416 [I/O dispatcher 1] INFO  marytts.R 0 Next module: JPhonemiser
2025-12-02 18:41:43,417 [I/O dispatcher 1] INFO  marytts.R 0 Next module: Prosody
2025-12-02 18:41:43,418 [I/O dispatcher 1] INFO  marytts.R 0 Next module: PronunciationModel
2025-12-02 18:41:43,418 [I/O dispatcher 1] INFO  marytts.R 0 Next module: AcousticModeller
2025-12-02 18:41:43,435 [I/O dispatcher 1] INFO  marytts.ParameterGeneration Parameter generation for LF0: 
2025-12-02 18:41:43,435 [I/O dispatcher 1] INFO  marytts.PStream Context-dependent global variance optimization: gvLength = 920
2025-12-02 18:41:43,435 [I/O dispatcher 1] INFO  marytts.PStream Gradient GV optimization for feature: (0)  number of iterations=20
2025-12-02 18:41:43,439 [I/O dispatcher 1] INFO  marytts.R 0 Next module: Synthesis
2025-12-02 18:41:43,439 [I/O dispatcher 1] INFO  marytts.HMMSynthesizer Synthesizing one sentence.
2025-12-02 18:41:43,440 [I/O dispatcher 1] INFO  marytts.HTSEngine Using prosody from acoustparams.
2025-12-02 18:41:43,441 [I/O dispatcher 1] INFO  marytts.HTSEngine Number of models in sentence numModel=92  Total number of states numState=460
2025-12-02 18:41:43,441 [I/O dispatcher 1] INFO  marytts.HTSEngine Total number of frames=1603  Number of voiced frames=921
2025-12-02 18:41:43,444 [I/O dispatcher 1] INFO  marytts.ParameterGeneration Parameter generation for MGC: 
2025-12-02 18:41:43,444 [I/O dispatcher 1] INFO  marytts.PStream Context-dependent global variance optimization: gvLength = 1363
2025-12-02 18:41:43,448 [I/O dispatcher 1] INFO  marytts.PStream Gradient GV optimization for feature: (0)  number of iterations=83
2025-12-02 18:41:43,450 [I/O dispatcher 1] INFO  marytts.PStream Gradient GV optimization for feature: (1)  number of iterations=24
2025-12-02 18:41:43,450 [I/O dispatcher 1] INFO  marytts.PStream Gradient GV optimization for feature: (2)  number of iterations=2
2025-12-02 18:41:43,452 [I/O dispatcher 1] INFO  marytts.PStream Gradient GV optimization for feature: (3)  number of iterations=21
2025-12-02 18:41:43,452 [I/O dispatcher 1] INFO  marytts.PStream Gradient GV optimization for feature: (4)  number of iterations=6
2025-12-02 18:41:43,453 [I/O dispatcher 1] INFO  marytts.PStream Gradient GV optimization for feature: (5)  number of iterations=23
2025-12-02 18:41:43,454 [I/O dispatcher 1] INFO  marytts.PStream Gradient GV optimization for feature: (6)  number of iterations=4
2025-12-02 18:41:43,455 [I/O dispatcher 1] INFO  marytts.PStream Gradient GV optimization for feature: (7)  number of iterations=4
2025-12-02 18:41:43,456 [I/O dispatcher 1] INFO  marytts.PStream Gradient GV optimization for feature: (8)  number of iterations=20
2025-12-02 18:41:43,457 [I/O dispatcher 1] INFO  marytts.PStream Gradient GV optimization for feature: (9)  number of iterations=18
2025-12-02 18:41:43,457 [I/O dispatcher 1] INFO  marytts.PStream Gradient GV optimization for feature: (10)  number of iterations=17
2025-12-02 18:41:43,459 [I/O dispatcher 1] INFO  marytts.PStream Gradient GV optimization for feature: (11)  number of iterations=18
2025-12-02 18:41:43,460 [I/O dispatcher 1] INFO  marytts.PStream Gradient GV optimization for feature: (12)  number of iterations=17
2025-12-02 18:41:43,461 [I/O dispatcher 1] INFO  marytts.PStream Gradient GV optimization for feature: (13)  number of iterations=17
2025-12-02 18:41:43,463 [I/O dispatcher 1] INFO  marytts.PStream Gradient GV optimization for feature: (14)  number of iterations=20
2025-12-02 18:41:43,464 [I/O dispatcher 1] INFO  marytts.PStream Gradient GV optimization for feature: (15)  number of iterations=24
2025-12-02 18:41:43,465 [I/O dispatcher 1] INFO  marytts.PStream Gradient GV optimization for feature: (16)  number of iterations=18
2025-12-02 18:41:43,467 [I/O dispatcher 1] INFO  marytts.PStream Gradient GV optimization for feature: (17)  number of iterations=20
2025-12-02 18:41:43,468 [I/O dispatcher 1] INFO  marytts.PStream Gradient GV optimization for feature: (18)  number of iterations=17
2025-12-02 18:41:43,469 [I/O dispatcher 1] INFO  marytts.PStream Gradient GV optimization for feature: (19)  number of iterations=24
2025-12-02 18:41:43,470 [I/O dispatcher 1] INFO  marytts.PStream Gradient GV optimization for feature: (20)  number of iterations=16
2025-12-02 18:41:43,471 [I/O dispatcher 1] INFO  marytts.PStream Gradient GV optimization for feature: (21)  number of iterations=16
2025-12-02 18:41:43,473 [I/O dispatcher 1] INFO  marytts.PStream Gradient GV optimization for feature: (22)  number of iterations=21
2025-12-02 18:41:43,474 [I/O dispatcher 1] INFO  marytts.PStream Gradient GV optimization for feature: (23)  number of iterations=23
2025-12-02 18:41:43,474 [I/O dispatcher 1] INFO  marytts.PStream Gradient GV optimization for feature: (24)  number of iterations=10
2025-12-02 18:41:43,475 [I/O dispatcher 1] INFO  marytts.PStream Gradient GV optimization for feature: (25)  number of iterations=12
2025-12-02 18:41:43,476 [I/O dispatcher 1] INFO  marytts.PStream Gradient GV optimization for feature: (26)  number of iterations=12
2025-12-02 18:41:43,478 [I/O dispatcher 1] INFO  marytts.PStream Gradient GV optimization for feature: (27)  number of iterations=14
2025-12-02 18:41:43,479 [I/O dispatcher 1] INFO  marytts.PStream Gradient GV optimization for feature: (28)  number of iterations=27
2025-12-02 18:41:43,480 [I/O dispatcher 1] INFO  marytts.PStream Gradient GV optimization for feature: (29)  number of iterations=15
2025-12-02 18:41:43,481 [I/O dispatcher 1] INFO  marytts.PStream Gradient GV optimization for feature: (30)  number of iterations=13
2025-12-02 18:41:43,482 [I/O dispatcher 1] INFO  marytts.PStream Gradient GV optimization for feature: (31)  number of iterations=14
2025-12-02 18:41:43,483 [I/O dispatcher 1] INFO  marytts.PStream Gradient GV optimization for feature: (32)  number of iterations=9
2025-12-02 18:41:43,483 [I/O dispatcher 1] INFO  marytts.PStream Gradient GV optimization for feature: (33)  number of iterations=8
2025-12-02 18:41:43,484 [I/O dispatcher 1] INFO  marytts.PStream Gradient GV optimization for feature: (34)  number of iterations=11
2025-12-02 18:41:43,484 [I/O dispatcher 1] INFO  marytts.ParameterGeneration Using f0 from maryXML acoustparams
2025-12-02 18:41:43,485 [I/O dispatcher 1] INFO  marytts.PStream Context-dependent global variance optimization: gvLength = 1363
2025-12-02 18:41:43,486 [I/O dispatcher 1] INFO  marytts.PStream Gradient GV optimization for feature: (0)  number of iterations=12
2025-12-02 18:41:43,488 [I/O dispatcher 1] INFO  marytts.PStream Gradient GV optimization for feature: (1)  number of iterations=30
2025-12-02 18:41:43,489 [I/O dispatcher 1] INFO  marytts.PStream Gradient GV optimization for feature: (2)  number of iterations=22
2025-12-02 18:41:43,490 [I/O dispatcher 1] INFO  marytts.PStream Gradient GV optimization for feature: (3)  number of iterations=18
2025-12-02 18:41:43,490 [I/O dispatcher 1] INFO  marytts.PStream Gradient GV optimization for feature: (4)  number of iterations=9
2025-12-02 18:41:43,491 [I/O dispatcher 1] INFO  marytts.R 0 Handling request using the following modules:
2025-12-02 18:41:43,491 [I/O dispatcher 1] INFO  marytts.R 0 - JTokeniser (marytts.language.en.JTokeniser)
2025-12-02 18:41:43,492 [I/O dispatcher 1] INFO  marytts.R 0 - Preprocess (marytts.language.en.Preprocess)
2025-12-02 18:41:43,492 [I/O dispatcher 1] INFO  marytts.R 0 - OpenNLPPosTagger (marytts.modules.OpenNLPPosTagger)
2025-12-02 18:41:43,492 [I/O dispatcher 1] INFO  marytts.R 0 - JPhonemiser (marytts.modules.JPhonemiser)
2025-12-02 18:41:43,492 [I/O dispatcher 1] INFO  marytts.R 0 - Prosody (marytts.language.en.Prosody)
2025-12-02 18:41:43,492 [I/O dispatcher 1] INFO  marytts.R 0 - PronunciationModel (marytts.language.en.PronunciationModel)
2025-12-02 18:41:43,492 [I/O dispatcher 1] INFO  marytts.R 0 - AcousticModeller (marytts.modules.AcousticModeller)
2025-12-02 18:41:43,492 [I/O dispatcher 1] INFO  marytts.R 0 - Synthesis (marytts.modules.Synthesis)
2025-12-02 18:41:43,492 [I/O dispatcher 1] INFO  marytts.R 0 Next module: JTokeniser
2025-12-02 18:41:43,492 [I/O dispatcher 1] INFO  marytts.R 0 Next module: Preprocess
2025-12-02 18:41:43,495 [I/O dispatcher 1] INFO  marytts.R 0 Next module: OpenNLPPosTagger
2025-12-02 18:41:43,497 [I/O dispatcher 1] INFO  marytts.R 0 Next module: JPhonemiser
2025-12-02 18:41:43,499 [I/O dispatcher 1] INFO  marytts.R 0 Next module: Prosody
2025-12-02 18:41:43,501 [I/O dispatcher 1] INFO  marytts.R 0 Next module: PronunciationModel
2025-12-02 18:41:43,501 [I/O dispatcher 1] INFO  marytts.R 0 Next module: AcousticModeller
2025-12-02 18:41:43,512 [I/O dispatcher 1] INFO  marytts.ParameterGeneration Parameter generation for LF0: 
2025-12-02 18:41:43,512 [I/O dispatcher 1] INFO  marytts.PStream Context-dependent global variance optimization: gvLength = 1017
2025-12-02 18:41:43,514 [I/O dispatcher 1] INFO  marytts.PStream Gradient GV optimization for feature: (0)  number of iterations=60
2025-12-02 18:41:43,518 [I/O dispatcher 1] INFO  marytts.R 0 Next module: Synthesis
2025-12-02 18:41:43,518 [I/O dispatcher 1] INFO  marytts.HMMSynthesizer Synthesizing one sentence.
2025-12-02 18:41:43,519 [I/O dispatcher 1] INFO  marytts.HTSEngine Using prosody from acoustparams.
2025-12-02 18:41:43,520 [I/O dispatcher 1] INFO  marytts.HTSEngine Number of models in sentence numModel=91  Total number of states numState=455
2025-12-02 18:41:43,520 [I/O dispatcher 1] INFO  marytts.HTSEngine Total number of frames=1922  Number of voiced frames=1021
2025-12-02 18:41:43,523 [I/O dispatcher 1] INFO  marytts.ParameterGeneration Parameter generation for MGC: 
2025-12-02 18:41:43,523 [I/O dispatcher 1] INFO  marytts.PStream Context-dependent global variance optimization: gvLength = 1445
2025-12-02 18:41:43,526 [I/O dispatcher 1] INFO  marytts.PStream Gradient GV optimization for feature: (0)  number of iterations=57
2025-12-02 18:41:43,526 [I/O dispatcher 1] INFO  marytts.PStream Gradient GV optimization for feature: (1)  number of iterations=2
2025-12-02 18:41:43,527 [I/O dispatcher 1] INFO  marytts.PStream Gradient GV optimization for feature: (2)  number of iterations=2
2025-12-02 18:41:43,527 [I/O dispatcher 1] INFO  marytts.PStream Gradient GV optimization for feature: (3)  number of iterations=6
2025-12-02 18:41:43,529 [I/O dispatcher 1] INFO  marytts.PStream Gradient GV optimization for feature: (4)  number of iterations=23
2025-12-02 18:41:43,530 [I/O dispatcher 1] INFO  marytts.PStream Gradient GV optimization for feature: (5)  number of iterations=23
2025-12-02 18:41:43,531 [I/O dispatcher 1] INFO  marytts.PStream Gradient GV optimization for feature: (6)  number of iterations=2
2025-12-02 18:41:43,532 [I/O dispatcher 1] INFO  marytts.PStream Gradient GV optimization for feature: (7)  number of iterations=21
2025-12-02 18:41:43,533 [I/O dispatcher 1] INFO  marytts.PStream Gradient GV optimization for feature: (8)  number of iterations=4
2025-12-02 18:41:43,534 [I/O dispatcher 1] INFO  marytts.PStream Gradient GV optimization for feature: (9)  number of iterations=19
2025-12-02 18:41:43,535 [I/O dispatcher 1] INFO  marytts.PStream Gradient GV optimization for feature: (10)  number of iterations=20
2025-12-02 18:41:43,536 [I/O dispatcher 1] INFO  marytts.PStream Gradient GV optimization for feature: (11)  number of iterations=17
2025-12-02 18:41:43,537 [I/O dispatcher 1] INFO  marytts.PStream Gradient GV optimization for feature: (12)  number of iterations=18
2025-12-02 18:41:43,538 [I/O dispatcher 1] INFO  marytts.PStream Gradient GV optimization for feature: (13)  number of iterations=18
2025-12-02 18:41:43,540 [I/O dispatcher 1] INFO  marytts.PStream Gradient GV optimization for feature: (14)  number of iterations=19
2025-12-02 18:41:43,541 [I/O dispatcher 1] INFO  marytts.PStream Gradient GV optimization for feature: (15)  number of iterations=18
2025-12-02 18:41:43,542 [I/O dispatcher 1] INFO  marytts.PStream Gradient GV optimization for feature: (16)  number of iterations=18
2025-12-02 18:41:43,543 [I/O dispatcher 1] INFO  marytts.PStream Gradient GV optimization for feature: (17)  number of iterations=19
2025-12-02 18:41:43,544 [I/O dispatcher 1] INFO  marytts.PStream Gradient GV optimization for feature: (18)  number of iterations=19
2025-12-02 18:41:43,546 [I/O dispatcher 1] INFO  marytts.PStream Gradient GV optimization for feature: (19)  number of iterations=10
2025-12-02 18:41:43,547 [I/O dispatcher 1] INFO  marytts.PStream Gradient GV optimization for feature: (20)  number of iterations=17
2025-12-02 18:41:43,548 [I/O dispatcher 1] INFO  marytts.PStream Gradient GV optimization for feature: (21)  number of iterations=16
2025-12-02 18:41:43,550 [I/O dispatcher 1] INFO  marytts.PStream Gradient GV optimization for feature: (22)  number of iterations=19
2025-12-02 18:41:43,551 [I/O dispatcher 1] INFO  marytts.PStream Gradient GV optimization for feature: (23)  number of iterations=14
2025-12-02 18:41:43,552 [I/O dispatcher 1] INFO  marytts.PStream Gradient GV optimization for feature: (24)  number of iterations=10
2025-12-02 18:41:43,553 [I/O dispatcher 1] INFO  marytts.PStream Gradient GV optimization for feature: (25)  number of iterations=10
2025-12-02 18:41:43,553 [I/O dispatcher 1] INFO  marytts.PStream Gradient GV optimization for feature: (26)  number of iterations=10
2025-12-02 18:41:43,554 [I/O dispatcher 1] INFO  marytts.PStream Gradient GV optimization for feature: (27)  number of iterations=13
2025-12-02 18:41:43,555 [I/O dispatcher 1] INFO  marytts.PStream Gradient GV optimization for feature: (28)  number of iterations=19
2025-12-02 18:41:43,556 [I/O dispatcher 1] INFO  marytts.PStream Gradient GV optimization for feature: (29)  number of iterations=14
2025-12-02 18:41:43,557 [I/O dispatcher 1] INFO  marytts.PStream Gradient GV optimization for feature: (30)  number of iterations=8
2025-12-02 18:41:43,557 [I/O dispatcher 1] INFO  marytts.PStream Gradient GV optimization for feature: (31)  number of iterations=13
2025-12-02 18:41:43,558 [I/O dispatcher 1] INFO  marytts.PStream Gradient GV optimization for feature: (32)  number of iterations=8
2025-12-02 18:41:43,558 [I/O dispatcher 1] INFO  marytts.PStream Gradient GV optimization for feature: (33)  number of iterations=8
2025-12-02 18:41:43,559 [I/O dispatcher 1] INFO  marytts.PStream Gradient GV optimization for feature: (34)  number of iterations=12
2025-12-02 18:41:43,559 [I/O dispatcher 1] INFO  marytts.ParameterGeneration Using f0 from maryXML acoustparams
2025-12-02 18:41:43,561 [I/O dispatcher 1] INFO  marytts.PStream Context-dependent global variance optimization: gvLength = 1445
2025-12-02 18:41:43,563 [I/O dispatcher 1] INFO  marytts.PStream Gradient GV optimization for feature: (0)  number of iterations=43
2025-12-02 18:41:43,564 [I/O dispatcher 1] INFO  marytts.PStream Gradient GV optimization for feature: (1)  number of iterations=30
2025-12-02 18:41:43,565 [I/O dispatcher 1] INFO  marytts.PStream Gradient GV optimization for feature: (2)  number of iterations=14
2025-12-02 18:41:43,567 [I/O dispatcher 1] INFO  marytts.PStream Gradient GV optimization for feature: (3)  number of iterations=16
2025-12-02 18:41:43,567 [I/O dispatcher 1] INFO  marytts.PStream Gradient GV optimization for feature: (4)  number of iterations=8
2025-12-02 18:41:43,569 [I/O dispatcher 1] INFO  marytts.R 0 Handling request using the following modules:
2025-12-02 18:41:43,569 [I/O dispatcher 1] INFO  marytts.R 0 - JTokeniser (marytts.language.en.JTokeniser)
2025-12-02 18:41:43,569 [I/O dispatcher 1] INFO  marytts.R 0 - Preprocess (marytts.language.en.Preprocess)
2025-12-02 18:41:43,569 [I/O dispatcher 1] INFO  marytts.R 0 - OpenNLPPosTagger (marytts.modules.OpenNLPPosTagger)
2025-12-02 18:41:43,569 [I/O dispatcher 1] INFO  marytts.R 0 - JPhonemiser (marytts.modules.JPhonemiser)
2025-12-02 18:41:43,569 [I/O dispatcher 1] INFO  marytts.R 0 - Prosody (marytts.language.en.Prosody)
2025-12-02 18:41:43,569 [I/O dispatcher 1] INFO  marytts.R 0 - PronunciationModel (marytts.language.en.PronunciationModel)
2025-12-02 18:41:43,569 [I/O dispatcher 1] INFO  marytts.R 0 - AcousticModeller (marytts.modules.AcousticModeller)
2025-12-02 18:41:43,569 [I/O dispatcher 1] INFO  marytts.R 0 - Synthesis (marytts.modules.Synthesis)
2025-12-02 18:41:43,569 [I/O dispatcher 1] INFO  marytts.R 0 Next module: JTokeniser
2025-12-02 18:41:43,569 [I/O dispatcher 1] INFO  marytts.R 0 Next module: Preprocess
2025-12-02 18:41:43,571 [I/O dispatcher 1] INFO  marytts.R 0 Next module: OpenNLPPosTagger
2025-12-02 18:41:43,573 [I/O dispatcher 1] INFO  marytts.R 0 Next module: JPhonemiser
2025-12-02 18:41:43,575 [I/O dispatcher 1] INFO  marytts.R 0 Next module: Prosody
2025-12-02 18:41:43,577 [I/O dispatcher 1] INFO  marytts.R 0 Next module: PronunciationModel
2025-12-02 18:41:43,578 [I/O dispatcher 1] INFO  marytts.R 0 Next module: AcousticModeller
2025-12-02 18:41:43,598 [I/O dispatcher 1] INFO  marytts.ParameterGeneration Parameter generation for LF0: 
2025-12-02 18:41:43,598 [I/O dispatcher 1] INFO  marytts.PStream Context-dependent global variance optimization: gvLength = 1607
2025-12-02 18:41:43,601 [I/O dispatcher 1] INFO  marytts.PStream Gradient GV optimization for feature: (0)  number of iterations=15
2025-12-02 18:41:43,610 [I/O dispatcher 1] INFO  marytts.R 0 Next module: Synthesis
2025-12-02 18:41:43,610 [I/O dispatcher 1] INFO  marytts.HMMSynthesizer Synthesizing one sentence.
2025-12-02 18:41:43,611 [I/O dispatcher 1] INFO  marytts.HTSEngine Using prosody from acoustparams.
2025-12-02 18:41:43,612 [I/O dispatcher 1] INFO  marytts.HTSEngine Number of models in sentence numModel=89  Total number of states numState=445
2025-12-02 18:41:43,612 [I/O dispatcher 1] INFO  marytts.HTSEngine Total number of frames=1735  Number of voiced frames=927
2025-12-02 18:41:43,614 [I/O dispatcher 1] INFO  marytts.ParameterGeneration Parameter generation for MGC: 
2025-12-02 18:41:43,614 [I/O dispatcher 1] INFO  marytts.PStream Context-dependent global variance optimization: gvLength = 1413
2025-12-02 18:41:43,618 [I/O dispatcher 1] INFO  marytts.PStream Gradient GV optimization for feature: (0)  number of iterations=77
2025-12-02 18:41:43,619 [I/O dispatcher 1] INFO  marytts.PStream Gradient GV optimization for feature: (1)  number of iterations=2
2025-12-02 18:41:43,619 [I/O dispatcher 1] INFO  marytts.PStream Gradient GV optimization for feature: (2)  number of iterations=2
2025-12-02 18:41:43,620 [I/O dispatcher 1] INFO  marytts.PStream Gradient GV optimization for feature: (3)  number of iterations=23
2025-12-02 18:41:43,621 [I/O dispatcher 1] INFO  marytts.PStream Gradient GV optimization for feature: (4)  number of iterations=3
2025-12-02 18:41:43,621 [I/O dispatcher 1] INFO  marytts.PStream Gradient GV optimization for feature: (5)  number of iterations=4
2025-12-02 18:41:43,622 [I/O dispatcher 1] INFO  marytts.PStream Gradient GV optimization for feature: (6)  number of iterations=5
2025-12-02 18:41:43,623 [I/O dispatcher 1] INFO  marytts.PStream Gradient GV optimization for feature: (7)  number of iterations=21
2025-12-02 18:41:43,624 [I/O dispatcher 1] INFO  marytts.PStream Gradient GV optimization for feature: (8)  number of iterations=20
2025-12-02 18:41:43,624 [I/O dispatcher 1] INFO  marytts.PStream Gradient GV optimization for feature: (9)  number of iterations=21
2025-12-02 18:41:43,625 [I/O dispatcher 1] INFO  marytts.PStream Gradient GV optimization for feature: (10)  number of iterations=18
2025-12-02 18:41:43,626 [I/O dispatcher 1] INFO  marytts.PStream Gradient GV optimization for feature: (11)  number of iterations=17
2025-12-02 18:41:43,627 [I/O dispatcher 1] INFO  marytts.PStream Gradient GV optimization for feature: (12)  number of iterations=18
2025-12-02 18:41:43,628 [I/O dispatcher 1] INFO  marytts.PStream Gradient GV optimization for feature: (13)  number of iterations=23
2025-12-02 18:41:43,629 [I/O dispatcher 1] INFO  marytts.PStream Gradient GV optimization for feature: (14)  number of iterations=19
2025-12-02 18:41:43,631 [I/O dispatcher 1] INFO  marytts.PStream Gradient GV optimization for feature: (15)  number of iterations=23
2025-12-02 18:41:43,631 [I/O dispatcher 1] INFO  marytts.PStream Gradient GV optimization for feature: (16)  number of iterations=18
2025-12-02 18:41:43,634 [I/O dispatcher 1] INFO  marytts.PStream Gradient GV optimization for feature: (17)  number of iterations=18
2025-12-02 18:41:43,635 [I/O dispatcher 1] INFO  marytts.PStream Gradient GV optimization for feature: (18)  number of iterations=16
2025-12-02 18:41:43,636 [I/O dispatcher 1] INFO  marytts.PStream Gradient GV optimization for feature: (19)  number of iterations=28
2025-12-02 18:41:43,637 [I/O dispatcher 1] INFO  marytts.PStream Gradient GV optimization for feature: (20)  number of iterations=16
2025-12-02 18:41:43,638 [I/O dispatcher 1] INFO  marytts.PStream Gradient GV optimization for feature: (21)  number of iterations=14
2025-12-02 18:41:43,639 [I/O dispatcher 1] INFO  marytts.PStream Gradient GV optimization for feature: (22)  number of iterations=20
2025-12-02 18:41:43,639 [I/O dispatcher 1] INFO  marytts.PStream Gradient GV optimization for feature: (23)  number of iterations=15
2025-12-02 18:41:43,639 [I/O dispatcher 1] INFO  marytts.PStream Gradient GV optimization for feature: (24)  number of iterations=9
2025-12-02 18:41:43,641 [I/O dispatcher 1] INFO  marytts.PStream Gradient GV optimization for feature: (25)  number of iterations=12
2025-12-02 18:41:43,642 [I/O dispatcher 1] INFO  marytts.PStream Gradient GV optimization for feature: (26)  number of iterations=12
2025-12-02 18:41:43,643 [I/O dispatcher 1] INFO  marytts.PStream Gradient GV optimization for feature: (27)  number of iterations=12
2025-12-02 18:41:43,644 [I/O dispatcher 1] INFO  marytts.PStream Gradient GV optimization for feature: (28)  number of iterations=14
2025-12-02 18:41:43,645 [I/O dispatcher 1] INFO  marytts.PStream Gradient GV optimization for feature: (29)  number of iterations=15
2025-12-02 18:41:43,645 [I/O dispatcher 1] INFO  marytts.PStream Gradient GV optimization for feature: (30)  number of iterations=13
2025-12-02 18:41:43,647 [I/O dispatcher 1] INFO  marytts.PStream Gradient GV optimization for feature: (31)  number of iterations=12
2025-12-02 18:41:43,648 [I/O dispatcher 1] INFO  marytts.PStream Gradient GV optimization for feature: (32)  number of iterations=10
2025-12-02 18:41:43,649 [I/O dispatcher 1] INFO  marytts.PStream Gradient GV optimization for feature: (33)  number of iterations=8
2025-12-02 18:41:43,649 [I/O dispatcher 1] INFO  marytts.PStream Gradient GV optimization for feature: (34)  number of iterations=14
2025-12-02 18:41:43,649 [I/O dispatcher 1] INFO  marytts.ParameterGeneration Using f0 from maryXML acoustparams
2025-12-02 18:41:43,650 [I/O dispatcher 1] INFO  marytts.PStream Context-dependent global variance optimization: gvLength = 1413
2025-12-02 18:41:43,653 [I/O dispatcher 1] INFO  marytts.PStream Gradient GV optimization for feature: (0)  number of iterations=32
2025-12-02 18:41:43,653 [I/O dispatcher 1] INFO  marytts.PStream Gradient GV optimization for feature: (1)  number of iterations=6
2025-12-02 18:41:43,654 [I/O dispatcher 1] INFO  marytts.PStream Gradient GV optimization for feature: (2)  number of iterations=14
2025-12-02 18:41:43,655 [I/O dispatcher 1] INFO  marytts.PStream Gradient GV optimization for feature: (3)  number of iterations=11
2025-12-02 18:41:43,656 [I/O dispatcher 1] INFO  marytts.PStream Gradient GV optimization for feature: (4)  number of iterations=8
2025-12-02 18:41:43,659 [I/O dispatcher 1] INFO  marytts.HMMSynthesizer Synthesizing one sentence.
2025-12-02 18:41:43,660 [I/O dispatcher 1] INFO  marytts.HTSEngine Using prosody from acoustparams.
2025-12-02 18:41:43,661 [I/O dispatcher 1] INFO  marytts.HTSEngine Number of models in sentence numModel=68  Total number of states numState=340
2025-12-02 18:41:43,661 [I/O dispatcher 1] INFO  marytts.HTSEngine Total number of frames=1080  Number of voiced frames=700
2025-12-02 18:41:43,662 [I/O dispatcher 1] INFO  marytts.ParameterGeneration Parameter generation for MGC: 
2025-12-02 18:41:43,662 [I/O dispatcher 1] INFO  marytts.PStream Context-dependent global variance optimization: gvLength = 999
2025-12-02 18:41:43,665 [I/O dispatcher 1] INFO  marytts.PStream Gradient GV optimization for feature: (0)  number of iterations=96
2025-12-02 18:41:43,666 [I/O dispatcher 1] INFO  marytts.PStream Gradient GV optimization for feature: (1)  number of iterations=24
2025-12-02 18:41:43,666 [I/O dispatcher 1] INFO  marytts.PStream Gradient GV optimization for feature: (2)  number of iterations=2
2025-12-02 18:41:43,667 [I/O dispatcher 1] INFO  marytts.PStream Gradient GV optimization for feature: (3)  number of iterations=5
2025-12-02 18:41:43,667 [I/O dispatcher 1] INFO  marytts.PStream Gradient GV optimization for feature: (4)  number of iterations=2
2025-12-02 18:41:43,667 [I/O dispatcher 1] INFO  marytts.PStream Gradient GV optimization for feature: (5)  number of iterations=2
2025-12-02 18:41:43,668 [I/O dispatcher 1] INFO  marytts.PStream Gradient GV optimization for feature: (6)  number of iterations=23
2025-12-02 18:41:43,669 [I/O dispatcher 1] INFO  marytts.PStream Gradient GV optimization for feature: (7)  number of iterations=23
2025-12-02 18:41:43,669 [I/O dispatcher 1] INFO  marytts.PStream Gradient GV optimization for feature: (8)  number of iterations=20
2025-12-02 18:41:43,670 [I/O dispatcher 1] INFO  marytts.PStream Gradient GV optimization for feature: (9)  number of iterations=19
2025-12-02 18:41:43,670 [I/O dispatcher 1] INFO  marytts.PStream Gradient GV optimization for feature: (10)  number of iterations=8
2025-12-02 18:41:43,670 [I/O dispatcher 1] INFO  marytts.PStream Gradient GV optimization for feature: (11)  number of iterations=18
2025-12-02 18:41:43,672 [I/O dispatcher 1] INFO  marytts.PStream Gradient GV optimization for feature: (12)  number of iterations=19
2025-12-02 18:41:43,673 [I/O dispatcher 1] INFO  marytts.PStream Gradient GV optimization for feature: (13)  number of iterations=16
2025-12-02 18:41:43,673 [I/O dispatcher 1] INFO  marytts.PStream Gradient GV optimization for feature: (14)  number of iterations=20
2025-12-02 18:41:43,674 [I/O dispatcher 1] INFO  marytts.PStream Gradient GV optimization for feature: (15)  number of iterations=22
2025-12-02 18:41:43,675 [I/O dispatcher 1] INFO  marytts.PStream Gradient GV optimization for feature: (16)  number of iterations=18
2025-12-02 18:41:43,675 [I/O dispatcher 1] INFO  marytts.PStream Gradient GV optimization for feature: (17)  number of iterations=27
2025-12-02 18:41:43,676 [I/O dispatcher 1] INFO  marytts.PStream Gradient GV optimization for feature: (18)  number of iterations=16
2025-12-02 18:41:43,677 [I/O dispatcher 1] INFO  marytts.PStream Gradient GV optimization for feature: (19)  number of iterations=19
2025-12-02 18:41:43,677 [I/O dispatcher 1] INFO  marytts.PStream Gradient GV optimization for feature: (20)  number of iterations=17
2025-12-02 18:41:43,678 [I/O dispatcher 1] INFO  marytts.PStream Gradient GV optimization for feature: (21)  number of iterations=16
2025-12-02 18:41:43,678 [I/O dispatcher 1] INFO  marytts.PStream Gradient GV optimization for feature: (22)  number of iterations=5
2025-12-02 18:41:43,678 [I/O dispatcher 1] INFO  marytts.PStream Gradient GV optimization for feature: (23)  number of iterations=15
2025-12-02 18:41:43,678 [I/O dispatcher 1] INFO  marytts.PStream Gradient GV optimization for feature: (24)  number of iterations=12
2025-12-02 18:41:43,679 [I/O dispatcher 1] INFO  marytts.PStream Gradient GV optimization for feature: (25)  number of iterations=12
2025-12-02 18:41:43,680 [I/O dispatcher 1] INFO  marytts.PStream Gradient GV optimization for feature: (26)  number of iterations=22
2025-12-02 18:41:43,680 [I/O dispatcher 1] INFO  marytts.PStream Gradient GV optimization for feature: (27)  number of iterations=12
2025-12-02 18:41:43,682 [I/O dispatcher 1] INFO  marytts.PStream Gradient GV optimization for feature: (28)  number of iterations=36
2025-12-02 18:41:43,683 [I/O dispatcher 1] INFO  marytts.PStream Gradient GV optimization for feature: (29)  number of iterations=16
2025-12-02 18:41:43,683 [I/O dispatcher 1] INFO  marytts.PStream Gradient GV optimization for feature: (30)  number of iterations=3
2025-12-02 18:41:43,683 [I/O dispatcher 1] INFO  marytts.PStream Gradient GV optimization for feature: (31)  number of iterations=12
2025-12-02 18:41:43,683 [I/O dispatcher 1] INFO  marytts.PStream Gradient GV optimization for feature: (32)  number of iterations=8
2025-12-02 18:41:43,684 [I/O dispatcher 1] INFO  marytts.PStream Gradient GV optimization for feature: (33)  number of iterations=8
2025-12-02 18:41:43,684 [I/O dispatcher 1] INFO  marytts.PStream Gradient GV optimization for feature: (34)  number of iterations=28
2025-12-02 18:41:43,684 [I/O dispatcher 1] INFO  marytts.ParameterGeneration Using f0 from maryXML acoustparams
2025-12-02 18:41:43,685 [I/O dispatcher 1] INFO  marytts.PStream Context-dependent global variance optimization: gvLength = 999
2025-12-02 18:41:43,686 [I/O dispatcher 1] INFO  marytts.PStream Gradient GV optimization for feature: (0)  number of iterations=54
2025-12-02 18:41:43,687 [I/O dispatcher 1] INFO  marytts.PStream Gradient GV optimization for feature: (1)  number of iterations=21
2025-12-02 18:41:43,688 [I/O dispatcher 1] INFO  marytts.PStream Gradient GV optimization for feature: (2)  number of iterations=30
2025-12-02 18:41:43,688 [I/O dispatcher 1] INFO  marytts.PStream Gradient GV optimization for feature: (3)  number of iterations=12
2025-12-02 18:41:43,689 [I/O dispatcher 1] INFO  marytts.PStream Gradient GV optimization for feature: (4)  number of iterations=2
2025-12-02 18:41:43,689 [I/O dispatcher 1] INFO  marytts.R 0 Request processed in 1284 ms.
2025-12-02 18:41:43,689 [I/O dispatcher 1] INFO  marytts.R 0    TextToMaryXML took 0 ms
2025-12-02 18:41:43,689 [I/O dispatcher 1] INFO  marytts.R 0    JTokeniser took 7 ms
2025-12-02 18:41:43,689 [I/O dispatcher 1] INFO  marytts.R 0    Preprocess took 28 ms
2025-12-02 18:41:43,689 [I/O dispatcher 1] INFO  marytts.R 0    OpenNLPPosTagger took 31 ms
2025-12-02 18:41:43,689 [I/O dispatcher 1] INFO  marytts.R 0    JPhonemiser took 41 ms
2025-12-02 18:41:43,689 [I/O dispatcher 1] INFO  marytts.R 0    Prosody took 32 ms
2025-12-02 18:41:43,689 [I/O dispatcher 1] INFO  marytts.R 0    PronunciationModel took 8 ms
2025-12-02 18:41:43,689 [I/O dispatcher 1] INFO  marytts.R 0    AcousticModeller took 321 ms
2025-12-02 18:41:43,689 [I/O dispatcher 1] INFO  marytts.R 0    Synthesis took 804 ms
2025-12-02 18:41:51,823 [I/O dispatcher 1] INFO  marytts.server Request handled successfully.
2025-12-02 18:41:56,935 [I/O dispatcher 1] INFO  marytts.server Connection closed: [closed]
2025-12-02 18:42:38,473 [I/O dispatcher 2] INFO  marytts.server Connection from null
2025-12-02 18:42:38,475 [I/O dispatcher 2] INFO  marytts.R 1 New request (input type "TEXT", output type "AUDIO", voice "cmu-slt-hsmm", effect "", audio "WAVE")
2025-12-02 18:42:38,475 [I/O dispatcher 2] INFO  marytts.server Read: The name "Ronaldo" is most famously associated with two incredible football (soccer) players:

*   **Cristiano Ronaldo:** Arguably one of the greatest football players of all time. He is Portuguese, known for his incredible goal-scoring ability, athleticism, work ethic, and numerous awards. He currently plays for Al Nassr in Saudi Arabia and the Portugal national team. He's won numerous league titles in England, Spain, and Italy, as well as multiple Champions League titles and the European Championship with Portugal.

*   **Ronaldo Luís Nazário de Lima:** A retired Brazilian footballer, often simply referred to as "Ronaldo," "Ronaldo Nazário," or "Ronaldo Fenômeno" ("The Phenomenon"). He was a striker known for his incredible skill, pace, and goal-scoring record. He won the World Cup with Brazil in 1994 and 2002.

While there may be other people named Ronaldo, these two are the most prominent and well-known, particularly within the context of sports.

When someone mentions "Ronaldo" in a football context, it is usually referring to one of these two players, and context is usually needed to distinguish between them.
2025-12-02 18:42:38,475 [I/O dispatcher 2] INFO  marytts.R 1 Handling request using the following modules:
2025-12-02 18:42:38,475 [I/O dispatcher 2] INFO  marytts.R 1 - TextToMaryXML (marytts.modules.TextToMaryXML)
2025-12-02 18:42:38,475 [I/O dispatcher 2] INFO  marytts.R 1 Next module: TextToMaryXML
2025-12-02 18:42:38,476 [I/O dispatcher 2] INFO  marytts.R 1 Handling request using the following modules:
2025-12-02 18:42:38,476 [I/O dispatcher 2] INFO  marytts.R 1 - JTokeniser (marytts.language.en.JTokeniser)
2025-12-02 18:42:38,476 [I/O dispatcher 2] INFO  marytts.R 1 - Preprocess (marytts.language.en.Preprocess)
2025-12-02 18:42:38,476 [I/O dispatcher 2] INFO  marytts.R 1 - OpenNLPPosTagger (marytts.modules.OpenNLPPosTagger)
2025-12-02 18:42:38,476 [I/O dispatcher 2] INFO  marytts.R 1 - JPhonemiser (marytts.modules.JPhonemiser)
2025-12-02 18:42:38,476 [I/O dispatcher 2] INFO  marytts.R 1 - Prosody (marytts.language.en.Prosody)
2025-12-02 18:42:38,476 [I/O dispatcher 2] INFO  marytts.R 1 - PronunciationModel (marytts.language.en.PronunciationModel)
2025-12-02 18:42:38,476 [I/O dispatcher 2] INFO  marytts.R 1 - AcousticModeller (marytts.modules.AcousticModeller)
2025-12-02 18:42:38,476 [I/O dispatcher 2] INFO  marytts.R 1 - Synthesis (marytts.modules.Synthesis)
2025-12-02 18:42:38,476 [I/O dispatcher 2] INFO  marytts.R 1 Next module: JTokeniser
2025-12-02 18:42:38,476 [I/O dispatcher 2] INFO  marytts.R 1 Next module: Preprocess
2025-12-02 18:42:38,478 [I/O dispatcher 2] INFO  marytts.R 1 Next module: OpenNLPPosTagger
2025-12-02 18:42:38,480 [I/O dispatcher 2] INFO  marytts.R 1 Next module: JPhonemiser
2025-12-02 18:42:38,481 [I/O dispatcher 2] INFO  marytts.R 1 Next module: Prosody
2025-12-02 18:42:38,482 [I/O dispatcher 2] INFO  marytts.R 1 Next module: PronunciationModel
2025-12-02 18:42:38,483 [I/O dispatcher 2] INFO  marytts.R 1 Next module: AcousticModeller
2025-12-02 18:42:38,492 [I/O dispatcher 2] INFO  marytts.ParameterGeneration Parameter generation for LF0: 
2025-12-02 18:42:38,492 [I/O dispatcher 2] INFO  marytts.PStream Context-dependent global variance optimization: gvLength = 827
2025-12-02 18:42:38,493 [I/O dispatcher 2] INFO  marytts.PStream Gradient GV optimization for feature: (0)  number of iterations=19
2025-12-02 18:42:38,498 [I/O dispatcher 2] INFO  marytts.R 1 Next module: Synthesis
2025-12-02 18:42:38,498 [I/O dispatcher 2] INFO  marytts.HMMSynthesizer Synthesizing one sentence.
2025-12-02 18:42:38,500 [I/O dispatcher 2] INFO  marytts.HTSEngine Using prosody from acoustparams.
2025-12-02 18:42:38,502 [I/O dispatcher 2] INFO  marytts.HTSEngine Number of models in sentence numModel=68  Total number of states numState=340
2025-12-02 18:42:38,502 [I/O dispatcher 2] INFO  marytts.HTSEngine Total number of frames=1499  Number of voiced frames=826
2025-12-02 18:42:38,505 [I/O dispatcher 2] INFO  marytts.ParameterGeneration Parameter generation for MGC: 
2025-12-02 18:42:38,505 [I/O dispatcher 2] INFO  marytts.PStream Context-dependent global variance optimization: gvLength = 1180
2025-12-02 18:42:38,512 [I/O dispatcher 2] INFO  marytts.PStream    optimization stopped by reaching max number of iterations (no global variance applied)
2025-12-02 18:42:38,512 [I/O dispatcher 2] INFO  marytts.PStream Gradient GV optimization for feature: (0)  number of iterations=101
2025-12-02 18:42:38,515 [I/O dispatcher 2] INFO  marytts.PStream Gradient GV optimization for feature: (1)  number of iterations=23
2025-12-02 18:42:38,516 [I/O dispatcher 2] INFO  marytts.PStream Gradient GV optimization for feature: (2)  number of iterations=6
2025-12-02 18:42:38,518 [I/O dispatcher 2] INFO  marytts.PStream Gradient GV optimization for feature: (3)  number of iterations=22
2025-12-02 18:42:38,518 [I/O dispatcher 2] INFO  marytts.PStream Gradient GV optimization for feature: (4)  number of iterations=2
2025-12-02 18:42:38,519 [I/O dispatcher 2] INFO  marytts.PStream Gradient GV optimization for feature: (5)  number of iterations=2
2025-12-02 18:42:38,519 [I/O dispatcher 2] INFO  marytts.PStream Gradient GV optimization for feature: (6)  number of iterations=2
2025-12-02 18:42:38,520 [I/O dispatcher 2] INFO  marytts.PStream Gradient GV optimization for feature: (7)  number of iterations=21
2025-12-02 18:42:38,521 [I/O dispatcher 2] INFO  marytts.PStream Gradient GV optimization for feature: (8)  number of iterations=4
2025-12-02 18:42:38,522 [I/O dispatcher 2] INFO  marytts.PStream Gradient GV optimization for feature: (9)  number of iterations=19
2025-12-02 18:42:38,523 [I/O dispatcher 2] INFO  marytts.PStream Gradient GV optimization for feature: (10)  number of iterations=18
2025-12-02 18:42:38,524 [I/O dispatcher 2] INFO  marytts.PStream Gradient GV optimization for feature: (11)  number of iterations=17
2025-12-02 18:42:38,525 [I/O dispatcher 2] INFO  marytts.PStream Gradient GV optimization for feature: (12)  number of iterations=20
2025-12-02 18:42:38,526 [I/O dispatcher 2] INFO  marytts.PStream Gradient GV optimization for feature: (13)  number of iterations=17
2025-12-02 18:42:38,528 [I/O dispatcher 2] INFO  marytts.PStream Gradient GV optimization for feature: (14)  number of iterations=19
2025-12-02 18:42:38,529 [I/O dispatcher 2] INFO  marytts.PStream Gradient GV optimization for feature: (15)  number of iterations=16
2025-12-02 18:42:38,530 [I/O dispatcher 2] INFO  marytts.PStream Gradient GV optimization for feature: (16)  number of iterations=20
2025-12-02 18:42:38,530 [I/O dispatcher 2] INFO  marytts.PStream Gradient GV optimization for feature: (17)  number of iterations=19
2025-12-02 18:42:38,531 [I/O dispatcher 2] INFO  marytts.PStream Gradient GV optimization for feature: (18)  number of iterations=23
2025-12-02 18:42:38,533 [I/O dispatcher 2] INFO  marytts.PStream Gradient GV optimization for feature: (19)  number of iterations=12
2025-12-02 18:42:38,534 [I/O dispatcher 2] INFO  marytts.PStream Gradient GV optimization for feature: (20)  number of iterations=16
2025-12-02 18:42:38,535 [I/O dispatcher 2] INFO  marytts.PStream Gradient GV optimization for feature: (21)  number of iterations=19
2025-12-02 18:42:38,536 [I/O dispatcher 2] INFO  marytts.PStream Gradient GV optimization for feature: (22)  number of iterations=20
2025-12-02 18:42:38,537 [I/O dispatcher 2] INFO  marytts.PStream Gradient GV optimization for feature: (23)  number of iterations=16
2025-12-02 18:42:38,538 [I/O dispatcher 2] INFO  marytts.PStream Gradient GV optimization for feature: (24)  number of iterations=10
2025-12-02 18:42:38,538 [I/O dispatcher 2] INFO  marytts.PStream Gradient GV optimization for feature: (25)  number of iterations=11
2025-12-02 18:42:38,539 [I/O dispatcher 2] INFO  marytts.PStream Gradient GV optimization for feature: (26)  number of iterations=12
2025-12-02 18:42:38,539 [I/O dispatcher 2] INFO  marytts.PStream Gradient GV optimization for feature: (27)  number of iterations=13
2025-12-02 18:42:38,540 [I/O dispatcher 2] INFO  marytts.PStream Gradient GV optimization for feature: (28)  number of iterations=8
2025-12-02 18:42:38,540 [I/O dispatcher 2] INFO  marytts.PStream Gradient GV optimization for feature: (29)  number of iterations=15
2025-12-02 18:42:38,541 [I/O dispatcher 2] INFO  marytts.PStream Gradient GV optimization for feature: (30)  number of iterations=12
2025-12-02 18:42:38,541 [I/O dispatcher 2] INFO  marytts.PStream Gradient GV optimization for feature: (31)  number of iterations=11
2025-12-02 18:42:38,542 [I/O dispatcher 2] INFO  marytts.PStream Gradient GV optimization for feature: (32)  number of iterations=8
2025-12-02 18:42:38,542 [I/O dispatcher 2] INFO  marytts.PStream Gradient GV optimization for feature: (33)  number of iterations=12
2025-12-02 18:42:38,543 [I/O dispatcher 2] INFO  marytts.PStream Gradient GV optimization for feature: (34)  number of iterations=21
2025-12-02 18:42:38,543 [I/O dispatcher 2] INFO  marytts.ParameterGeneration Using f0 from maryXML acoustparams
2025-12-02 18:42:38,543 [I/O dispatcher 2] INFO  marytts.PStream Context-dependent global variance optimization: gvLength = 1180
2025-12-02 18:42:38,544 [I/O dispatcher 2] INFO  marytts.PStream Gradient GV optimization for feature: (0)  number of iterations=9
2025-12-02 18:42:38,544 [I/O dispatcher 2] INFO  marytts.PStream Gradient GV optimization for feature: (1)  number of iterations=7
2025-12-02 18:42:38,544 [I/O dispatcher 2] INFO  marytts.PStream Gradient GV optimization for feature: (2)  number of iterations=14
2025-12-02 18:42:38,545 [I/O dispatcher 2] INFO  marytts.PStream Gradient GV optimization for feature: (3)  number of iterations=10
2025-12-02 18:42:38,546 [I/O dispatcher 2] INFO  marytts.PStream Gradient GV optimization for feature: (4)  number of iterations=8
2025-12-02 18:42:38,547 [I/O dispatcher 2] INFO  marytts.R 1 Handling request using the following modules:
2025-12-02 18:42:38,547 [I/O dispatcher 2] INFO  marytts.R 1 - JTokeniser (marytts.language.en.JTokeniser)
2025-12-02 18:42:38,547 [I/O dispatcher 2] INFO  marytts.R 1 - Preprocess (marytts.language.en.Preprocess)
2025-12-02 18:42:38,547 [I/O dispatcher 2] INFO  marytts.R 1 - OpenNLPPosTagger (marytts.modules.OpenNLPPosTagger)
2025-12-02 18:42:38,547 [I/O dispatcher 2] INFO  marytts.R 1 - JPhonemiser (marytts.modules.JPhonemiser)
2025-12-02 18:42:38,547 [I/O dispatcher 2] INFO  marytts.R 1 - Prosody (marytts.language.en.Prosody)
2025-12-02 18:42:38,547 [I/O dispatcher 2] INFO  marytts.R 1 - PronunciationModel (marytts.language.en.PronunciationModel)
2025-12-02 18:42:38,547 [I/O dispatcher 2] INFO  marytts.R 1 - AcousticModeller (marytts.modules.AcousticModeller)
2025-12-02 18:42:38,547 [I/O dispatcher 2] INFO  marytts.R 1 - Synthesis (marytts.modules.Synthesis)
2025-12-02 18:42:38,547 [I/O dispatcher 2] INFO  marytts.R 1 Next module: JTokeniser
2025-12-02 18:42:38,548 [I/O dispatcher 2] INFO  marytts.R 1 Next module: Preprocess
2025-12-02 18:42:38,551 [I/O dispatcher 2] INFO  marytts.R 1 Next module: OpenNLPPosTagger
2025-12-02 18:42:38,555 [I/O dispatcher 2] INFO  marytts.R 1 Next module: JPhonemiser
2025-12-02 18:42:38,558 [I/O dispatcher 2] INFO  marytts.R 1 Next module: Prosody
2025-12-02 18:42:38,563 [I/O dispatcher 2] INFO  marytts.R 1 Next module: PronunciationModel
2025-12-02 18:42:38,564 [I/O dispatcher 2] INFO  marytts.R 1 Next module: AcousticModeller
2025-12-02 18:42:38,599 [I/O dispatcher 2] INFO  marytts.ParameterGeneration Parameter generation for LF0: 
2025-12-02 18:42:38,599 [I/O dispatcher 2] INFO  marytts.PStream Context-dependent global variance optimization: gvLength = 3674
2025-12-02 18:42:38,602 [I/O dispatcher 2] INFO  marytts.PStream Gradient GV optimization for feature: (0)  number of iterations=51
2025-12-02 18:42:38,613 [I/O dispatcher 2] INFO  marytts.R 1 Next module: Synthesis
2025-12-02 18:42:38,613 [I/O dispatcher 2] INFO  marytts.HMMSynthesizer Synthesizing one sentence.
2025-12-02 18:42:38,615 [I/O dispatcher 2] INFO  marytts.HTSEngine Using prosody from acoustparams.
2025-12-02 18:42:38,615 [I/O dispatcher 2] INFO  marytts.HTSEngine Number of models in sentence numModel=60  Total number of states numState=300
2025-12-02 18:42:38,615 [I/O dispatcher 2] INFO  marytts.HTSEngine Total number of frames=1242  Number of voiced frames=803
2025-12-02 18:42:38,617 [I/O dispatcher 2] INFO  marytts.ParameterGeneration Parameter generation for MGC: 
2025-12-02 18:42:38,617 [I/O dispatcher 2] INFO  marytts.PStream Context-dependent global variance optimization: gvLength = 1004
2025-12-02 18:42:38,619 [I/O dispatcher 2] INFO  marytts.PStream Gradient GV optimization for feature: (0)  number of iterations=50
2025-12-02 18:42:38,620 [I/O dispatcher 2] INFO  marytts.PStream Gradient GV optimization for feature: (1)  number of iterations=26
2025-12-02 18:42:38,621 [I/O dispatcher 2] INFO  marytts.PStream Gradient GV optimization for feature: (2)  number of iterations=25
2025-12-02 18:42:38,622 [I/O dispatcher 2] INFO  marytts.PStream Gradient GV optimization for feature: (3)  number of iterations=21
2025-12-02 18:42:38,622 [I/O dispatcher 2] INFO  marytts.PStream Gradient GV optimization for feature: (4)  number of iterations=5
2025-12-02 18:42:38,622 [I/O dispatcher 2] INFO  marytts.PStream Gradient GV optimization for feature: (5)  number of iterations=4
2025-12-02 18:42:38,623 [I/O dispatcher 2] INFO  marytts.PStream Gradient GV optimization for feature: (6)  number of iterations=1
2025-12-02 18:42:38,623 [I/O dispatcher 2] INFO  marytts.PStream Gradient GV optimization for feature: (7)  number of iterations=5
2025-12-02 18:42:38,623 [I/O dispatcher 2] INFO  marytts.PStream Gradient GV optimization for feature: (8)  number of iterations=2
2025-12-02 18:42:38,624 [I/O dispatcher 2] INFO  marytts.PStream Gradient GV optimization for feature: (9)  number of iterations=19
2025-12-02 18:42:38,625 [I/O dispatcher 2] INFO  marytts.PStream Gradient GV optimization for feature: (10)  number of iterations=17
2025-12-02 18:42:38,626 [I/O dispatcher 2] INFO  marytts.PStream Gradient GV optimization for feature: (11)  number of iterations=20
2025-12-02 18:42:38,626 [I/O dispatcher 2] INFO  marytts.PStream Gradient GV optimization for feature: (12)  number of iterations=19
2025-12-02 18:42:38,627 [I/O dispatcher 2] INFO  marytts.PStream Gradient GV optimization for feature: (13)  number of iterations=18
2025-12-02 18:42:38,628 [I/O dispatcher 2] INFO  marytts.PStream Gradient GV optimization for feature: (14)  number of iterations=19
2025-12-02 18:42:38,628 [I/O dispatcher 2] INFO  marytts.PStream Gradient GV optimization for feature: (15)  number of iterations=22
2025-12-02 18:42:38,629 [I/O dispatcher 2] INFO  marytts.PStream Gradient GV optimization for feature: (16)  number of iterations=18
2025-12-02 18:42:38,630 [I/O dispatcher 2] INFO  marytts.PStream Gradient GV optimization for feature: (17)  number of iterations=23
2025-12-02 18:42:38,630 [I/O dispatcher 2] INFO  marytts.PStream Gradient GV optimization for feature: (18)  number of iterations=23
2025-12-02 18:42:38,631 [I/O dispatcher 2] INFO  marytts.PStream Gradient GV optimization for feature: (19)  number of iterations=28
2025-12-02 18:42:38,632 [I/O dispatcher 2] INFO  marytts.PStream Gradient GV optimization for feature: (20)  number of iterations=16
2025-12-02 18:42:38,633 [I/O dispatcher 2] INFO  marytts.PStream Gradient GV optimization for feature: (21)  number of iterations=19
2025-12-02 18:42:38,633 [I/O dispatcher 2] INFO  marytts.PStream Gradient GV optimization for feature: (22)  number of iterations=20
2025-12-02 18:42:38,635 [I/O dispatcher 2] INFO  marytts.PStream Gradient GV optimization for feature: (23)  number of iterations=16
2025-12-02 18:42:38,635 [I/O dispatcher 2] INFO  marytts.PStream Gradient GV optimization for feature: (24)  number of iterations=10
2025-12-02 18:42:38,636 [I/O dispatcher 2] INFO  marytts.PStream Gradient GV optimization for feature: (25)  number of iterations=14
2025-12-02 18:42:38,637 [I/O dispatcher 2] INFO  marytts.PStream Gradient GV optimization for feature: (26)  number of iterations=13
2025-12-02 18:42:38,637 [I/O dispatcher 2] INFO  marytts.PStream Gradient GV optimization for feature: (27)  number of iterations=12
2025-12-02 18:42:38,638 [I/O dispatcher 2] INFO  marytts.PStream Gradient GV optimization for feature: (28)  number of iterations=17
2025-12-02 18:42:38,638 [I/O dispatcher 2] INFO  marytts.PStream Gradient GV optimization for feature: (29)  number of iterations=16
2025-12-02 18:42:38,639 [I/O dispatcher 2] INFO  marytts.PStream Gradient GV optimization for feature: (30)  number of iterations=13
2025-12-02 18:42:38,640 [I/O dispatcher 2] INFO  marytts.PStream Gradient GV optimization for feature: (31)  number of iterations=12
2025-12-02 18:42:38,640 [I/O dispatcher 2] INFO  marytts.PStream Gradient GV optimization for feature: (32)  number of iterations=10
2025-12-02 18:42:38,641 [I/O dispatcher 2] INFO  marytts.PStream Gradient GV optimization for feature: (33)  number of iterations=16
2025-12-02 18:42:38,641 [I/O dispatcher 2] INFO  marytts.PStream Gradient GV optimization for feature: (34)  number of iterations=10
2025-12-02 18:42:38,641 [I/O dispatcher 2] INFO  marytts.ParameterGeneration Using f0 from maryXML acoustparams
2025-12-02 18:42:38,642 [I/O dispatcher 2] INFO  marytts.PStream Context-dependent global variance optimization: gvLength = 1004
2025-12-02 18:42:38,643 [I/O dispatcher 2] INFO  marytts.PStream Gradient GV optimization for feature: (0)  number of iterations=50
2025-12-02 18:42:38,644 [I/O dispatcher 2] INFO  marytts.PStream Gradient GV optimization for feature: (1)  number of iterations=6
2025-12-02 18:42:38,644 [I/O dispatcher 2] INFO  marytts.PStream Gradient GV optimization for feature: (2)  number of iterations=3
2025-12-02 18:42:38,644 [I/O dispatcher 2] INFO  marytts.PStream Gradient GV optimization for feature: (3)  number of iterations=4
2025-12-02 18:42:38,645 [I/O dispatcher 2] INFO  marytts.PStream Gradient GV optimization for feature: (4)  number of iterations=16
2025-12-02 18:42:38,645 [I/O dispatcher 2] INFO  marytts.HMMSynthesizer Synthesizing one sentence.
2025-12-02 18:42:38,647 [I/O dispatcher 2] INFO  marytts.HTSEngine Using prosody from acoustparams.
2025-12-02 18:42:38,648 [I/O dispatcher 2] INFO  marytts.HTSEngine Number of models in sentence numModel=85  Total number of states numState=425
2025-12-02 18:42:38,648 [I/O dispatcher 2] INFO  marytts.HTSEngine Total number of frames=1728  Number of voiced frames=988
2025-12-02 18:42:38,650 [I/O dispatcher 2] INFO  marytts.ParameterGeneration Parameter generation for MGC: 
2025-12-02 18:42:38,650 [I/O dispatcher 2] INFO  marytts.PStream Context-dependent global variance optimization: gvLength = 1331
2025-12-02 18:42:38,653 [I/O dispatcher 2] INFO  marytts.PStream Gradient GV optimization for feature: (0)  number of iterations=53
2025-12-02 18:42:38,654 [I/O dispatcher 2] INFO  marytts.PStream Gradient GV optimization for feature: (1)  number of iterations=1
2025-12-02 18:42:38,655 [I/O dispatcher 2] INFO  marytts.PStream Gradient GV optimization for feature: (2)  number of iterations=6
2025-12-02 18:42:38,655 [I/O dispatcher 2] INFO  marytts.PStream Gradient GV optimization for feature: (3)  number of iterations=6
2025-12-02 18:42:38,656 [I/O dispatcher 2] INFO  marytts.PStream Gradient GV optimization for feature: (4)  number of iterations=2
2025-12-02 18:42:38,656 [I/O dispatcher 2] INFO  marytts.PStream Gradient GV optimization for feature: (5)  number of iterations=5
2025-12-02 18:42:38,657 [I/O dispatcher 2] INFO  marytts.PStream Gradient GV optimization for feature: (6)  number of iterations=2
2025-12-02 18:42:38,658 [I/O dispatcher 2] INFO  marytts.PStream Gradient GV optimization for feature: (7)  number of iterations=20
2025-12-02 18:42:38,659 [I/O dispatcher 2] INFO  marytts.PStream Gradient GV optimization for feature: (8)  number of iterations=18
2025-12-02 18:42:38,660 [I/O dispatcher 2] INFO  marytts.PStream Gradient GV optimization for feature: (9)  number of iterations=19
2025-12-02 18:42:38,661 [I/O dispatcher 2] INFO  marytts.PStream Gradient GV optimization for feature: (10)  number of iterations=20
2025-12-02 18:42:38,662 [I/O dispatcher 2] INFO  marytts.PStream Gradient GV optimization for feature: (11)  number of iterations=17
2025-12-02 18:42:38,663 [I/O dispatcher 2] INFO  marytts.PStream Gradient GV optimization for feature: (12)  number of iterations=18
2025-12-02 18:42:38,665 [I/O dispatcher 2] INFO  marytts.PStream Gradient GV optimization for feature: (13)  number of iterations=31
2025-12-02 18:42:38,667 [I/O dispatcher 2] INFO  marytts.PStream Gradient GV optimization for feature: (14)  number of iterations=19
2025-12-02 18:42:38,669 [I/O dispatcher 2] INFO  marytts.PStream Gradient GV optimization for feature: (15)  number of iterations=15
2025-12-02 18:42:38,673 [I/O dispatcher 2] INFO  marytts.PStream Gradient GV optimization for feature: (16)  number of iterations=18
2025-12-02 18:42:38,676 [I/O dispatcher 2] INFO  marytts.PStream Gradient GV optimization for feature: (17)  number of iterations=19
2025-12-02 18:42:38,677 [I/O dispatcher 2] INFO  marytts.PStream Gradient GV optimization for feature: (18)  number of iterations=17
2025-12-02 18:42:38,678 [I/O dispatcher 2] INFO  marytts.PStream Gradient GV optimization for feature: (19)  number of iterations=12
2025-12-02 18:42:38,679 [I/O dispatcher 2] INFO  marytts.PStream Gradient GV optimization for feature: (20)  number of iterations=14
2025-12-02 18:42:38,680 [I/O dispatcher 2] INFO  marytts.PStream Gradient GV optimization for feature: (21)  number of iterations=19
2025-12-02 18:42:38,682 [I/O dispatcher 2] INFO  marytts.PStream Gradient GV optimization for feature: (22)  number of iterations=20
2025-12-02 18:42:38,683 [I/O dispatcher 2] INFO  marytts.PStream Gradient GV optimization for feature: (23)  number of iterations=14
2025-12-02 18:42:38,684 [I/O dispatcher 2] INFO  marytts.PStream Gradient GV optimization for feature: (24)  number of iterations=10
2025-12-02 18:42:38,686 [I/O dispatcher 2] INFO  marytts.PStream Gradient GV optimization for feature: (25)  number of iterations=12
2025-12-02 18:42:38,686 [I/O dispatcher 2] INFO  marytts.PStream Gradient GV optimization for feature: (26)  number of iterations=10
2025-12-02 18:42:38,687 [I/O dispatcher 2] INFO  marytts.PStream Gradient GV optimization for feature: (27)  number of iterations=12
2025-12-02 18:42:38,688 [I/O dispatcher 2] INFO  marytts.PStream Gradient GV optimization for feature: (28)  number of iterations=17
2025-12-02 18:42:38,689 [I/O dispatcher 2] INFO  marytts.PStream Gradient GV optimization for feature: (29)  number of iterations=14
2025-12-02 18:42:38,690 [I/O dispatcher 2] INFO  marytts.PStream Gradient GV optimization for feature: (30)  number of iterations=14
2025-12-02 18:42:38,690 [I/O dispatcher 2] INFO  marytts.PStream Gradient GV optimization for feature: (31)  number of iterations=14
2025-12-02 18:42:38,691 [I/O dispatcher 2] INFO  marytts.PStream Gradient GV optimization for feature: (32)  number of iterations=8
2025-12-02 18:42:38,691 [I/O dispatcher 2] INFO  marytts.PStream Gradient GV optimization for feature: (33)  number of iterations=9
2025-12-02 18:42:38,692 [I/O dispatcher 2] INFO  marytts.PStream Gradient GV optimization for feature: (34)  number of iterations=11
2025-12-02 18:42:38,692 [I/O dispatcher 2] INFO  marytts.ParameterGeneration Using f0 from maryXML acoustparams
2025-12-02 18:42:38,693 [I/O dispatcher 2] INFO  marytts.PStream Context-dependent global variance optimization: gvLength = 1331
2025-12-02 18:42:38,694 [I/O dispatcher 2] INFO  marytts.PStream Gradient GV optimization for feature: (0)  number of iterations=4
2025-12-02 18:42:38,695 [I/O dispatcher 2] INFO  marytts.PStream Gradient GV optimization for feature: (1)  number of iterations=26
2025-12-02 18:42:38,696 [I/O dispatcher 2] INFO  marytts.PStream Gradient GV optimization for feature: (2)  number of iterations=28
2025-12-02 18:42:38,697 [I/O dispatcher 2] INFO  marytts.PStream Gradient GV optimization for feature: (3)  number of iterations=10
2025-12-02 18:42:38,698 [I/O dispatcher 2] INFO  marytts.PStream Gradient GV optimization for feature: (4)  number of iterations=8
2025-12-02 18:42:38,698 [I/O dispatcher 2] INFO  marytts.HMMSynthesizer Synthesizing one sentence.
2025-12-02 18:42:38,699 [I/O dispatcher 2] INFO  marytts.HTSEngine Using prosody from acoustparams.
2025-12-02 18:42:38,699 [I/O dispatcher 2] INFO  marytts.HTSEngine Number of models in sentence numModel=57  Total number of states numState=285
2025-12-02 18:42:38,699 [I/O dispatcher 2] INFO  marytts.HTSEngine Total number of frames=1013  Number of voiced frames=679
2025-12-02 18:42:38,700 [I/O dispatcher 2] INFO  marytts.ParameterGeneration Parameter generation for MGC: 
2025-12-02 18:42:38,700 [I/O dispatcher 2] INFO  marytts.PStream Context-dependent global variance optimization: gvLength = 934
2025-12-02 18:42:38,703 [I/O dispatcher 2] INFO  marytts.PStream Gradient GV optimization for feature: (0)  number of iterations=57
2025-12-02 18:42:38,703 [I/O dispatcher 2] INFO  marytts.PStream Gradient GV optimization for feature: (1)  number of iterations=24
2025-12-02 18:42:38,704 [I/O dispatcher 2] INFO  marytts.PStream Gradient GV optimization for feature: (2)  number of iterations=2
2025-12-02 18:42:38,704 [I/O dispatcher 2] INFO  marytts.PStream Gradient GV optimization for feature: (3)  number of iterations=22
2025-12-02 18:42:38,705 [I/O dispatcher 2] INFO  marytts.PStream Gradient GV optimization for feature: (4)  number of iterations=2
2025-12-02 18:42:38,705 [I/O dispatcher 2] INFO  marytts.PStream Gradient GV optimization for feature: (5)  number of iterations=2
2025-12-02 18:42:38,705 [I/O dispatcher 2] INFO  marytts.PStream Gradient GV optimization for feature: (6)  number of iterations=4
2025-12-02 18:42:38,706 [I/O dispatcher 2] INFO  marytts.PStream Gradient GV optimization for feature: (7)  number of iterations=22
2025-12-02 18:42:38,706 [I/O dispatcher 2] INFO  marytts.PStream Gradient GV optimization for feature: (8)  number of iterations=5
2025-12-02 18:42:38,707 [I/O dispatcher 2] INFO  marytts.PStream Gradient GV optimization for feature: (9)  number of iterations=18
2025-12-02 18:42:38,707 [I/O dispatcher 2] INFO  marytts.PStream Gradient GV optimization for feature: (10)  number of iterations=19
2025-12-02 18:42:38,708 [I/O dispatcher 2] INFO  marytts.PStream Gradient GV optimization for feature: (11)  number of iterations=18
2025-12-02 18:42:38,708 [I/O dispatcher 2] INFO  marytts.PStream Gradient GV optimization for feature: (12)  number of iterations=18
2025-12-02 18:42:38,709 [I/O dispatcher 2] INFO  marytts.PStream Gradient GV optimization for feature: (13)  number of iterations=32
2025-12-02 18:42:38,709 [I/O dispatcher 2] INFO  marytts.PStream Gradient GV optimization for feature: (14)  number of iterations=19
2025-12-02 18:42:38,710 [I/O dispatcher 2] INFO  marytts.PStream Gradient GV optimization for feature: (15)  number of iterations=23
2025-12-02 18:42:38,711 [I/O dispatcher 2] INFO  marytts.PStream Gradient GV optimization for feature: (16)  number of iterations=18
2025-12-02 18:42:38,712 [I/O dispatcher 2] INFO  marytts.PStream Gradient GV optimization for feature: (17)  number of iterations=24
2025-12-02 18:42:38,713 [I/O dispatcher 2] INFO  marytts.PStream Gradient GV optimization for feature: (18)  number of iterations=16
2025-12-02 18:42:38,713 [I/O dispatcher 2] INFO  marytts.PStream Gradient GV optimization for feature: (19)  number of iterations=14
2025-12-02 18:42:38,714 [I/O dispatcher 2] INFO  marytts.PStream Gradient GV optimization for feature: (20)  number of iterations=17
2025-12-02 18:42:38,715 [I/O dispatcher 2] INFO  marytts.PStream Gradient GV optimization for feature: (21)  number of iterations=17
2025-12-02 18:42:38,715 [I/O dispatcher 2] INFO  marytts.PStream Gradient GV optimization for feature: (22)  number of iterations=4
2025-12-02 18:42:38,715 [I/O dispatcher 2] INFO  marytts.PStream Gradient GV optimization for feature: (23)  number of iterations=22
2025-12-02 18:42:38,715 [I/O dispatcher 2] INFO  marytts.PStream Gradient GV optimization for feature: (24)  number of iterations=10
2025-12-02 18:42:38,716 [I/O dispatcher 2] INFO  marytts.PStream Gradient GV optimization for feature: (25)  number of iterations=12
2025-12-02 18:42:38,716 [I/O dispatcher 2] INFO  marytts.PStream Gradient GV optimization for feature: (26)  number of iterations=15
2025-12-02 18:42:38,716 [I/O dispatcher 2] INFO  marytts.PStream Gradient GV optimization for feature: (27)  number of iterations=13
2025-12-02 18:42:38,717 [I/O dispatcher 2] INFO  marytts.PStream Gradient GV optimization for feature: (28)  number of iterations=26
2025-12-02 18:42:38,717 [I/O dispatcher 2] INFO  marytts.PStream Gradient GV optimization for feature: (29)  number of iterations=16
2025-12-02 18:42:38,717 [I/O dispatcher 2] INFO  marytts.PStream Gradient GV optimization for feature: (30)  number of iterations=12
2025-12-02 18:42:38,718 [I/O dispatcher 2] INFO  marytts.PStream Gradient GV optimization for feature: (31)  number of iterations=12
2025-12-02 18:42:38,718 [I/O dispatcher 2] INFO  marytts.PStream Gradient GV optimization for feature: (32)  number of iterations=11
2025-12-02 18:42:38,718 [I/O dispatcher 2] INFO  marytts.PStream Gradient GV optimization for feature: (33)  number of iterations=8
2025-12-02 18:42:38,718 [I/O dispatcher 2] INFO  marytts.PStream Gradient GV optimization for feature: (34)  number of iterations=19
2025-12-02 18:42:38,719 [I/O dispatcher 2] INFO  marytts.ParameterGeneration Using f0 from maryXML acoustparams
2025-12-02 18:42:38,719 [I/O dispatcher 2] INFO  marytts.PStream Context-dependent global variance optimization: gvLength = 934
2025-12-02 18:42:38,721 [I/O dispatcher 2] INFO  marytts.PStream    optimization stopped by reaching max number of iterations (no global variance applied)
2025-12-02 18:42:38,721 [I/O dispatcher 2] INFO  marytts.PStream Gradient GV optimization for feature: (0)  number of iterations=101
2025-12-02 18:42:38,721 [I/O dispatcher 2] INFO  marytts.PStream Gradient GV optimization for feature: (1)  number of iterations=9
2025-12-02 18:42:38,721 [I/O dispatcher 2] INFO  marytts.PStream Gradient GV optimization for feature: (2)  number of iterations=19
2025-12-02 18:42:38,723 [I/O dispatcher 2] INFO  marytts.PStream Gradient GV optimization for feature: (3)  number of iterations=16
2025-12-02 18:42:38,723 [I/O dispatcher 2] INFO  marytts.PStream Gradient GV optimization for feature: (4)  number of iterations=17
2025-12-02 18:42:38,723 [I/O dispatcher 2] INFO  marytts.HMMSynthesizer Synthesizing one sentence.
2025-12-02 18:42:38,724 [I/O dispatcher 2] INFO  marytts.HTSEngine Using prosody from acoustparams.
2025-12-02 18:42:38,726 [I/O dispatcher 2] INFO  marytts.HTSEngine Number of models in sentence numModel=112  Total number of states numState=560
2025-12-02 18:42:38,726 [I/O dispatcher 2] INFO  marytts.HTSEngine Total number of frames=1981  Number of voiced frames=1232
2025-12-02 18:42:38,736 [I/O dispatcher 2] INFO  marytts.ParameterGeneration Parameter generation for MGC: 
2025-12-02 18:42:38,736 [I/O dispatcher 2] INFO  marytts.PStream Context-dependent global variance optimization: gvLength = 1663
2025-12-02 18:42:38,739 [I/O dispatcher 2] INFO  marytts.PStream Gradient GV optimization for feature: (0)  number of iterations=95
2025-12-02 18:42:38,741 [I/O dispatcher 2] INFO  marytts.PStream Gradient GV optimization for feature: (1)  number of iterations=34
2025-12-02 18:42:38,741 [I/O dispatcher 2] INFO  marytts.PStream Gradient GV optimization for feature: (2)  number of iterations=7
2025-12-02 18:42:38,743 [I/O dispatcher 2] INFO  marytts.PStream Gradient GV optimization for feature: (3)  number of iterations=2
2025-12-02 18:42:38,744 [I/O dispatcher 2] INFO  marytts.PStream Gradient GV optimization for feature: (4)  number of iterations=22
2025-12-02 18:42:38,744 [I/O dispatcher 2] INFO  marytts.PStream Gradient GV optimization for feature: (5)  number of iterations=4
2025-12-02 18:42:38,745 [I/O dispatcher 2] INFO  marytts.PStream Gradient GV optimization for feature: (6)  number of iterations=4
2025-12-02 18:42:38,745 [I/O dispatcher 2] INFO  marytts.PStream Gradient GV optimization for feature: (7)  number of iterations=21
2025-12-02 18:42:38,746 [I/O dispatcher 2] INFO  marytts.PStream Gradient GV optimization for feature: (8)  number of iterations=23
2025-12-02 18:42:38,747 [I/O dispatcher 2] INFO  marytts.PStream Gradient GV optimization for feature: (9)  number of iterations=19
2025-12-02 18:42:38,749 [I/O dispatcher 2] INFO  marytts.PStream Gradient GV optimization for feature: (10)  number of iterations=17
2025-12-02 18:42:38,750 [I/O dispatcher 2] INFO  marytts.PStream Gradient GV optimization for feature: (11)  number of iterations=17
2025-12-02 18:42:38,750 [I/O dispatcher 2] INFO  marytts.PStream Gradient GV optimization for feature: (12)  number of iterations=18
2025-12-02 18:42:38,751 [I/O dispatcher 2] INFO  marytts.PStream Gradient GV optimization for feature: (13)  number of iterations=29
2025-12-02 18:42:38,752 [I/O dispatcher 2] INFO  marytts.PStream Gradient GV optimization for feature: (14)  number of iterations=19
2025-12-02 18:42:38,753 [I/O dispatcher 2] INFO  marytts.PStream Gradient GV optimization for feature: (15)  number of iterations=23
2025-12-02 18:42:38,755 [I/O dispatcher 2] INFO  marytts.PStream Gradient GV optimization for feature: (16)  number of iterations=19
2025-12-02 18:42:38,757 [I/O dispatcher 2] INFO  marytts.PStream Gradient GV optimization for feature: (17)  number of iterations=20
2025-12-02 18:42:38,758 [I/O dispatcher 2] INFO  marytts.PStream Gradient GV optimization for feature: (18)  number of iterations=17
2025-12-02 18:42:38,759 [I/O dispatcher 2] INFO  marytts.PStream Gradient GV optimization for feature: (19)  number of iterations=16
2025-12-02 18:42:38,761 [I/O dispatcher 2] INFO  marytts.PStream Gradient GV optimization for feature: (20)  number of iterations=18
2025-12-02 18:42:38,763 [I/O dispatcher 2] INFO  marytts.PStream Gradient GV optimization for feature: (21)  number of iterations=16
2025-12-02 18:42:38,764 [I/O dispatcher 2] INFO  marytts.PStream Gradient GV optimization for feature: (22)  number of iterations=21
2025-12-02 18:42:38,764 [I/O dispatcher 2] INFO  marytts.PStream Gradient GV optimization for feature: (23)  number of iterations=14
2025-12-02 18:42:38,766 [I/O dispatcher 2] INFO  marytts.PStream Gradient GV optimization for feature: (24)  number of iterations=12
2025-12-02 18:42:38,767 [I/O dispatcher 2] INFO  marytts.PStream Gradient GV optimization for feature: (25)  number of iterations=12
2025-12-02 18:42:38,768 [I/O dispatcher 2] INFO  marytts.PStream Gradient GV optimization for feature: (26)  number of iterations=10
2025-12-02 18:42:38,768 [I/O dispatcher 2] INFO  marytts.PStream Gradient GV optimization for feature: (27)  number of iterations=13
2025-12-02 18:42:38,769 [I/O dispatcher 2] INFO  marytts.PStream Gradient GV optimization for feature: (28)  number of iterations=15
2025-12-02 18:42:38,770 [I/O dispatcher 2] INFO  marytts.PStream Gradient GV optimization for feature: (29)  number of iterations=15
2025-12-02 18:42:38,772 [I/O dispatcher 2] INFO  marytts.PStream Gradient GV optimization for feature: (30)  number of iterations=14
2025-12-02 18:42:38,773 [I/O dispatcher 2] INFO  marytts.PStream Gradient GV optimization for feature: (31)  number of iterations=13
2025-12-02 18:42:38,774 [I/O dispatcher 2] INFO  marytts.PStream Gradient GV optimization for feature: (32)  number of iterations=8
2025-12-02 18:42:38,774 [I/O dispatcher 2] INFO  marytts.PStream Gradient GV optimization for feature: (33)  number of iterations=8
2025-12-02 18:42:38,776 [I/O dispatcher 2] INFO  marytts.PStream Gradient GV optimization for feature: (34)  number of iterations=24
2025-12-02 18:42:38,776 [I/O dispatcher 2] INFO  marytts.ParameterGeneration Using f0 from maryXML acoustparams
2025-12-02 18:42:38,777 [I/O dispatcher 2] INFO  marytts.PStream Context-dependent global variance optimization: gvLength = 1663
2025-12-02 18:42:38,783 [I/O dispatcher 2] INFO  marytts.PStream    optimization stopped by reaching max number of iterations (no global variance applied)
2025-12-02 18:42:38,783 [I/O dispatcher 2] INFO  marytts.PStream Gradient GV optimization for feature: (0)  number of iterations=101
2025-12-02 18:42:38,785 [I/O dispatcher 2] INFO  marytts.PStream Gradient GV optimization for feature: (1)  number of iterations=28
2025-12-02 18:42:38,786 [I/O dispatcher 2] INFO  marytts.PStream Gradient GV optimization for feature: (2)  number of iterations=22
2025-12-02 18:42:38,787 [I/O dispatcher 2] INFO  marytts.PStream Gradient GV optimization for feature: (3)  number of iterations=19
2025-12-02 18:42:38,789 [I/O dispatcher 2] INFO  marytts.PStream Gradient GV optimization for feature: (4)  number of iterations=16
2025-12-02 18:42:38,789 [I/O dispatcher 2] INFO  marytts.R 1 Handling request using the following modules:
2025-12-02 18:42:38,789 [I/O dispatcher 2] INFO  marytts.R 1 - JTokeniser (marytts.language.en.JTokeniser)
2025-12-02 18:42:38,789 [I/O dispatcher 2] INFO  marytts.R 1 - Preprocess (marytts.language.en.Preprocess)
2025-12-02 18:42:38,789 [I/O dispatcher 2] INFO  marytts.R 1 - OpenNLPPosTagger (marytts.modules.OpenNLPPosTagger)
2025-12-02 18:42:38,789 [I/O dispatcher 2] INFO  marytts.R 1 - JPhonemiser (marytts.modules.JPhonemiser)
2025-12-02 18:42:38,789 [I/O dispatcher 2] INFO  marytts.R 1 - Prosody (marytts.language.en.Prosody)
2025-12-02 18:42:38,789 [I/O dispatcher 2] INFO  marytts.R 1 - PronunciationModel (marytts.language.en.PronunciationModel)
2025-12-02 18:42:38,789 [I/O dispatcher 2] INFO  marytts.R 1 - AcousticModeller (marytts.modules.AcousticModeller)
2025-12-02 18:42:38,789 [I/O dispatcher 2] INFO  marytts.R 1 - Synthesis (marytts.modules.Synthesis)
2025-12-02 18:42:38,789 [I/O dispatcher 2] INFO  marytts.R 1 Next module: JTokeniser
2025-12-02 18:42:38,790 [I/O dispatcher 2] INFO  marytts.R 1 Next module: Preprocess
2025-12-02 18:42:38,811 [I/O dispatcher 2] INFO  marytts.R 1 Next module: OpenNLPPosTagger
2025-12-02 18:42:38,814 [I/O dispatcher 2] INFO  marytts.R 1 Next module: JPhonemiser
2025-12-02 18:42:38,818 [I/O dispatcher 2] ERROR marytts.JPhonemiser Problem with token <1994> []: Cannot syllabify empty phone string
2025-12-02 18:42:38,818 [I/O dispatcher 2] INFO  marytts.R 1 Next module: Prosody
2025-12-02 18:42:38,821 [I/O dispatcher 2] INFO  marytts.R 1 Next module: PronunciationModel
2025-12-02 18:42:38,822 [I/O dispatcher 2] INFO  marytts.R 1 Next module: AcousticModeller
2025-12-02 18:42:38,846 [I/O dispatcher 2] INFO  marytts.ParameterGeneration Parameter generation for LF0: 
2025-12-02 18:42:38,846 [I/O dispatcher 2] INFO  marytts.PStream Context-dependent global variance optimization: gvLength = 2869
2025-12-02 18:42:38,847 [I/O dispatcher 2] INFO  marytts.PStream Gradient GV optimization for feature: (0)  number of iterations=19
2025-12-02 18:42:38,854 [I/O dispatcher 2] INFO  marytts.R 1 Next module: Synthesis
2025-12-02 18:42:38,854 [I/O dispatcher 2] INFO  marytts.HMMSynthesizer Synthesizing one sentence.
2025-12-02 18:42:38,855 [I/O dispatcher 2] INFO  marytts.HTSEngine Using prosody from acoustparams.
2025-12-02 18:42:38,856 [I/O dispatcher 2] INFO  marytts.HTSEngine Number of models in sentence numModel=122  Total number of states numState=610
2025-12-02 18:42:38,856 [I/O dispatcher 2] INFO  marytts.HTSEngine Total number of frames=2712  Number of voiced frames=1868
2025-12-02 18:42:38,858 [I/O dispatcher 2] INFO  marytts.ParameterGeneration Parameter generation for MGC: 
2025-12-02 18:42:38,858 [I/O dispatcher 2] INFO  marytts.PStream Context-dependent global variance optimization: gvLength = 2156
2025-12-02 18:42:38,862 [I/O dispatcher 2] INFO  marytts.PStream Gradient GV optimization for feature: (0)  number of iterations=27
2025-12-02 18:42:38,864 [I/O dispatcher 2] INFO  marytts.PStream Gradient GV optimization for feature: (1)  number of iterations=31
2025-12-02 18:42:38,866 [I/O dispatcher 2] INFO  marytts.PStream Gradient GV optimization for feature: (2)  number of iterations=23
2025-12-02 18:42:38,867 [I/O dispatcher 2] INFO  marytts.PStream Gradient GV optimization for feature: (3)  number of iterations=21
2025-12-02 18:42:38,870 [I/O dispatcher 2] INFO  marytts.PStream Gradient GV optimization for feature: (4)  number of iterations=23
2025-12-02 18:42:38,871 [I/O dispatcher 2] INFO  marytts.PStream Gradient GV optimization for feature: (5)  number of iterations=23
2025-12-02 18:42:38,871 [I/O dispatcher 2] INFO  marytts.PStream Gradient GV optimization for feature: (6)  number of iterations=2
2025-12-02 18:42:38,872 [I/O dispatcher 2] INFO  marytts.PStream Gradient GV optimization for feature: (7)  number of iterations=6
2025-12-02 18:42:38,873 [I/O dispatcher 2] INFO  marytts.PStream Gradient GV optimization for feature: (8)  number of iterations=5
2025-12-02 18:42:38,875 [I/O dispatcher 2] INFO  marytts.PStream Gradient GV optimization for feature: (9)  number of iterations=25
2025-12-02 18:42:38,877 [I/O dispatcher 2] INFO  marytts.PStream Gradient GV optimization for feature: (10)  number of iterations=18
2025-12-02 18:42:38,879 [I/O dispatcher 2] INFO  marytts.PStream Gradient GV optimization for feature: (11)  number of iterations=18
2025-12-02 18:42:38,880 [I/O dispatcher 2] INFO  marytts.PStream Gradient GV optimization for feature: (12)  number of iterations=19
2025-12-02 18:42:38,883 [I/O dispatcher 2] INFO  marytts.PStream Gradient GV optimization for feature: (13)  number of iterations=19
2025-12-02 18:42:38,885 [I/O dispatcher 2] INFO  marytts.PStream Gradient GV optimization for feature: (14)  number of iterations=19
2025-12-02 18:42:38,886 [I/O dispatcher 2] INFO  marytts.PStream Gradient GV optimization for feature: (15)  number of iterations=16
2025-12-02 18:42:38,887 [I/O dispatcher 2] INFO  marytts.PStream Gradient GV optimization for feature: (16)  number of iterations=19
2025-12-02 18:42:38,889 [I/O dispatcher 2] INFO  marytts.PStream Gradient GV optimization for feature: (17)  number of iterations=17
2025-12-02 18:42:38,891 [I/O dispatcher 2] INFO  marytts.PStream Gradient GV optimization for feature: (18)  number of iterations=34
2025-12-02 18:42:38,893 [I/O dispatcher 2] INFO  marytts.PStream Gradient GV optimization for feature: (19)  number of iterations=24
2025-12-02 18:42:38,895 [I/O dispatcher 2] INFO  marytts.PStream Gradient GV optimization for feature: (20)  number of iterations=16
2025-12-02 18:42:38,897 [I/O dispatcher 2] INFO  marytts.PStream Gradient GV optimization for feature: (21)  number of iterations=17
2025-12-02 18:42:38,898 [I/O dispatcher 2] INFO  marytts.PStream Gradient GV optimization for feature: (22)  number of iterations=20
2025-12-02 18:42:38,899 [I/O dispatcher 2] INFO  marytts.PStream Gradient GV optimization for feature: (23)  number of iterations=14
2025-12-02 18:42:38,900 [I/O dispatcher 2] INFO  marytts.PStream Gradient GV optimization for feature: (24)  number of iterations=12
2025-12-02 18:42:38,901 [I/O dispatcher 2] INFO  marytts.PStream Gradient GV optimization for feature: (25)  number of iterations=14
2025-12-02 18:42:38,902 [I/O dispatcher 2] INFO  marytts.PStream Gradient GV optimization for feature: (26)  number of iterations=14
2025-12-02 18:42:38,903 [I/O dispatcher 2] INFO  marytts.PStream Gradient GV optimization for feature: (27)  number of iterations=13
2025-12-02 18:42:38,905 [I/O dispatcher 2] INFO  marytts.PStream Gradient GV optimization for feature: (28)  number of iterations=27
2025-12-02 18:42:38,907 [I/O dispatcher 2] INFO  marytts.PStream Gradient GV optimization for feature: (29)  number of iterations=16
2025-12-02 18:42:38,908 [I/O dispatcher 2] INFO  marytts.PStream Gradient GV optimization for feature: (30)  number of iterations=14
2025-12-02 18:42:38,909 [I/O dispatcher 2] INFO  marytts.PStream Gradient GV optimization for feature: (31)  number of iterations=14
2025-12-02 18:42:38,909 [I/O dispatcher 2] INFO  marytts.PStream Gradient GV optimization for feature: (32)  number of iterations=10
2025-12-02 18:42:38,911 [I/O dispatcher 2] INFO  marytts.PStream Gradient GV optimization for feature: (33)  number of iterations=10
2025-12-02 18:42:38,912 [I/O dispatcher 2] INFO  marytts.PStream Gradient GV optimization for feature: (34)  number of iterations=22
2025-12-02 18:42:38,912 [I/O dispatcher 2] INFO  marytts.ParameterGeneration Using f0 from maryXML acoustparams
2025-12-02 18:42:38,913 [I/O dispatcher 2] INFO  marytts.PStream Context-dependent global variance optimization: gvLength = 2156
2025-12-02 18:42:38,917 [I/O dispatcher 2] INFO  marytts.PStream    optimization stopped by reaching max number of iterations (no global variance applied)
2025-12-02 18:42:38,917 [I/O dispatcher 2] INFO  marytts.PStream Gradient GV optimization for feature: (0)  number of iterations=101
2025-12-02 18:42:38,917 [I/O dispatcher 2] INFO  marytts.PStream Gradient GV optimization for feature: (1)  number of iterations=6
2025-12-02 18:42:38,918 [I/O dispatcher 2] INFO  marytts.PStream Gradient GV optimization for feature: (2)  number of iterations=18
2025-12-02 18:42:38,920 [I/O dispatcher 2] INFO  marytts.PStream Gradient GV optimization for feature: (3)  number of iterations=4
2025-12-02 18:42:38,920 [I/O dispatcher 2] INFO  marytts.PStream Gradient GV optimization for feature: (4)  number of iterations=5
2025-12-02 18:42:38,920 [I/O dispatcher 2] INFO  marytts.HMMSynthesizer Synthesizing one sentence.
2025-12-02 18:42:38,921 [I/O dispatcher 2] INFO  marytts.HTSEngine Using prosody from acoustparams.
2025-12-02 18:42:38,921 [I/O dispatcher 2] INFO  marytts.HTSEngine Number of models in sentence numModel=58  Total number of states numState=290
2025-12-02 18:42:38,921 [I/O dispatcher 2] INFO  marytts.HTSEngine Total number of frames=1118  Number of voiced frames=629
2025-12-02 18:42:38,923 [I/O dispatcher 2] INFO  marytts.ParameterGeneration Parameter generation for MGC: 
2025-12-02 18:42:38,923 [I/O dispatcher 2] INFO  marytts.PStream Context-dependent global variance optimization: gvLength = 877
2025-12-02 18:42:38,926 [I/O dispatcher 2] INFO  marytts.PStream Gradient GV optimization for feature: (0)  number of iterations=70
2025-12-02 18:42:38,926 [I/O dispatcher 2] INFO  marytts.PStream Gradient GV optimization for feature: (1)  number of iterations=2
2025-12-02 18:42:38,926 [I/O dispatcher 2] INFO  marytts.PStream Gradient GV optimization for feature: (2)  number of iterations=5
2025-12-02 18:42:38,926 [I/O dispatcher 2] INFO  marytts.PStream Gradient GV optimization for feature: (3)  number of iterations=2
2025-12-02 18:42:38,927 [I/O dispatcher 2] INFO  marytts.PStream Gradient GV optimization for feature: (4)  number of iterations=2
2025-12-02 18:42:38,927 [I/O dispatcher 2] INFO  marytts.PStream Gradient GV optimization for feature: (5)  number of iterations=5
2025-12-02 18:42:38,927 [I/O dispatcher 2] INFO  marytts.PStream Gradient GV optimization for feature: (6)  number of iterations=2
2025-12-02 18:42:38,928 [I/O dispatcher 2] INFO  marytts.PStream Gradient GV optimization for feature: (7)  number of iterations=21
2025-12-02 18:42:38,929 [I/O dispatcher 2] INFO  marytts.PStream Gradient GV optimization for feature: (8)  number of iterations=21
2025-12-02 18:42:38,929 [I/O dispatcher 2] INFO  marytts.PStream Gradient GV optimization for feature: (9)  number of iterations=19
2025-12-02 18:42:38,931 [I/O dispatcher 2] INFO  marytts.PStream Gradient GV optimization for feature: (10)  number of iterations=19
2025-12-02 18:42:38,931 [I/O dispatcher 2] INFO  marytts.PStream Gradient GV optimization for feature: (11)  number of iterations=17
2025-12-02 18:42:38,932 [I/O dispatcher 2] INFO  marytts.PStream Gradient GV optimization for feature: (12)  number of iterations=18
2025-12-02 18:42:38,933 [I/O dispatcher 2] INFO  marytts.PStream Gradient GV optimization for feature: (13)  number of iterations=17
2025-12-02 18:42:38,933 [I/O dispatcher 2] INFO  marytts.PStream Gradient GV optimization for feature: (14)  number of iterations=19
2025-12-02 18:42:38,934 [I/O dispatcher 2] INFO  marytts.PStream Gradient GV optimization for feature: (15)  number of iterations=15
2025-12-02 18:42:38,935 [I/O dispatcher 2] INFO  marytts.PStream Gradient GV optimization for feature: (16)  number of iterations=19
2025-12-02 18:42:38,935 [I/O dispatcher 2] INFO  marytts.PStream Gradient GV optimization for feature: (17)  number of iterations=20
2025-12-02 18:42:38,936 [I/O dispatcher 2] INFO  marytts.PStream Gradient GV optimization for feature: (18)  number of iterations=16
2025-12-02 18:42:38,937 [I/O dispatcher 2] INFO  marytts.PStream Gradient GV optimization for feature: (19)  number of iterations=14
2025-12-02 18:42:38,937 [I/O dispatcher 2] INFO  marytts.PStream Gradient GV optimization for feature: (20)  number of iterations=16
2025-12-02 18:42:38,938 [I/O dispatcher 2] INFO  marytts.PStream Gradient GV optimization for feature: (21)  number of iterations=16
2025-12-02 18:42:38,939 [I/O dispatcher 2] INFO  marytts.PStream Gradient GV optimization for feature: (22)  number of iterations=19
2025-12-02 18:42:38,939 [I/O dispatcher 2] INFO  marytts.PStream Gradient GV optimization for feature: (23)  number of iterations=14
2025-12-02 18:42:38,940 [I/O dispatcher 2] INFO  marytts.PStream Gradient GV optimization for feature: (24)  number of iterations=12
2025-12-02 18:42:38,940 [I/O dispatcher 2] INFO  marytts.PStream Gradient GV optimization for feature: (25)  number of iterations=12
2025-12-02 18:42:38,942 [I/O dispatcher 2] INFO  marytts.PStream Gradient GV optimization for feature: (26)  number of iterations=18
2025-12-02 18:42:38,942 [I/O dispatcher 2] INFO  marytts.PStream Gradient GV optimization for feature: (27)  number of iterations=12
2025-12-02 18:42:38,943 [I/O dispatcher 2] INFO  marytts.PStream Gradient GV optimization for feature: (28)  number of iterations=10
2025-12-02 18:42:38,943 [I/O dispatcher 2] INFO  marytts.PStream Gradient GV optimization for feature: (29)  number of iterations=14
2025-12-02 18:42:38,943 [I/O dispatcher 2] INFO  marytts.PStream Gradient GV optimization for feature: (30)  number of iterations=13
2025-12-02 18:42:38,944 [I/O dispatcher 2] INFO  marytts.PStream Gradient GV optimization for feature: (31)  number of iterations=13
2025-12-02 18:42:38,944 [I/O dispatcher 2] INFO  marytts.PStream Gradient GV optimization for feature: (32)  number of iterations=6
2025-12-02 18:42:38,944 [I/O dispatcher 2] INFO  marytts.PStream Gradient GV optimization for feature: (33)  number of iterations=8
2025-12-02 18:42:38,945 [I/O dispatcher 2] INFO  marytts.PStream Gradient GV optimization for feature: (34)  number of iterations=12
2025-12-02 18:42:38,945 [I/O dispatcher 2] INFO  marytts.ParameterGeneration Using f0 from maryXML acoustparams
2025-12-02 18:42:38,946 [I/O dispatcher 2] INFO  marytts.PStream Context-dependent global variance optimization: gvLength = 877
2025-12-02 18:42:38,946 [I/O dispatcher 2] INFO  marytts.PStream Gradient GV optimization for feature: (0)  number of iterations=9
2025-12-02 18:42:38,946 [I/O dispatcher 2] INFO  marytts.PStream Gradient GV optimization for feature: (1)  number of iterations=6
2025-12-02 18:42:38,946 [I/O dispatcher 2] INFO  marytts.PStream Gradient GV optimization for feature: (2)  number of iterations=3
2025-12-02 18:42:38,948 [I/O dispatcher 2] INFO  marytts.PStream Gradient GV optimization for feature: (3)  number of iterations=4
2025-12-02 18:42:38,948 [I/O dispatcher 2] INFO  marytts.PStream Gradient GV optimization for feature: (4)  number of iterations=16
2025-12-02 18:42:38,949 [I/O dispatcher 2] INFO  marytts.HMMSynthesizer Synthesizing one sentence.
2025-12-02 18:42:38,949 [I/O dispatcher 2] INFO  marytts.HTSEngine Using prosody from acoustparams.
2025-12-02 18:42:38,950 [I/O dispatcher 2] INFO  marytts.HTSEngine Number of models in sentence numModel=39  Total number of states numState=195
2025-12-02 18:42:38,950 [I/O dispatcher 2] INFO  marytts.HTSEngine Total number of frames=663  Number of voiced frames=419
2025-12-02 18:42:38,950 [I/O dispatcher 2] INFO  marytts.ParameterGeneration Parameter generation for MGC: 
2025-12-02 18:42:38,950 [I/O dispatcher 2] INFO  marytts.PStream Context-dependent global variance optimization: gvLength = 582
2025-12-02 18:42:38,952 [I/O dispatcher 2] INFO  marytts.PStream Gradient GV optimization for feature: (0)  number of iterations=83
2025-12-02 18:42:38,952 [I/O dispatcher 2] INFO  marytts.PStream Gradient GV optimization for feature: (1)  number of iterations=34
2025-12-02 18:42:38,953 [I/O dispatcher 2] INFO  marytts.PStream Gradient GV optimization for feature: (2)  number of iterations=2
2025-12-02 18:42:38,953 [I/O dispatcher 2] INFO  marytts.PStream Gradient GV optimization for feature: (3)  number of iterations=21
2025-12-02 18:42:38,953 [I/O dispatcher 2] INFO  marytts.PStream Gradient GV optimization for feature: (4)  number of iterations=23
2025-12-02 18:42:38,954 [I/O dispatcher 2] INFO  marytts.PStream Gradient GV optimization for feature: (5)  number of iterations=27
2025-12-02 18:42:38,954 [I/O dispatcher 2] INFO  marytts.PStream Gradient GV optimization for feature: (6)  number of iterations=2
2025-12-02 18:42:38,955 [I/O dispatcher 2] INFO  marytts.PStream Gradient GV optimization for feature: (7)  number of iterations=21
2025-12-02 18:42:38,955 [I/O dispatcher 2] INFO  marytts.PStream Gradient GV optimization for feature: (8)  number of iterations=20
2025-12-02 18:42:38,955 [I/O dispatcher 2] INFO  marytts.PStream Gradient GV optimization for feature: (9)  number of iterations=26
2025-12-02 18:42:38,956 [I/O dispatcher 2] INFO  marytts.PStream Gradient GV optimization for feature: (10)  number of iterations=20
2025-12-02 18:42:38,956 [I/O dispatcher 2] INFO  marytts.PStream Gradient GV optimization for feature: (11)  number of iterations=20
2025-12-02 18:42:38,956 [I/O dispatcher 2] INFO  marytts.PStream Gradient GV optimization for feature: (12)  number of iterations=17
2025-12-02 18:42:38,957 [I/O dispatcher 2] INFO  marytts.PStream Gradient GV optimization for feature: (13)  number of iterations=29
2025-12-02 18:42:38,957 [I/O dispatcher 2] INFO  marytts.PStream Gradient GV optimization for feature: (14)  number of iterations=20
2025-12-02 18:42:38,958 [I/O dispatcher 2] INFO  marytts.PStream Gradient GV optimization for feature: (15)  number of iterations=14
2025-12-02 18:42:38,958 [I/O dispatcher 2] INFO  marytts.PStream Gradient GV optimization for feature: (16)  number of iterations=18
2025-12-02 18:42:38,958 [I/O dispatcher 2] INFO  marytts.PStream Gradient GV optimization for feature: (17)  number of iterations=18
2025-12-02 18:42:38,959 [I/O dispatcher 2] INFO  marytts.PStream Gradient GV optimization for feature: (18)  number of iterations=24
2025-12-02 18:42:38,959 [I/O dispatcher 2] INFO  marytts.PStream Gradient GV optimization for feature: (19)  number of iterations=24
2025-12-02 18:42:38,960 [I/O dispatcher 2] INFO  marytts.PStream Gradient GV optimization for feature: (20)  number of iterations=16
2025-12-02 18:42:38,960 [I/O dispatcher 2] INFO  marytts.PStream Gradient GV optimization for feature: (21)  number of iterations=17
2025-12-02 18:42:38,960 [I/O dispatcher 2] INFO  marytts.PStream Gradient GV optimization for feature: (22)  number of iterations=21
2025-12-02 18:42:38,960 [I/O dispatcher 2] INFO  marytts.PStream Gradient GV optimization for feature: (23)  number of iterations=14
2025-12-02 18:42:38,961 [I/O dispatcher 2] INFO  marytts.PStream Gradient GV optimization for feature: (24)  number of iterations=12
2025-12-02 18:42:38,961 [I/O dispatcher 2] INFO  marytts.PStream Gradient GV optimization for feature: (25)  number of iterations=12
2025-12-02 18:42:38,961 [I/O dispatcher 2] INFO  marytts.PStream Gradient GV optimization for feature: (26)  number of iterations=11
2025-12-02 18:42:38,961 [I/O dispatcher 2] INFO  marytts.PStream Gradient GV optimization for feature: (27)  number of iterations=10
2025-12-02 18:42:38,962 [I/O dispatcher 2] INFO  marytts.PStream Gradient GV optimization for feature: (28)  number of iterations=22
2025-12-02 18:42:38,963 [I/O dispatcher 2] INFO  marytts.PStream Gradient GV optimization for feature: (29)  number of iterations=15
2025-12-02 18:42:38,963 [I/O dispatcher 2] INFO  marytts.PStream Gradient GV optimization for feature: (30)  number of iterations=13
2025-12-02 18:42:38,963 [I/O dispatcher 2] INFO  marytts.PStream Gradient GV optimization for feature: (31)  number of iterations=12
2025-12-02 18:42:38,963 [I/O dispatcher 2] INFO  marytts.PStream Gradient GV optimization for feature: (32)  number of iterations=4
2025-12-02 18:42:38,964 [I/O dispatcher 2] INFO  marytts.PStream Gradient GV optimization for feature: (33)  number of iterations=10
2025-12-02 18:42:38,964 [I/O dispatcher 2] INFO  marytts.PStream Gradient GV optimization for feature: (34)  number of iterations=11
2025-12-02 18:42:38,964 [I/O dispatcher 2] INFO  marytts.ParameterGeneration Using f0 from maryXML acoustparams
2025-12-02 18:42:38,964 [I/O dispatcher 2] INFO  marytts.PStream Context-dependent global variance optimization: gvLength = 582
2025-12-02 18:42:38,965 [I/O dispatcher 2] INFO  marytts.PStream Gradient GV optimization for feature: (0)  number of iterations=15
2025-12-02 18:42:38,965 [I/O dispatcher 2] INFO  marytts.PStream Gradient GV optimization for feature: (1)  number of iterations=17
2025-12-02 18:42:38,966 [I/O dispatcher 2] INFO  marytts.PStream Gradient GV optimization for feature: (2)  number of iterations=23
2025-12-02 18:42:38,966 [I/O dispatcher 2] INFO  marytts.PStream Gradient GV optimization for feature: (3)  number of iterations=17
2025-12-02 18:42:38,966 [I/O dispatcher 2] INFO  marytts.PStream Gradient GV optimization for feature: (4)  number of iterations=2
2025-12-02 18:42:38,967 [I/O dispatcher 2] INFO  marytts.R 1 Handling request using the following modules:
2025-12-02 18:42:38,967 [I/O dispatcher 2] INFO  marytts.R 1 - JTokeniser (marytts.language.en.JTokeniser)
2025-12-02 18:42:38,967 [I/O dispatcher 2] INFO  marytts.R 1 - Preprocess (marytts.language.en.Preprocess)
2025-12-02 18:42:38,967 [I/O dispatcher 2] INFO  marytts.R 1 - OpenNLPPosTagger (marytts.modules.OpenNLPPosTagger)
2025-12-02 18:42:38,967 [I/O dispatcher 2] INFO  marytts.R 1 - JPhonemiser (marytts.modules.JPhonemiser)
2025-12-02 18:42:38,967 [I/O dispatcher 2] INFO  marytts.R 1 - Prosody (marytts.language.en.Prosody)
2025-12-02 18:42:38,967 [I/O dispatcher 2] INFO  marytts.R 1 - PronunciationModel (marytts.language.en.PronunciationModel)
2025-12-02 18:42:38,967 [I/O dispatcher 2] INFO  marytts.R 1 - AcousticModeller (marytts.modules.AcousticModeller)
2025-12-02 18:42:38,967 [I/O dispatcher 2] INFO  marytts.R 1 - Synthesis (marytts.modules.Synthesis)
2025-12-02 18:42:38,967 [I/O dispatcher 2] INFO  marytts.R 1 Next module: JTokeniser
2025-12-02 18:42:38,967 [I/O dispatcher 2] INFO  marytts.R 1 Next module: Preprocess
2025-12-02 18:42:38,968 [I/O dispatcher 2] INFO  marytts.R 1 Next module: OpenNLPPosTagger
2025-12-02 18:42:38,969 [I/O dispatcher 2] INFO  marytts.R 1 Next module: JPhonemiser
2025-12-02 18:42:38,970 [I/O dispatcher 2] INFO  marytts.R 1 Next module: Prosody
2025-12-02 18:42:38,970 [I/O dispatcher 2] INFO  marytts.R 1 Next module: PronunciationModel
2025-12-02 18:42:38,970 [I/O dispatcher 2] INFO  marytts.R 1 Next module: AcousticModeller
2025-12-02 18:42:38,980 [I/O dispatcher 2] INFO  marytts.ParameterGeneration Parameter generation for LF0: 
2025-12-02 18:42:38,980 [I/O dispatcher 2] INFO  marytts.PStream Context-dependent global variance optimization: gvLength = 1158
2025-12-02 18:42:38,982 [I/O dispatcher 2] INFO  marytts.PStream Gradient GV optimization for feature: (0)  number of iterations=51
2025-12-02 18:42:38,986 [I/O dispatcher 2] INFO  marytts.R 1 Next module: Synthesis
2025-12-02 18:42:38,986 [I/O dispatcher 2] INFO  marytts.HMMSynthesizer Synthesizing one sentence.
2025-12-02 18:42:38,987 [I/O dispatcher 2] INFO  marytts.HTSEngine Using prosody from acoustparams.
2025-12-02 18:42:38,988 [I/O dispatcher 2] INFO  marytts.HTSEngine Number of models in sentence numModel=98  Total number of states numState=490
2025-12-02 18:42:38,988 [I/O dispatcher 2] INFO  marytts.HTSEngine Total number of frames=1764  Number of voiced frames=1180
2025-12-02 18:42:38,990 [I/O dispatcher 2] INFO  marytts.ParameterGeneration Parameter generation for MGC: 
2025-12-02 18:42:38,990 [I/O dispatcher 2] INFO  marytts.PStream Context-dependent global variance optimization: gvLength = 1526
2025-12-02 18:42:38,992 [I/O dispatcher 2] INFO  marytts.PStream Gradient GV optimization for feature: (0)  number of iterations=36
2025-12-02 18:42:38,993 [I/O dispatcher 2] INFO  marytts.PStream Gradient GV optimization for feature: (1)  number of iterations=24
2025-12-02 18:42:38,994 [I/O dispatcher 2] INFO  marytts.PStream Gradient GV optimization for feature: (2)  number of iterations=23
2025-12-02 18:42:38,995 [I/O dispatcher 2] INFO  marytts.PStream Gradient GV optimization for feature: (3)  number of iterations=21
2025-12-02 18:42:38,996 [I/O dispatcher 2] INFO  marytts.PStream Gradient GV optimization for feature: (4)  number of iterations=6
2025-12-02 18:42:38,997 [I/O dispatcher 2] INFO  marytts.PStream Gradient GV optimization for feature: (5)  number of iterations=5
2025-12-02 18:42:38,997 [I/O dispatcher 2] INFO  marytts.PStream Gradient GV optimization for feature: (6)  number of iterations=2
2025-12-02 18:42:38,998 [I/O dispatcher 2] INFO  marytts.PStream Gradient GV optimization for feature: (7)  number of iterations=21
2025-12-02 18:42:38,999 [I/O dispatcher 2] INFO  marytts.PStream Gradient GV optimization for feature: (8)  number of iterations=20
2025-12-02 18:42:39,001 [I/O dispatcher 2] INFO  marytts.PStream Gradient GV optimization for feature: (9)  number of iterations=18
2025-12-02 18:42:39,002 [I/O dispatcher 2] INFO  marytts.PStream Gradient GV optimization for feature: (10)  number of iterations=20
2025-12-02 18:42:39,003 [I/O dispatcher 2] INFO  marytts.PStream Gradient GV optimization for feature: (11)  number of iterations=18
2025-12-02 18:42:39,004 [I/O dispatcher 2] INFO  marytts.PStream Gradient GV optimization for feature: (12)  number of iterations=17
2025-12-02 18:42:39,005 [I/O dispatcher 2] INFO  marytts.PStream Gradient GV optimization for feature: (13)  number of iterations=19
2025-12-02 18:42:39,006 [I/O dispatcher 2] INFO  marytts.PStream Gradient GV optimization for feature: (14)  number of iterations=21
2025-12-02 18:42:39,007 [I/O dispatcher 2] INFO  marytts.PStream Gradient GV optimization for feature: (15)  number of iterations=22
2025-12-02 18:42:39,009 [I/O dispatcher 2] INFO  marytts.PStream Gradient GV optimization for feature: (16)  number of iterations=18
2025-12-02 18:42:39,010 [I/O dispatcher 2] INFO  marytts.PStream Gradient GV optimization for feature: (17)  number of iterations=17
2025-12-02 18:42:39,010 [I/O dispatcher 2] INFO  marytts.PStream Gradient GV optimization for feature: (18)  number of iterations=17
2025-12-02 18:42:39,012 [I/O dispatcher 2] INFO  marytts.PStream Gradient GV optimization for feature: (19)  number of iterations=22
2025-12-02 18:42:39,013 [I/O dispatcher 2] INFO  marytts.PStream Gradient GV optimization for feature: (20)  number of iterations=16
2025-12-02 18:42:39,014 [I/O dispatcher 2] INFO  marytts.PStream Gradient GV optimization for feature: (21)  number of iterations=18
2025-12-02 18:42:39,014 [I/O dispatcher 2] INFO  marytts.PStream Gradient GV optimization for feature: (22)  number of iterations=20
2025-12-02 18:42:39,015 [I/O dispatcher 2] INFO  marytts.PStream Gradient GV optimization for feature: (23)  number of iterations=18
2025-12-02 18:42:39,015 [I/O dispatcher 2] INFO  marytts.PStream Gradient GV optimization for feature: (24)  number of iterations=10
2025-12-02 18:42:39,016 [I/O dispatcher 2] INFO  marytts.PStream Gradient GV optimization for feature: (25)  number of iterations=11
2025-12-02 18:42:39,017 [I/O dispatcher 2] INFO  marytts.PStream Gradient GV optimization for feature: (26)  number of iterations=12
2025-12-02 18:42:39,018 [I/O dispatcher 2] INFO  marytts.PStream Gradient GV optimization for feature: (27)  number of iterations=14
2025-12-02 18:42:39,018 [I/O dispatcher 2] INFO  marytts.PStream Gradient GV optimization for feature: (28)  number of iterations=15
2025-12-02 18:42:39,019 [I/O dispatcher 2] INFO  marytts.PStream Gradient GV optimization for feature: (29)  number of iterations=16
2025-12-02 18:42:39,019 [I/O dispatcher 2] INFO  marytts.PStream Gradient GV optimization for feature: (30)  number of iterations=12
2025-12-02 18:42:39,020 [I/O dispatcher 2] INFO  marytts.PStream Gradient GV optimization for feature: (31)  number of iterations=13
2025-12-02 18:42:39,020 [I/O dispatcher 2] INFO  marytts.PStream Gradient GV optimization for feature: (32)  number of iterations=8
2025-12-02 18:42:39,021 [I/O dispatcher 2] INFO  marytts.PStream Gradient GV optimization for feature: (33)  number of iterations=8
2025-12-02 18:42:39,021 [I/O dispatcher 2] INFO  marytts.PStream Gradient GV optimization for feature: (34)  number of iterations=14
2025-12-02 18:42:39,021 [I/O dispatcher 2] INFO  marytts.ParameterGeneration Using f0 from maryXML acoustparams
2025-12-02 18:42:39,024 [I/O dispatcher 2] INFO  marytts.PStream Context-dependent global variance optimization: gvLength = 1526
2025-12-02 18:42:39,026 [I/O dispatcher 2] INFO  marytts.PStream Gradient GV optimization for feature: (0)  number of iterations=61
2025-12-02 18:42:39,027 [I/O dispatcher 2] INFO  marytts.PStream Gradient GV optimization for feature: (1)  number of iterations=6
2025-12-02 18:42:39,028 [I/O dispatcher 2] INFO  marytts.PStream Gradient GV optimization for feature: (2)  number of iterations=22
2025-12-02 18:42:39,029 [I/O dispatcher 2] INFO  marytts.PStream Gradient GV optimization for feature: (3)  number of iterations=4
2025-12-02 18:42:39,030 [I/O dispatcher 2] INFO  marytts.PStream Gradient GV optimization for feature: (4)  number of iterations=20
2025-12-02 18:42:39,031 [I/O dispatcher 2] INFO  marytts.R 1 Handling request using the following modules:
2025-12-02 18:42:39,031 [I/O dispatcher 2] INFO  marytts.R 1 - JTokeniser (marytts.language.en.JTokeniser)
2025-12-02 18:42:39,031 [I/O dispatcher 2] INFO  marytts.R 1 - Preprocess (marytts.language.en.Preprocess)
2025-12-02 18:42:39,031 [I/O dispatcher 2] INFO  marytts.R 1 - OpenNLPPosTagger (marytts.modules.OpenNLPPosTagger)
2025-12-02 18:42:39,031 [I/O dispatcher 2] INFO  marytts.R 1 - JPhonemiser (marytts.modules.JPhonemiser)
2025-12-02 18:42:39,031 [I/O dispatcher 2] INFO  marytts.R 1 - Prosody (marytts.language.en.Prosody)
2025-12-02 18:42:39,031 [I/O dispatcher 2] INFO  marytts.R 1 - PronunciationModel (marytts.language.en.PronunciationModel)
2025-12-02 18:42:39,031 [I/O dispatcher 2] INFO  marytts.R 1 - AcousticModeller (marytts.modules.AcousticModeller)
2025-12-02 18:42:39,031 [I/O dispatcher 2] INFO  marytts.R 1 - Synthesis (marytts.modules.Synthesis)
2025-12-02 18:42:39,031 [I/O dispatcher 2] INFO  marytts.R 1 Next module: JTokeniser
2025-12-02 18:42:39,031 [I/O dispatcher 2] INFO  marytts.R 1 Next module: Preprocess
2025-12-02 18:42:39,031 [I/O dispatcher 2] INFO  marytts.R 1 Next module: OpenNLPPosTagger
2025-12-02 18:42:39,033 [I/O dispatcher 2] INFO  marytts.R 1 Next module: JPhonemiser
2025-12-02 18:42:39,034 [I/O dispatcher 2] INFO  marytts.R 1 Next module: Prosody
2025-12-02 18:42:39,035 [I/O dispatcher 2] INFO  marytts.R 1 Next module: PronunciationModel
2025-12-02 18:42:39,035 [I/O dispatcher 2] INFO  marytts.R 1 Next module: AcousticModeller
2025-12-02 18:42:39,048 [I/O dispatcher 2] INFO  marytts.ParameterGeneration Parameter generation for LF0: 
2025-12-02 18:42:39,048 [I/O dispatcher 2] INFO  marytts.PStream Context-dependent global variance optimization: gvLength = 1400
2025-12-02 18:42:39,050 [I/O dispatcher 2] INFO  marytts.PStream Gradient GV optimization for feature: (0)  number of iterations=90
2025-12-02 18:42:39,054 [I/O dispatcher 2] INFO  marytts.R 1 Next module: Synthesis
2025-12-02 18:42:39,054 [I/O dispatcher 2] INFO  marytts.HMMSynthesizer Synthesizing one sentence.
2025-12-02 18:42:39,054 [I/O dispatcher 2] INFO  marytts.HTSEngine Using prosody from acoustparams.
2025-12-02 18:42:39,057 [I/O dispatcher 2] INFO  marytts.HTSEngine Number of models in sentence numModel=126  Total number of states numState=630
2025-12-02 18:42:39,057 [I/O dispatcher 2] INFO  marytts.HTSEngine Total number of frames=2254  Number of voiced frames=1401
2025-12-02 18:42:39,058 [I/O dispatcher 2] INFO  marytts.ParameterGeneration Parameter generation for MGC: 
2025-12-02 18:42:39,058 [I/O dispatcher 2] INFO  marytts.PStream Context-dependent global variance optimization: gvLength = 1936
2025-12-02 18:42:39,064 [I/O dispatcher 2] INFO  marytts.PStream Gradient GV optimization for feature: (0)  number of iterations=88
2025-12-02 18:42:39,066 [I/O dispatcher 2] INFO  marytts.PStream Gradient GV optimization for feature: (1)  number of iterations=2
2025-12-02 18:42:39,066 [I/O dispatcher 2] INFO  marytts.PStream Gradient GV optimization for feature: (2)  number of iterations=2
2025-12-02 18:42:39,068 [I/O dispatcher 2] INFO  marytts.PStream Gradient GV optimization for feature: (3)  number of iterations=23
2025-12-02 18:42:39,069 [I/O dispatcher 2] INFO  marytts.PStream Gradient GV optimization for feature: (4)  number of iterations=7
2025-12-02 18:42:39,069 [I/O dispatcher 2] INFO  marytts.PStream Gradient GV optimization for feature: (5)  number of iterations=4
2025-12-02 18:42:39,070 [I/O dispatcher 2] INFO  marytts.PStream Gradient GV optimization for feature: (6)  number of iterations=2
2025-12-02 18:42:39,071 [I/O dispatcher 2] INFO  marytts.PStream Gradient GV optimization for feature: (7)  number of iterations=21
2025-12-02 18:42:39,072 [I/O dispatcher 2] INFO  marytts.PStream Gradient GV optimization for feature: (8)  number of iterations=20
2025-12-02 18:42:39,073 [I/O dispatcher 2] INFO  marytts.PStream Gradient GV optimization for feature: (9)  number of iterations=19
2025-12-02 18:42:39,075 [I/O dispatcher 2] INFO  marytts.PStream Gradient GV optimization for feature: (10)  number of iterations=20
2025-12-02 18:42:39,076 [I/O dispatcher 2] INFO  marytts.PStream Gradient GV optimization for feature: (11)  number of iterations=18
2025-12-02 18:42:39,077 [I/O dispatcher 2] INFO  marytts.PStream Gradient GV optimization for feature: (12)  number of iterations=17
2025-12-02 18:42:39,078 [I/O dispatcher 2] INFO  marytts.PStream Gradient GV optimization for feature: (13)  number of iterations=19
2025-12-02 18:42:39,080 [I/O dispatcher 2] INFO  marytts.PStream Gradient GV optimization for feature: (14)  number of iterations=19
2025-12-02 18:42:39,081 [I/O dispatcher 2] INFO  marytts.PStream Gradient GV optimization for feature: (15)  number of iterations=23
2025-12-02 18:42:39,082 [I/O dispatcher 2] INFO  marytts.PStream Gradient GV optimization for feature: (16)  number of iterations=19
2025-12-02 18:42:39,083 [I/O dispatcher 2] INFO  marytts.PStream Gradient GV optimization for feature: (17)  number of iterations=23
2025-12-02 18:42:39,083 [I/O dispatcher 2] INFO  marytts.PStream Gradient GV optimization for feature: (18)  number of iterations=17
2025-12-02 18:42:39,084 [I/O dispatcher 2] INFO  marytts.PStream Gradient GV optimization for feature: (19)  number of iterations=14
2025-12-02 18:42:39,085 [I/O dispatcher 2] INFO  marytts.PStream Gradient GV optimization for feature: (20)  number of iterations=16
2025-12-02 18:42:39,086 [I/O dispatcher 2] INFO  marytts.PStream Gradient GV optimization for feature: (21)  number of iterations=16
2025-12-02 18:42:39,087 [I/O dispatcher 2] INFO  marytts.PStream Gradient GV optimization for feature: (22)  number of iterations=20
2025-12-02 18:42:39,088 [I/O dispatcher 2] INFO  marytts.PStream Gradient GV optimization for feature: (23)  number of iterations=16
2025-12-02 18:42:39,088 [I/O dispatcher 2] INFO  marytts.PStream Gradient GV optimization for feature: (24)  number of iterations=10
2025-12-02 18:42:39,089 [I/O dispatcher 2] INFO  marytts.PStream Gradient GV optimization for feature: (25)  number of iterations=12
2025-12-02 18:42:39,089 [I/O dispatcher 2] INFO  marytts.PStream Gradient GV optimization for feature: (26)  number of iterations=12
2025-12-02 18:42:39,090 [I/O dispatcher 2] INFO  marytts.PStream Gradient GV optimization for feature: (27)  number of iterations=13
2025-12-02 18:42:39,091 [I/O dispatcher 2] INFO  marytts.PStream Gradient GV optimization for feature: (28)  number of iterations=27
2025-12-02 18:42:39,092 [I/O dispatcher 2] INFO  marytts.PStream Gradient GV optimization for feature: (29)  number of iterations=15
2025-12-02 18:42:39,093 [I/O dispatcher 2] INFO  marytts.PStream Gradient GV optimization for feature: (30)  number of iterations=12
2025-12-02 18:42:39,093 [I/O dispatcher 2] INFO  marytts.PStream Gradient GV optimization for feature: (31)  number of iterations=13
2025-12-02 18:42:39,093 [I/O dispatcher 2] INFO  marytts.PStream Gradient GV optimization for feature: (32)  number of iterations=8
2025-12-02 18:42:39,094 [I/O dispatcher 2] INFO  marytts.PStream Gradient GV optimization for feature: (33)  number of iterations=8
2025-12-02 18:42:39,095 [I/O dispatcher 2] INFO  marytts.PStream Gradient GV optimization for feature: (34)  number of iterations=22
2025-12-02 18:42:39,095 [I/O dispatcher 2] INFO  marytts.ParameterGeneration Using f0 from maryXML acoustparams
2025-12-02 18:42:39,096 [I/O dispatcher 2] INFO  marytts.PStream Context-dependent global variance optimization: gvLength = 1936
2025-12-02 18:42:39,097 [I/O dispatcher 2] INFO  marytts.PStream Gradient GV optimization for feature: (0)  number of iterations=29
2025-12-02 18:42:39,098 [I/O dispatcher 2] INFO  marytts.PStream Gradient GV optimization for feature: (1)  number of iterations=2
2025-12-02 18:42:39,099 [I/O dispatcher 2] INFO  marytts.PStream Gradient GV optimization for feature: (2)  number of iterations=18
2025-12-02 18:42:39,099 [I/O dispatcher 2] INFO  marytts.PStream Gradient GV optimization for feature: (3)  number of iterations=4
2025-12-02 18:42:39,099 [I/O dispatcher 2] INFO  marytts.PStream Gradient GV optimization for feature: (4)  number of iterations=5
2025-12-02 18:42:39,100 [I/O dispatcher 2] INFO  marytts.R 1 Request processed in 625 ms.
2025-12-02 18:42:39,100 [I/O dispatcher 2] INFO  marytts.R 1    TextToMaryXML took 1 ms
2025-12-02 18:42:39,100 [I/O dispatcher 2] INFO  marytts.R 1    JTokeniser took 2 ms
2025-12-02 18:42:39,100 [I/O dispatcher 2] INFO  marytts.R 1    Preprocess took 27 ms
2025-12-02 18:42:39,100 [I/O dispatcher 2] INFO  marytts.R 1    OpenNLPPosTagger took 12 ms
2025-12-02 18:42:39,100 [I/O dispatcher 2] INFO  marytts.R 1    JPhonemiser took 10 ms
2025-12-02 18:42:39,100 [I/O dispatcher 2] INFO  marytts.R 1    Prosody took 10 ms
2025-12-02 18:42:39,100 [I/O dispatcher 2] INFO  marytts.R 1    PronunciationModel took 3 ms
2025-12-02 18:42:39,100 [I/O dispatcher 2] INFO  marytts.R 1    AcousticModeller took 131 ms
2025-12-02 18:42:39,100 [I/O dispatcher 2] INFO  marytts.R 1    Synthesis took 428 ms
2025-12-02 18:42:45,381 [I/O dispatcher 2] INFO  marytts.server Request handled successfully.
2025-12-02 18:42:50,420 [I/O dispatcher 2] INFO  marytts.server Connection closed: [closed]
2025-12-02 18:43:34,198 [I/O dispatcher 3] INFO  marytts.server Connection from null
2025-12-02 18:43:34,199 [I/O dispatcher 3] INFO  marytts.R 2 New request (input type "TEXT", output type "AUDIO", voice "cmu-slt-hsmm", effect "", audio "WAVE")
2025-12-02 18:43:34,199 [I/O dispatcher 3] INFO  marytts.server Read: The name "Ronaldo" is most famously associated with two incredible football (soccer) players:

*   **Cristiano Ronaldo:** Arguably one of the greatest football players of all time. He is Portuguese, known for his incredible goal-scoring ability, athleticism, work ethic, and numerous awards. He currently plays for Al Nassr in Saudi Arabia and the Portugal national team. He's won numerous league titles in England, Spain, and Italy, as well as multiple Champions League titles and the European Championship with Portugal.

*   **Ronaldo Luís Nazário de Lima:** A retired Brazilian footballer, often simply referred to as "Ronaldo," "Ronaldo Nazário," or "Ronaldo Fenômeno" ("The Phenomenon"). He was a striker known for his incredible skill, pace, and goal-scoring record. He won the World Cup with Brazil in 1994 and 2002.

While there may be other people named Ronaldo, these two are the most prominent and well-known, particularly within the context of sports.

When someone mentions "Ronaldo" in a football context, it is usually referring to one of these two players, and context is usually needed to distinguish between them.
2025-12-02 18:43:34,200 [I/O dispatcher 3] INFO  marytts.R 2 Handling request using the following modules:
2025-12-02 18:43:34,200 [I/O dispatcher 3] INFO  marytts.R 2 - TextToMaryXML (marytts.modules.TextToMaryXML)
2025-12-02 18:43:34,200 [I/O dispatcher 3] INFO  marytts.R 2 Next module: TextToMaryXML
2025-12-02 18:43:34,200 [I/O dispatcher 3] INFO  marytts.R 2 Handling request using the following modules:
2025-12-02 18:43:34,200 [I/O dispatcher 3] INFO  marytts.R 2 - JTokeniser (marytts.language.en.JTokeniser)
2025-12-02 18:43:34,200 [I/O dispatcher 3] INFO  marytts.R 2 - Preprocess (marytts.language.en.Preprocess)
2025-12-02 18:43:34,200 [I/O dispatcher 3] INFO  marytts.R 2 - OpenNLPPosTagger (marytts.modules.OpenNLPPosTagger)
2025-12-02 18:43:34,200 [I/O dispatcher 3] INFO  marytts.R 2 - JPhonemiser (marytts.modules.JPhonemiser)
2025-12-02 18:43:34,200 [I/O dispatcher 3] INFO  marytts.R 2 - Prosody (marytts.language.en.Prosody)
2025-12-02 18:43:34,200 [I/O dispatcher 3] INFO  marytts.R 2 - PronunciationModel (marytts.language.en.PronunciationModel)
2025-12-02 18:43:34,200 [I/O dispatcher 3] INFO  marytts.R 2 - AcousticModeller (marytts.modules.AcousticModeller)
2025-12-02 18:43:34,200 [I/O dispatcher 3] INFO  marytts.R 2 - Synthesis (marytts.modules.Synthesis)
2025-12-02 18:43:34,200 [I/O dispatcher 3] INFO  marytts.R 2 Next module: JTokeniser
2025-12-02 18:43:34,201 [I/O dispatcher 3] INFO  marytts.R 2 Next module: Preprocess
2025-12-02 18:43:34,202 [I/O dispatcher 3] INFO  marytts.R 2 Next module: OpenNLPPosTagger
2025-12-02 18:43:34,203 [I/O dispatcher 3] INFO  marytts.R 2 Next module: JPhonemiser
2025-12-02 18:43:34,204 [I/O dispatcher 3] INFO  marytts.R 2 Next module: Prosody
2025-12-02 18:43:34,205 [I/O dispatcher 3] INFO  marytts.R 2 Next module: PronunciationModel
2025-12-02 18:43:34,205 [I/O dispatcher 3] INFO  marytts.R 2 Next module: AcousticModeller
2025-12-02 18:43:34,213 [I/O dispatcher 4] INFO  marytts.server Connection from null
2025-12-02 18:43:34,214 [I/O dispatcher 4] INFO  marytts.R 3 New request (input type "TEXT", output type "AUDIO", voice "cmu-slt-hsmm", effect "", audio "WAVE")
2025-12-02 18:43:34,214 [I/O dispatcher 4] INFO  marytts.server Read: The name "Ronaldo" is most famously associated with two incredible football (soccer) players:

*   **Cristiano Ronaldo:** Arguably one of the greatest football players of all time. He is Portuguese, known for his incredible goal-scoring ability, athleticism, work ethic, and numerous awards. He currently plays for Al Nassr in Saudi Arabia and the Portugal national team. He's won numerous league titles in England, Spain, and Italy, as well as multiple Champions League titles and the European Championship with Portugal.

*   **Ronaldo Luís Nazário de Lima:** A retired Brazilian footballer, often simply referred to as "Ronaldo," "Ronaldo Nazário," or "Ronaldo Fenômeno" ("The Phenomenon"). He was a striker known for his incredible skill, pace, and goal-scoring record. He won the World Cup with Brazil in 1994 and 2002.

While there may be other people named Ronaldo, these two are the most prominent and well-known, particularly within the context of sports.

When someone mentions "Ronaldo" in a football context, it is usually referring to one of these two players, and context is usually needed to distinguish between them.
2025-12-02 18:43:34,214 [I/O dispatcher 4] INFO  marytts.R 3 Handling request using the following modules:
2025-12-02 18:43:34,214 [I/O dispatcher 4] INFO  marytts.R 3 - TextToMaryXML (marytts.modules.TextToMaryXML)
2025-12-02 18:43:34,214 [I/O dispatcher 4] INFO  marytts.R 3 Next module: TextToMaryXML
2025-12-02 18:43:34,214 [I/O dispatcher 3] INFO  marytts.ParameterGeneration Parameter generation for LF0: 
2025-12-02 18:43:34,214 [I/O dispatcher 3] INFO  marytts.PStream Context-dependent global variance optimization: gvLength = 827
2025-12-02 18:43:34,214 [I/O dispatcher 4] INFO  marytts.R 3 Handling request using the following modules:
2025-12-02 18:43:34,214 [I/O dispatcher 4] INFO  marytts.R 3 - JTokeniser (marytts.language.en.JTokeniser)
2025-12-02 18:43:34,214 [I/O dispatcher 4] INFO  marytts.R 3 - Preprocess (marytts.language.en.Preprocess)
2025-12-02 18:43:34,214 [I/O dispatcher 4] INFO  marytts.R 3 - OpenNLPPosTagger (marytts.modules.OpenNLPPosTagger)
2025-12-02 18:43:34,214 [I/O dispatcher 4] INFO  marytts.R 3 - JPhonemiser (marytts.modules.JPhonemiser)
2025-12-02 18:43:34,214 [I/O dispatcher 4] INFO  marytts.R 3 - Prosody (marytts.language.en.Prosody)
2025-12-02 18:43:34,214 [I/O dispatcher 4] INFO  marytts.R 3 - PronunciationModel (marytts.language.en.PronunciationModel)
2025-12-02 18:43:34,214 [I/O dispatcher 4] INFO  marytts.R 3 - AcousticModeller (marytts.modules.AcousticModeller)
2025-12-02 18:43:34,214 [I/O dispatcher 4] INFO  marytts.R 3 - Synthesis (marytts.modules.Synthesis)
2025-12-02 18:43:34,214 [I/O dispatcher 4] INFO  marytts.R 3 Next module: JTokeniser
2025-12-02 18:43:34,214 [I/O dispatcher 4] INFO  marytts.R 3 Next module: Preprocess
2025-12-02 18:43:34,215 [I/O dispatcher 3] INFO  marytts.PStream Gradient GV optimization for feature: (0)  number of iterations=19
2025-12-02 18:43:34,215 [I/O dispatcher 4] INFO  marytts.R 3 Next module: OpenNLPPosTagger
2025-12-02 18:43:34,216 [I/O dispatcher 4] INFO  marytts.R 3 Next module: JPhonemiser
2025-12-02 18:43:34,217 [I/O dispatcher 3] INFO  marytts.R 2 Next module: Synthesis
2025-12-02 18:43:34,217 [I/O dispatcher 4] INFO  marytts.R 3 Next module: Prosody
2025-12-02 18:43:34,217 [I/O dispatcher 3] INFO  marytts.HMMSynthesizer Synthesizing one sentence.
2025-12-02 18:43:34,218 [I/O dispatcher 3] INFO  marytts.HTSEngine Using prosody from acoustparams.
2025-12-02 18:43:34,218 [I/O dispatcher 4] INFO  marytts.R 3 Next module: PronunciationModel
2025-12-02 18:43:34,218 [I/O dispatcher 4] INFO  marytts.R 3 Next module: AcousticModeller
2025-12-02 18:43:34,219 [I/O dispatcher 3] INFO  marytts.HTSEngine Number of models in sentence numModel=68  Total number of states numState=340
2025-12-02 18:43:34,219 [I/O dispatcher 3] INFO  marytts.HTSEngine Total number of frames=1499  Number of voiced frames=826
2025-12-02 18:43:34,221 [I/O dispatcher 3] INFO  marytts.ParameterGeneration Parameter generation for MGC: 
2025-12-02 18:43:34,221 [I/O dispatcher 3] INFO  marytts.PStream Context-dependent global variance optimization: gvLength = 1180
2025-12-02 18:43:34,225 [I/O dispatcher 3] INFO  marytts.PStream    optimization stopped by reaching max number of iterations (no global variance applied)
2025-12-02 18:43:34,225 [I/O dispatcher 3] INFO  marytts.PStream Gradient GV optimization for feature: (0)  number of iterations=101
2025-12-02 18:43:34,226 [I/O dispatcher 3] INFO  marytts.PStream Gradient GV optimization for feature: (1)  number of iterations=23
2025-12-02 18:43:34,226 [I/O dispatcher 4] INFO  marytts.ParameterGeneration Parameter generation for LF0: 
2025-12-02 18:43:34,226 [I/O dispatcher 4] INFO  marytts.PStream Context-dependent global variance optimization: gvLength = 827
2025-12-02 18:43:34,227 [I/O dispatcher 3] INFO  marytts.PStream Gradient GV optimization for feature: (2)  number of iterations=6
2025-12-02 18:43:34,227 [I/O dispatcher 4] INFO  marytts.PStream Gradient GV optimization for feature: (0)  number of iterations=19
2025-12-02 18:43:34,227 [I/O dispatcher 3] INFO  marytts.PStream Gradient GV optimization for feature: (3)  number of iterations=22
2025-12-02 18:43:34,228 [I/O dispatcher 3] INFO  marytts.PStream Gradient GV optimization for feature: (4)  number of iterations=2
2025-12-02 18:43:34,228 [I/O dispatcher 3] INFO  marytts.PStream Gradient GV optimization for feature: (5)  number of iterations=2
2025-12-02 18:43:34,228 [I/O dispatcher 3] INFO  marytts.PStream Gradient GV optimization for feature: (6)  number of iterations=2
2025-12-02 18:43:34,229 [I/O dispatcher 3] INFO  marytts.PStream Gradient GV optimization for feature: (7)  number of iterations=21
2025-12-02 18:43:34,229 [I/O dispatcher 4] INFO  marytts.R 3 Next module: Synthesis
2025-12-02 18:43:34,230 [I/O dispatcher 4] INFO  marytts.HMMSynthesizer Synthesizing one sentence.
2025-12-02 18:43:34,230 [I/O dispatcher 3] INFO  marytts.PStream Gradient GV optimization for feature: (8)  number of iterations=4
2025-12-02 18:43:34,231 [I/O dispatcher 4] INFO  marytts.HTSEngine Using prosody from acoustparams.
2025-12-02 18:43:34,231 [I/O dispatcher 4] INFO  marytts.HTSEngine Number of models in sentence numModel=68  Total number of states numState=340
2025-12-02 18:43:34,231 [I/O dispatcher 4] INFO  marytts.HTSEngine Total number of frames=1499  Number of voiced frames=826
2025-12-02 18:43:34,233 [I/O dispatcher 3] INFO  marytts.PStream Gradient GV optimization for feature: (9)  number of iterations=19
2025-12-02 18:43:34,235 [I/O dispatcher 4] INFO  marytts.ParameterGeneration Parameter generation for MGC: 
2025-12-02 18:43:34,235 [I/O dispatcher 4] INFO  marytts.PStream Context-dependent global variance optimization: gvLength = 1180
2025-12-02 18:43:34,236 [I/O dispatcher 3] INFO  marytts.PStream Gradient GV optimization for feature: (10)  number of iterations=18
2025-12-02 18:43:34,237 [I/O dispatcher 3] INFO  marytts.PStream Gradient GV optimization for feature: (11)  number of iterations=17
2025-12-02 18:43:34,237 [I/O dispatcher 4] INFO  marytts.PStream    optimization stopped by reaching max number of iterations (no global variance applied)
2025-12-02 18:43:34,237 [I/O dispatcher 4] INFO  marytts.PStream Gradient GV optimization for feature: (0)  number of iterations=101
2025-12-02 18:43:34,238 [I/O dispatcher 3] INFO  marytts.PStream Gradient GV optimization for feature: (12)  number of iterations=20
2025-12-02 18:43:34,238 [I/O dispatcher 4] INFO  marytts.PStream Gradient GV optimization for feature: (1)  number of iterations=23
2025-12-02 18:43:34,239 [I/O dispatcher 4] INFO  marytts.PStream Gradient GV optimization for feature: (2)  number of iterations=6
2025-12-02 18:43:34,239 [I/O dispatcher 3] INFO  marytts.PStream Gradient GV optimization for feature: (13)  number of iterations=17
2025-12-02 18:43:34,240 [I/O dispatcher 4] INFO  marytts.PStream Gradient GV optimization for feature: (3)  number of iterations=22
2025-12-02 18:43:34,240 [I/O dispatcher 4] INFO  marytts.PStream Gradient GV optimization for feature: (4)  number of iterations=2
2025-12-02 18:43:34,240 [I/O dispatcher 3] INFO  marytts.PStream Gradient GV optimization for feature: (14)  number of iterations=19
2025-12-02 18:43:34,240 [I/O dispatcher 4] INFO  marytts.PStream Gradient GV optimization for feature: (5)  number of iterations=2
2025-12-02 18:43:34,240 [I/O dispatcher 4] INFO  marytts.PStream Gradient GV optimization for feature: (6)  number of iterations=2
2025-12-02 18:43:34,241 [I/O dispatcher 4] INFO  marytts.PStream Gradient GV optimization for feature: (7)  number of iterations=21
2025-12-02 18:43:34,241 [I/O dispatcher 3] INFO  marytts.PStream Gradient GV optimization for feature: (15)  number of iterations=16
2025-12-02 18:43:34,241 [I/O dispatcher 4] INFO  marytts.PStream Gradient GV optimization for feature: (8)  number of iterations=4
2025-12-02 18:43:34,243 [I/O dispatcher 4] INFO  marytts.PStream Gradient GV optimization for feature: (9)  number of iterations=19
2025-12-02 18:43:34,243 [I/O dispatcher 3] INFO  marytts.PStream Gradient GV optimization for feature: (16)  number of iterations=20
2025-12-02 18:43:34,243 [I/O dispatcher 4] INFO  marytts.PStream Gradient GV optimization for feature: (10)  number of iterations=18
2025-12-02 18:43:34,244 [I/O dispatcher 4] INFO  marytts.PStream Gradient GV optimization for feature: (11)  number of iterations=17
2025-12-02 18:43:34,244 [I/O dispatcher 3] INFO  marytts.PStream Gradient GV optimization for feature: (17)  number of iterations=19
2025-12-02 18:43:34,244 [I/O dispatcher 4] INFO  marytts.PStream Gradient GV optimization for feature: (12)  number of iterations=20
2025-12-02 18:43:34,245 [I/O dispatcher 4] INFO  marytts.PStream Gradient GV optimization for feature: (13)  number of iterations=17
2025-12-02 18:43:34,245 [I/O dispatcher 3] INFO  marytts.PStream Gradient GV optimization for feature: (18)  number of iterations=23
2025-12-02 18:43:34,246 [I/O dispatcher 4] INFO  marytts.PStream Gradient GV optimization for feature: (14)  number of iterations=19
2025-12-02 18:43:34,246 [I/O dispatcher 3] INFO  marytts.PStream Gradient GV optimization for feature: (19)  number of iterations=12
2025-12-02 18:43:34,247 [I/O dispatcher 4] INFO  marytts.PStream Gradient GV optimization for feature: (15)  number of iterations=16
2025-12-02 18:43:34,247 [I/O dispatcher 3] INFO  marytts.PStream Gradient GV optimization for feature: (20)  number of iterations=16
2025-12-02 18:43:34,248 [I/O dispatcher 3] INFO  marytts.PStream Gradient GV optimization for feature: (21)  number of iterations=19
2025-12-02 18:43:34,248 [I/O dispatcher 4] INFO  marytts.PStream Gradient GV optimization for feature: (16)  number of iterations=20
2025-12-02 18:43:34,248 [I/O dispatcher 3] INFO  marytts.PStream Gradient GV optimization for feature: (22)  number of iterations=20
2025-12-02 18:43:34,249 [I/O dispatcher 3] INFO  marytts.PStream Gradient GV optimization for feature: (23)  number of iterations=16
2025-12-02 18:43:34,249 [I/O dispatcher 4] INFO  marytts.PStream Gradient GV optimization for feature: (17)  number of iterations=19
2025-12-02 18:43:34,249 [I/O dispatcher 3] INFO  marytts.PStream Gradient GV optimization for feature: (24)  number of iterations=10
2025-12-02 18:43:34,250 [I/O dispatcher 3] INFO  marytts.PStream Gradient GV optimization for feature: (25)  number of iterations=11
2025-12-02 18:43:34,250 [I/O dispatcher 4] INFO  marytts.PStream Gradient GV optimization for feature: (18)  number of iterations=23
2025-12-02 18:43:34,250 [I/O dispatcher 3] INFO  marytts.PStream Gradient GV optimization for feature: (26)  number of iterations=12
2025-12-02 18:43:34,251 [I/O dispatcher 4] INFO  marytts.PStream Gradient GV optimization for feature: (19)  number of iterations=12
2025-12-02 18:43:34,251 [I/O dispatcher 3] INFO  marytts.PStream Gradient GV optimization for feature: (27)  number of iterations=13
2025-12-02 18:43:34,251 [I/O dispatcher 3] INFO  marytts.PStream Gradient GV optimization for feature: (28)  number of iterations=8
2025-12-02 18:43:34,251 [I/O dispatcher 4] INFO  marytts.PStream Gradient GV optimization for feature: (20)  number of iterations=16
2025-12-02 18:43:34,251 [I/O dispatcher 3] INFO  marytts.PStream Gradient GV optimization for feature: (29)  number of iterations=15
2025-12-02 18:43:34,253 [I/O dispatcher 3] INFO  marytts.PStream Gradient GV optimization for feature: (30)  number of iterations=12
2025-12-02 18:43:34,253 [I/O dispatcher 4] INFO  marytts.PStream Gradient GV optimization for feature: (21)  number of iterations=19
2025-12-02 18:43:34,254 [I/O dispatcher 3] INFO  marytts.PStream Gradient GV optimization for feature: (31)  number of iterations=11
2025-12-02 18:43:34,254 [I/O dispatcher 3] INFO  marytts.PStream Gradient GV optimization for feature: (32)  number of iterations=8
2025-12-02 18:43:34,254 [I/O dispatcher 3] INFO  marytts.PStream Gradient GV optimization for feature: (33)  number of iterations=12
2025-12-02 18:43:34,255 [I/O dispatcher 4] INFO  marytts.PStream Gradient GV optimization for feature: (22)  number of iterations=20
2025-12-02 18:43:34,255 [I/O dispatcher 3] INFO  marytts.PStream Gradient GV optimization for feature: (34)  number of iterations=21
2025-12-02 18:43:34,255 [I/O dispatcher 3] INFO  marytts.ParameterGeneration Using f0 from maryXML acoustparams
2025-12-02 18:43:34,256 [I/O dispatcher 4] INFO  marytts.PStream Gradient GV optimization for feature: (23)  number of iterations=16
2025-12-02 18:43:34,256 [I/O dispatcher 3] INFO  marytts.PStream Context-dependent global variance optimization: gvLength = 1180
2025-12-02 18:43:34,256 [I/O dispatcher 4] INFO  marytts.PStream Gradient GV optimization for feature: (24)  number of iterations=10
2025-12-02 18:43:34,256 [I/O dispatcher 3] INFO  marytts.PStream Gradient GV optimization for feature: (0)  number of iterations=9
2025-12-02 18:43:34,256 [I/O dispatcher 3] INFO  marytts.PStream Gradient GV optimization for feature: (1)  number of iterations=7
2025-12-02 18:43:34,256 [I/O dispatcher 4] INFO  marytts.PStream Gradient GV optimization for feature: (25)  number of iterations=11
2025-12-02 18:43:34,256 [I/O dispatcher 3] INFO  marytts.PStream Gradient GV optimization for feature: (2)  number of iterations=14
2025-12-02 18:43:34,258 [I/O dispatcher 4] INFO  marytts.PStream Gradient GV optimization for feature: (26)  number of iterations=12
2025-12-02 18:43:34,258 [I/O dispatcher 3] INFO  marytts.PStream Gradient GV optimization for feature: (3)  number of iterations=10
2025-12-02 18:43:34,258 [I/O dispatcher 3] INFO  marytts.PStream Gradient GV optimization for feature: (4)  number of iterations=8
2025-12-02 18:43:34,259 [I/O dispatcher 4] INFO  marytts.PStream Gradient GV optimization for feature: (27)  number of iterations=13
2025-12-02 18:43:34,259 [I/O dispatcher 3] INFO  marytts.R 2 Handling request using the following modules:
2025-12-02 18:43:34,259 [I/O dispatcher 3] INFO  marytts.R 2 - JTokeniser (marytts.language.en.JTokeniser)
2025-12-02 18:43:34,259 [I/O dispatcher 3] INFO  marytts.R 2 - Preprocess (marytts.language.en.Preprocess)
2025-12-02 18:43:34,259 [I/O dispatcher 3] INFO  marytts.R 2 - OpenNLPPosTagger (marytts.modules.OpenNLPPosTagger)
2025-12-02 18:43:34,259 [I/O dispatcher 3] INFO  marytts.R 2 - JPhonemiser (marytts.modules.JPhonemiser)
2025-12-02 18:43:34,259 [I/O dispatcher 3] INFO  marytts.R 2 - Prosody (marytts.language.en.Prosody)
2025-12-02 18:43:34,259 [I/O dispatcher 3] INFO  marytts.R 2 - PronunciationModel (marytts.language.en.PronunciationModel)
2025-12-02 18:43:34,259 [I/O dispatcher 3] INFO  marytts.R 2 - AcousticModeller (marytts.modules.AcousticModeller)
2025-12-02 18:43:34,259 [I/O dispatcher 3] INFO  marytts.R 2 - Synthesis (marytts.modules.Synthesis)
2025-12-02 18:43:34,259 [I/O dispatcher 3] INFO  marytts.R 2 Next module: JTokeniser
2025-12-02 18:43:34,259 [I/O dispatcher 4] INFO  marytts.PStream Gradient GV optimization for feature: (28)  number of iterations=8
2025-12-02 18:43:34,260 [I/O dispatcher 3] INFO  marytts.R 2 Next module: Preprocess
2025-12-02 18:43:34,260 [I/O dispatcher 4] INFO  marytts.PStream Gradient GV optimization for feature: (29)  number of iterations=15
2025-12-02 18:43:34,261 [I/O dispatcher 4] INFO  marytts.PStream Gradient GV optimization for feature: (30)  number of iterations=12
2025-12-02 18:43:34,261 [I/O dispatcher 4] INFO  marytts.PStream Gradient GV optimization for feature: (31)  number of iterations=11
2025-12-02 18:43:34,262 [I/O dispatcher 4] INFO  marytts.PStream Gradient GV optimization for feature: (32)  number of iterations=8
2025-12-02 18:43:34,263 [I/O dispatcher 4] INFO  marytts.PStream Gradient GV optimization for feature: (33)  number of iterations=12
2025-12-02 18:43:34,264 [I/O dispatcher 3] INFO  marytts.R 2 Next module: OpenNLPPosTagger
2025-12-02 18:43:34,264 [I/O dispatcher 4] INFO  marytts.PStream Gradient GV optimization for feature: (34)  number of iterations=21
2025-12-02 18:43:34,264 [I/O dispatcher 4] INFO  marytts.ParameterGeneration Using f0 from maryXML acoustparams
2025-12-02 18:43:34,265 [I/O dispatcher 4] INFO  marytts.PStream Context-dependent global variance optimization: gvLength = 1180
2025-12-02 18:43:34,265 [I/O dispatcher 3] INFO  marytts.R 2 Next module: JPhonemiser
2025-12-02 18:43:34,265 [I/O dispatcher 4] INFO  marytts.PStream Gradient GV optimization for feature: (0)  number of iterations=9
2025-12-02 18:43:34,266 [I/O dispatcher 4] INFO  marytts.PStream Gradient GV optimization for feature: (1)  number of iterations=7
2025-12-02 18:43:34,267 [I/O dispatcher 4] INFO  marytts.PStream Gradient GV optimization for feature: (2)  number of iterations=14
2025-12-02 18:43:34,268 [I/O dispatcher 3] INFO  marytts.R 2 Next module: Prosody
2025-12-02 18:43:34,268 [I/O dispatcher 4] INFO  marytts.PStream Gradient GV optimization for feature: (3)  number of iterations=10
2025-12-02 18:43:34,268 [I/O dispatcher 4] INFO  marytts.PStream Gradient GV optimization for feature: (4)  number of iterations=8
2025-12-02 18:43:34,269 [I/O dispatcher 4] INFO  marytts.R 3 Handling request using the following modules:
2025-12-02 18:43:34,269 [I/O dispatcher 4] INFO  marytts.R 3 - JTokeniser (marytts.language.en.JTokeniser)
2025-12-02 18:43:34,269 [I/O dispatcher 4] INFO  marytts.R 3 - Preprocess (marytts.language.en.Preprocess)
2025-12-02 18:43:34,269 [I/O dispatcher 4] INFO  marytts.R 3 - OpenNLPPosTagger (marytts.modules.OpenNLPPosTagger)
2025-12-02 18:43:34,269 [I/O dispatcher 4] INFO  marytts.R 3 - JPhonemiser (marytts.modules.JPhonemiser)
2025-12-02 18:43:34,269 [I/O dispatcher 4] INFO  marytts.R 3 - Prosody (marytts.language.en.Prosody)
2025-12-02 18:43:34,269 [I/O dispatcher 4] INFO  marytts.R 3 - PronunciationModel (marytts.language.en.PronunciationModel)
2025-12-02 18:43:34,269 [I/O dispatcher 4] INFO  marytts.R 3 - AcousticModeller (marytts.modules.AcousticModeller)
2025-12-02 18:43:34,269 [I/O dispatcher 4] INFO  marytts.R 3 - Synthesis (marytts.modules.Synthesis)
2025-12-02 18:43:34,269 [I/O dispatcher 4] INFO  marytts.R 3 Next module: JTokeniser
2025-12-02 18:43:34,270 [I/O dispatcher 4] INFO  marytts.R 3 Next module: Preprocess
2025-12-02 18:43:34,271 [I/O dispatcher 3] INFO  marytts.R 2 Next module: PronunciationModel
2025-12-02 18:43:34,273 [I/O dispatcher 3] INFO  marytts.R 2 Next module: AcousticModeller
2025-12-02 18:43:34,274 [I/O dispatcher 4] INFO  marytts.R 3 Next module: OpenNLPPosTagger
2025-12-02 18:43:34,276 [I/O dispatcher 4] INFO  marytts.R 3 Next module: JPhonemiser
2025-12-02 18:43:34,279 [I/O dispatcher 4] INFO  marytts.R 3 Next module: Prosody
2025-12-02 18:43:34,282 [I/O dispatcher 4] INFO  marytts.R 3 Next module: PronunciationModel
2025-12-02 18:43:34,283 [I/O dispatcher 4] INFO  marytts.R 3 Next module: AcousticModeller
2025-12-02 18:43:34,305 [I/O dispatcher 3] INFO  marytts.ParameterGeneration Parameter generation for LF0: 
2025-12-02 18:43:34,305 [I/O dispatcher 3] INFO  marytts.PStream Context-dependent global variance optimization: gvLength = 3674
2025-12-02 18:43:34,309 [I/O dispatcher 3] INFO  marytts.PStream Gradient GV optimization for feature: (0)  number of iterations=51
2025-12-02 18:43:34,313 [I/O dispatcher 4] INFO  marytts.ParameterGeneration Parameter generation for LF0: 
2025-12-02 18:43:34,313 [I/O dispatcher 4] INFO  marytts.PStream Context-dependent global variance optimization: gvLength = 3674
2025-12-02 18:43:34,319 [I/O dispatcher 4] INFO  marytts.PStream Gradient GV optimization for feature: (0)  number of iterations=51
2025-12-02 18:43:34,321 [I/O dispatcher 3] INFO  marytts.R 2 Next module: Synthesis
2025-12-02 18:43:34,321 [I/O dispatcher 3] INFO  marytts.HMMSynthesizer Synthesizing one sentence.
2025-12-02 18:43:34,322 [I/O dispatcher 3] INFO  marytts.HTSEngine Using prosody from acoustparams.
2025-12-02 18:43:34,323 [I/O dispatcher 3] INFO  marytts.HTSEngine Number of models in sentence numModel=60  Total number of states numState=300
2025-12-02 18:43:34,323 [I/O dispatcher 3] INFO  marytts.HTSEngine Total number of frames=1242  Number of voiced frames=803
2025-12-02 18:43:34,325 [I/O dispatcher 3] INFO  marytts.ParameterGeneration Parameter generation for MGC: 
2025-12-02 18:43:34,325 [I/O dispatcher 3] INFO  marytts.PStream Context-dependent global variance optimization: gvLength = 1004
2025-12-02 18:43:34,326 [I/O dispatcher 3] INFO  marytts.PStream Gradient GV optimization for feature: (0)  number of iterations=50
2025-12-02 18:43:34,327 [I/O dispatcher 3] INFO  marytts.PStream Gradient GV optimization for feature: (1)  number of iterations=26
2025-12-02 18:43:34,327 [I/O dispatcher 3] INFO  marytts.PStream Gradient GV optimization for feature: (2)  number of iterations=25
2025-12-02 18:43:34,329 [I/O dispatcher 3] INFO  marytts.PStream Gradient GV optimization for feature: (3)  number of iterations=21
2025-12-02 18:43:34,330 [I/O dispatcher 3] INFO  marytts.PStream Gradient GV optimization for feature: (4)  number of iterations=5
2025-12-02 18:43:34,330 [I/O dispatcher 3] INFO  marytts.PStream Gradient GV optimization for feature: (5)  number of iterations=4
2025-12-02 18:43:34,331 [I/O dispatcher 3] INFO  marytts.PStream Gradient GV optimization for feature: (6)  number of iterations=1
2025-12-02 18:43:34,331 [I/O dispatcher 3] INFO  marytts.PStream Gradient GV optimization for feature: (7)  number of iterations=5
2025-12-02 18:43:34,331 [I/O dispatcher 4] INFO  marytts.R 3 Next module: Synthesis
2025-12-02 18:43:34,331 [I/O dispatcher 4] INFO  marytts.HMMSynthesizer Synthesizing one sentence.
2025-12-02 18:43:34,331 [I/O dispatcher 3] INFO  marytts.PStream Gradient GV optimization for feature: (8)  number of iterations=2
2025-12-02 18:43:34,332 [I/O dispatcher 4] INFO  marytts.HTSEngine Using prosody from acoustparams.
2025-12-02 18:43:34,332 [I/O dispatcher 3] INFO  marytts.PStream Gradient GV optimization for feature: (9)  number of iterations=19
2025-12-02 18:43:34,333 [I/O dispatcher 4] INFO  marytts.HTSEngine Number of models in sentence numModel=60  Total number of states numState=300
2025-12-02 18:43:34,333 [I/O dispatcher 4] INFO  marytts.HTSEngine Total number of frames=1242  Number of voiced frames=803
2025-12-02 18:43:34,333 [I/O dispatcher 3] INFO  marytts.PStream Gradient GV optimization for feature: (10)  number of iterations=17
2025-12-02 18:43:34,334 [I/O dispatcher 3] INFO  marytts.PStream Gradient GV optimization for feature: (11)  number of iterations=20
2025-12-02 18:43:34,335 [I/O dispatcher 4] INFO  marytts.ParameterGeneration Parameter generation for MGC: 
2025-12-02 18:43:34,335 [I/O dispatcher 4] INFO  marytts.PStream Context-dependent global variance optimization: gvLength = 1004
2025-12-02 18:43:34,335 [I/O dispatcher 3] INFO  marytts.PStream Gradient GV optimization for feature: (12)  number of iterations=19
2025-12-02 18:43:34,336 [I/O dispatcher 3] INFO  marytts.PStream Gradient GV optimization for feature: (13)  number of iterations=18
2025-12-02 18:43:34,336 [I/O dispatcher 4] INFO  marytts.PStream Gradient GV optimization for feature: (0)  number of iterations=50
2025-12-02 18:43:34,336 [I/O dispatcher 3] INFO  marytts.PStream Gradient GV optimization for feature: (14)  number of iterations=19
2025-12-02 18:43:34,337 [I/O dispatcher 3] INFO  marytts.PStream Gradient GV optimization for feature: (15)  number of iterations=22
2025-12-02 18:43:34,338 [I/O dispatcher 4] INFO  marytts.PStream Gradient GV optimization for feature: (1)  number of iterations=26
2025-12-02 18:43:34,338 [I/O dispatcher 3] INFO  marytts.PStream Gradient GV optimization for feature: (16)  number of iterations=18
2025-12-02 18:43:34,338 [I/O dispatcher 4] INFO  marytts.PStream Gradient GV optimization for feature: (2)  number of iterations=25
2025-12-02 18:43:34,340 [I/O dispatcher 3] INFO  marytts.PStream Gradient GV optimization for feature: (17)  number of iterations=23
2025-12-02 18:43:34,340 [I/O dispatcher 4] INFO  marytts.PStream Gradient GV optimization for feature: (3)  number of iterations=21
2025-12-02 18:43:34,340 [I/O dispatcher 4] INFO  marytts.PStream Gradient GV optimization for feature: (4)  number of iterations=5
2025-12-02 18:43:34,341 [I/O dispatcher 3] INFO  marytts.PStream Gradient GV optimization for feature: (18)  number of iterations=23
2025-12-02 18:43:34,341 [I/O dispatcher 4] INFO  marytts.PStream Gradient GV optimization for feature: (5)  number of iterations=4
2025-12-02 18:43:34,341 [I/O dispatcher 4] INFO  marytts.PStream Gradient GV optimization for feature: (6)  number of iterations=1
2025-12-02 18:43:34,341 [I/O dispatcher 4] INFO  marytts.PStream Gradient GV optimization for feature: (7)  number of iterations=5
2025-12-02 18:43:34,341 [I/O dispatcher 4] INFO  marytts.PStream Gradient GV optimization for feature: (8)  number of iterations=2
2025-12-02 18:43:34,343 [I/O dispatcher 4] INFO  marytts.PStream Gradient GV optimization for feature: (9)  number of iterations=19
2025-12-02 18:43:34,343 [I/O dispatcher 4] INFO  marytts.PStream Gradient GV optimization for feature: (10)  number of iterations=17
2025-12-02 18:43:34,344 [I/O dispatcher 4] INFO  marytts.PStream Gradient GV optimization for feature: (11)  number of iterations=20
2025-12-02 18:43:34,341 [I/O dispatcher 3] INFO  marytts.PStream Gradient GV optimization for feature: (19)  number of iterations=28
2025-12-02 18:43:34,345 [I/O dispatcher 4] INFO  marytts.PStream Gradient GV optimization for feature: (12)  number of iterations=19
2025-12-02 18:43:34,346 [I/O dispatcher 3] INFO  marytts.PStream Gradient GV optimization for feature: (20)  number of iterations=16
2025-12-02 18:43:34,346 [I/O dispatcher 4] INFO  marytts.PStream Gradient GV optimization for feature: (13)  number of iterations=18
2025-12-02 18:43:34,346 [I/O dispatcher 3] INFO  marytts.PStream Gradient GV optimization for feature: (21)  number of iterations=19
2025-12-02 18:43:34,347 [I/O dispatcher 4] INFO  marytts.PStream Gradient GV optimization for feature: (14)  number of iterations=19
2025-12-02 18:43:34,347 [I/O dispatcher 3] INFO  marytts.PStream Gradient GV optimization for feature: (22)  number of iterations=20
2025-12-02 18:43:34,348 [I/O dispatcher 3] INFO  marytts.PStream Gradient GV optimization for feature: (23)  number of iterations=16
2025-12-02 18:43:34,348 [I/O dispatcher 4] INFO  marytts.PStream Gradient GV optimization for feature: (15)  number of iterations=22
2025-12-02 18:43:34,348 [I/O dispatcher 3] INFO  marytts.PStream Gradient GV optimization for feature: (24)  number of iterations=10
2025-12-02 18:43:34,348 [I/O dispatcher 4] INFO  marytts.PStream Gradient GV optimization for feature: (16)  number of iterations=18
2025-12-02 18:43:34,348 [I/O dispatcher 4] INFO  marytts.PStream Gradient GV optimization for feature: (17)  number of iterations=23
2025-12-02 18:43:34,348 [I/O dispatcher 3] INFO  marytts.PStream Gradient GV optimization for feature: (25)  number of iterations=14
2025-12-02 18:43:34,349 [I/O dispatcher 4] INFO  marytts.PStream Gradient GV optimization for feature: (18)  number of iterations=23
2025-12-02 18:43:34,349 [I/O dispatcher 3] INFO  marytts.PStream Gradient GV optimization for feature: (26)  number of iterations=13
2025-12-02 18:43:34,350 [I/O dispatcher 4] INFO  marytts.PStream Gradient GV optimization for feature: (19)  number of iterations=28
2025-12-02 18:43:34,350 [I/O dispatcher 3] INFO  marytts.PStream Gradient GV optimization for feature: (27)  number of iterations=12
2025-12-02 18:43:34,351 [I/O dispatcher 4] INFO  marytts.PStream Gradient GV optimization for feature: (20)  number of iterations=16
2025-12-02 18:43:34,351 [I/O dispatcher 3] INFO  marytts.PStream Gradient GV optimization for feature: (28)  number of iterations=17
2025-12-02 18:43:34,351 [I/O dispatcher 4] INFO  marytts.PStream Gradient GV optimization for feature: (21)  number of iterations=19
2025-12-02 18:43:34,352 [I/O dispatcher 4] INFO  marytts.PStream Gradient GV optimization for feature: (22)  number of iterations=20
2025-12-02 18:43:34,352 [I/O dispatcher 3] INFO  marytts.PStream Gradient GV optimization for feature: (29)  number of iterations=16
2025-12-02 18:43:34,352 [I/O dispatcher 4] INFO  marytts.PStream Gradient GV optimization for feature: (23)  number of iterations=16
2025-12-02 18:43:34,352 [I/O dispatcher 4] INFO  marytts.PStream Gradient GV optimization for feature: (24)  number of iterations=10
2025-12-02 18:43:34,352 [I/O dispatcher 3] INFO  marytts.PStream Gradient GV optimization for feature: (30)  number of iterations=13
2025-12-02 18:43:34,353 [I/O dispatcher 4] INFO  marytts.PStream Gradient GV optimization for feature: (25)  number of iterations=14
2025-12-02 18:43:34,353 [I/O dispatcher 3] INFO  marytts.PStream Gradient GV optimization for feature: (31)  number of iterations=12
2025-12-02 18:43:34,353 [I/O dispatcher 4] INFO  marytts.PStream Gradient GV optimization for feature: (26)  number of iterations=13
2025-12-02 18:43:34,353 [I/O dispatcher 4] INFO  marytts.PStream Gradient GV optimization for feature: (27)  number of iterations=12
2025-12-02 18:43:34,353 [I/O dispatcher 3] INFO  marytts.PStream Gradient GV optimization for feature: (32)  number of iterations=10
2025-12-02 18:43:34,353 [I/O dispatcher 4] INFO  marytts.PStream Gradient GV optimization for feature: (28)  number of iterations=17
2025-12-02 18:43:34,354 [I/O dispatcher 3] INFO  marytts.PStream Gradient GV optimization for feature: (33)  number of iterations=16
2025-12-02 18:43:34,354 [I/O dispatcher 4] INFO  marytts.PStream Gradient GV optimization for feature: (29)  number of iterations=16
2025-12-02 18:43:34,354 [I/O dispatcher 4] INFO  marytts.PStream Gradient GV optimization for feature: (30)  number of iterations=13
2025-12-02 18:43:34,354 [I/O dispatcher 3] INFO  marytts.PStream Gradient GV optimization for feature: (34)  number of iterations=10
2025-12-02 18:43:34,354 [I/O dispatcher 3] INFO  marytts.ParameterGeneration Using f0 from maryXML acoustparams
2025-12-02 18:43:34,355 [I/O dispatcher 4] INFO  marytts.PStream Gradient GV optimization for feature: (31)  number of iterations=12
2025-12-02 18:43:34,355 [I/O dispatcher 4] INFO  marytts.PStream Gradient GV optimization for feature: (32)  number of iterations=10
2025-12-02 18:43:34,355 [I/O dispatcher 3] INFO  marytts.PStream Context-dependent global variance optimization: gvLength = 1004
2025-12-02 18:43:34,355 [I/O dispatcher 4] INFO  marytts.PStream Gradient GV optimization for feature: (33)  number of iterations=16
2025-12-02 18:43:34,356 [I/O dispatcher 4] INFO  marytts.PStream Gradient GV optimization for feature: (34)  number of iterations=10
2025-12-02 18:43:34,356 [I/O dispatcher 4] INFO  marytts.ParameterGeneration Using f0 from maryXML acoustparams
2025-12-02 18:43:34,357 [I/O dispatcher 4] INFO  marytts.PStream Context-dependent global variance optimization: gvLength = 1004
2025-12-02 18:43:34,357 [I/O dispatcher 3] INFO  marytts.PStream Gradient GV optimization for feature: (0)  number of iterations=50
2025-12-02 18:43:34,357 [I/O dispatcher 3] INFO  marytts.PStream Gradient GV optimization for feature: (1)  number of iterations=6
2025-12-02 18:43:34,358 [I/O dispatcher 3] INFO  marytts.PStream Gradient GV optimization for feature: (2)  number of iterations=3
2025-12-02 18:43:34,358 [I/O dispatcher 3] INFO  marytts.PStream Gradient GV optimization for feature: (3)  number of iterations=4
2025-12-02 18:43:34,358 [I/O dispatcher 4] INFO  marytts.PStream Gradient GV optimization for feature: (0)  number of iterations=50
2025-12-02 18:43:34,359 [I/O dispatcher 3] INFO  marytts.PStream Gradient GV optimization for feature: (4)  number of iterations=16
2025-12-02 18:43:34,359 [I/O dispatcher 4] INFO  marytts.PStream Gradient GV optimization for feature: (1)  number of iterations=6
2025-12-02 18:43:34,359 [I/O dispatcher 3] INFO  marytts.HMMSynthesizer Synthesizing one sentence.
2025-12-02 18:43:34,359 [I/O dispatcher 4] INFO  marytts.PStream Gradient GV optimization for feature: (2)  number of iterations=3
2025-12-02 18:43:34,360 [I/O dispatcher 3] INFO  marytts.HTSEngine Using prosody from acoustparams.
2025-12-02 18:43:34,360 [I/O dispatcher 4] INFO  marytts.PStream Gradient GV optimization for feature: (3)  number of iterations=4
2025-12-02 18:43:34,360 [I/O dispatcher 3] INFO  marytts.HTSEngine Number of models in sentence numModel=85  Total number of states numState=425
2025-12-02 18:43:34,360 [I/O dispatcher 3] INFO  marytts.HTSEngine Total number of frames=1728  Number of voiced frames=988
2025-12-02 18:43:34,360 [I/O dispatcher 4] INFO  marytts.PStream Gradient GV optimization for feature: (4)  number of iterations=16
2025-12-02 18:43:34,360 [I/O dispatcher 4] INFO  marytts.HMMSynthesizer Synthesizing one sentence.
2025-12-02 18:43:34,361 [I/O dispatcher 4] INFO  marytts.HTSEngine Using prosody from acoustparams.
2025-12-02 18:43:34,363 [I/O dispatcher 3] INFO  marytts.ParameterGeneration Parameter generation for MGC: 
2025-12-02 18:43:34,363 [I/O dispatcher 3] INFO  marytts.PStream Context-dependent global variance optimization: gvLength = 1331
2025-12-02 18:43:34,363 [I/O dispatcher 4] INFO  marytts.HTSEngine Number of models in sentence numModel=85  Total number of states numState=425
2025-12-02 18:43:34,363 [I/O dispatcher 4] INFO  marytts.HTSEngine Total number of frames=1728  Number of voiced frames=988
2025-12-02 18:43:34,365 [I/O dispatcher 3] INFO  marytts.PStream Gradient GV optimization for feature: (0)  number of iterations=53
2025-12-02 18:43:34,366 [I/O dispatcher 4] INFO  marytts.ParameterGeneration Parameter generation for MGC: 
2025-12-02 18:43:34,366 [I/O dispatcher 4] INFO  marytts.PStream Context-dependent global variance optimization: gvLength = 1331
2025-12-02 18:43:34,366 [I/O dispatcher 3] INFO  marytts.PStream Gradient GV optimization for feature: (1)  number of iterations=1
2025-12-02 18:43:34,367 [I/O dispatcher 3] INFO  marytts.PStream Gradient GV optimization for feature: (2)  number of iterations=6
2025-12-02 18:43:34,367 [I/O dispatcher 3] INFO  marytts.PStream Gradient GV optimization for feature: (3)  number of iterations=6
2025-12-02 18:43:34,368 [I/O dispatcher 3] INFO  marytts.PStream Gradient GV optimization for feature: (4)  number of iterations=2
2025-12-02 18:43:34,368 [I/O dispatcher 4] INFO  marytts.PStream Gradient GV optimization for feature: (0)  number of iterations=53
2025-12-02 18:43:34,368 [I/O dispatcher 3] INFO  marytts.PStream Gradient GV optimization for feature: (5)  number of iterations=5
2025-12-02 18:43:34,369 [I/O dispatcher 4] INFO  marytts.PStream Gradient GV optimization for feature: (1)  number of iterations=1
2025-12-02 18:43:34,369 [I/O dispatcher 3] INFO  marytts.PStream Gradient GV optimization for feature: (6)  number of iterations=2
2025-12-02 18:43:34,369 [I/O dispatcher 4] INFO  marytts.PStream Gradient GV optimization for feature: (2)  number of iterations=6
2025-12-02 18:43:34,369 [I/O dispatcher 4] INFO  marytts.PStream Gradient GV optimization for feature: (3)  number of iterations=6
2025-12-02 18:43:34,370 [I/O dispatcher 3] INFO  marytts.PStream Gradient GV optimization for feature: (7)  number of iterations=20
2025-12-02 18:43:34,370 [I/O dispatcher 4] INFO  marytts.PStream Gradient GV optimization for feature: (4)  number of iterations=2
2025-12-02 18:43:34,370 [I/O dispatcher 4] INFO  marytts.PStream Gradient GV optimization for feature: (5)  number of iterations=5
2025-12-02 18:43:34,371 [I/O dispatcher 4] INFO  marytts.PStream Gradient GV optimization for feature: (6)  number of iterations=2
2025-12-02 18:43:34,371 [I/O dispatcher 3] INFO  marytts.PStream Gradient GV optimization for feature: (8)  number of iterations=18
2025-12-02 18:43:34,373 [I/O dispatcher 4] INFO  marytts.PStream Gradient GV optimization for feature: (7)  number of iterations=20
2025-12-02 18:43:34,373 [I/O dispatcher 3] INFO  marytts.PStream Gradient GV optimization for feature: (9)  number of iterations=19
2025-12-02 18:43:34,374 [I/O dispatcher 4] INFO  marytts.PStream Gradient GV optimization for feature: (8)  number of iterations=18
2025-12-02 18:43:34,375 [I/O dispatcher 3] INFO  marytts.PStream Gradient GV optimization for feature: (10)  number of iterations=20
2025-12-02 18:43:34,375 [I/O dispatcher 4] INFO  marytts.PStream Gradient GV optimization for feature: (9)  number of iterations=19
2025-12-02 18:43:34,376 [I/O dispatcher 3] INFO  marytts.PStream Gradient GV optimization for feature: (11)  number of iterations=17
2025-12-02 18:43:34,377 [I/O dispatcher 4] INFO  marytts.PStream Gradient GV optimization for feature: (10)  number of iterations=20
2025-12-02 18:43:34,377 [I/O dispatcher 3] INFO  marytts.PStream Gradient GV optimization for feature: (12)  number of iterations=18
2025-12-02 18:43:34,378 [I/O dispatcher 4] INFO  marytts.PStream Gradient GV optimization for feature: (11)  number of iterations=17
2025-12-02 18:43:34,379 [I/O dispatcher 3] INFO  marytts.PStream Gradient GV optimization for feature: (13)  number of iterations=31
2025-12-02 18:43:34,379 [I/O dispatcher 4] INFO  marytts.PStream Gradient GV optimization for feature: (12)  number of iterations=18
2025-12-02 18:43:34,380 [I/O dispatcher 3] INFO  marytts.PStream Gradient GV optimization for feature: (14)  number of iterations=19
2025-12-02 18:43:34,381 [I/O dispatcher 4] INFO  marytts.PStream Gradient GV optimization for feature: (13)  number of iterations=31
2025-12-02 18:43:34,381 [I/O dispatcher 3] INFO  marytts.PStream Gradient GV optimization for feature: (15)  number of iterations=15
2025-12-02 18:43:34,382 [I/O dispatcher 4] INFO  marytts.PStream Gradient GV optimization for feature: (14)  number of iterations=19
2025-12-02 18:43:34,382 [I/O dispatcher 3] INFO  marytts.PStream Gradient GV optimization for feature: (16)  number of iterations=18
2025-12-02 18:43:34,383 [I/O dispatcher 4] INFO  marytts.PStream Gradient GV optimization for feature: (15)  number of iterations=15
2025-12-02 18:43:34,383 [I/O dispatcher 3] INFO  marytts.PStream Gradient GV optimization for feature: (17)  number of iterations=19
2025-12-02 18:43:34,384 [I/O dispatcher 4] INFO  marytts.PStream Gradient GV optimization for feature: (16)  number of iterations=18
2025-12-02 18:43:34,385 [I/O dispatcher 3] INFO  marytts.PStream Gradient GV optimization for feature: (18)  number of iterations=17
2025-12-02 18:43:34,385 [I/O dispatcher 4] INFO  marytts.PStream Gradient GV optimization for feature: (17)  number of iterations=19
2025-12-02 18:43:34,386 [I/O dispatcher 3] INFO  marytts.PStream Gradient GV optimization for feature: (19)  number of iterations=12
2025-12-02 18:43:34,387 [I/O dispatcher 4] INFO  marytts.PStream Gradient GV optimization for feature: (18)  number of iterations=17
2025-12-02 18:43:34,387 [I/O dispatcher 3] INFO  marytts.PStream Gradient GV optimization for feature: (20)  number of iterations=14
2025-12-02 18:43:34,388 [I/O dispatcher 4] INFO  marytts.PStream Gradient GV optimization for feature: (19)  number of iterations=12
2025-12-02 18:43:34,389 [I/O dispatcher 3] INFO  marytts.PStream Gradient GV optimization for feature: (21)  number of iterations=19
2025-12-02 18:43:34,389 [I/O dispatcher 4] INFO  marytts.PStream Gradient GV optimization for feature: (20)  number of iterations=14
2025-12-02 18:43:34,390 [I/O dispatcher 3] INFO  marytts.PStream Gradient GV optimization for feature: (22)  number of iterations=20
2025-12-02 18:43:34,390 [I/O dispatcher 4] INFO  marytts.PStream Gradient GV optimization for feature: (21)  number of iterations=19
2025-12-02 18:43:34,391 [I/O dispatcher 3] INFO  marytts.PStream Gradient GV optimization for feature: (23)  number of iterations=14
2025-12-02 18:43:34,391 [I/O dispatcher 4] INFO  marytts.PStream Gradient GV optimization for feature: (22)  number of iterations=20
2025-12-02 18:43:34,391 [I/O dispatcher 3] INFO  marytts.PStream Gradient GV optimization for feature: (24)  number of iterations=10
2025-12-02 18:43:34,393 [I/O dispatcher 4] INFO  marytts.PStream Gradient GV optimization for feature: (23)  number of iterations=14
2025-12-02 18:43:34,393 [I/O dispatcher 3] INFO  marytts.PStream Gradient GV optimization for feature: (25)  number of iterations=12
2025-12-02 18:43:34,394 [I/O dispatcher 4] INFO  marytts.PStream Gradient GV optimization for feature: (24)  number of iterations=10
2025-12-02 18:43:34,394 [I/O dispatcher 3] INFO  marytts.PStream Gradient GV optimization for feature: (26)  number of iterations=10
2025-12-02 18:43:34,395 [I/O dispatcher 4] INFO  marytts.PStream Gradient GV optimization for feature: (25)  number of iterations=12
2025-12-02 18:43:34,395 [I/O dispatcher 3] INFO  marytts.PStream Gradient GV optimization for feature: (27)  number of iterations=12
2025-12-02 18:43:34,396 [I/O dispatcher 4] INFO  marytts.PStream Gradient GV optimization for feature: (26)  number of iterations=10
2025-12-02 18:43:34,397 [I/O dispatcher 3] INFO  marytts.PStream Gradient GV optimization for feature: (28)  number of iterations=17
2025-12-02 18:43:34,397 [I/O dispatcher 4] INFO  marytts.PStream Gradient GV optimization for feature: (27)  number of iterations=12
2025-12-02 18:43:34,398 [I/O dispatcher 3] INFO  marytts.PStream Gradient GV optimization for feature: (29)  number of iterations=14
2025-12-02 18:43:34,398 [I/O dispatcher 4] INFO  marytts.PStream Gradient GV optimization for feature: (28)  number of iterations=17
2025-12-02 18:43:34,399 [I/O dispatcher 3] INFO  marytts.PStream Gradient GV optimization for feature: (30)  number of iterations=14
2025-12-02 18:43:34,399 [I/O dispatcher 4] INFO  marytts.PStream Gradient GV optimization for feature: (29)  number of iterations=14
2025-12-02 18:43:34,400 [I/O dispatcher 3] INFO  marytts.PStream Gradient GV optimization for feature: (31)  number of iterations=14
2025-12-02 18:43:34,400 [I/O dispatcher 4] INFO  marytts.PStream Gradient GV optimization for feature: (30)  number of iterations=14
2025-12-02 18:43:34,400 [I/O dispatcher 3] INFO  marytts.PStream Gradient GV optimization for feature: (32)  number of iterations=8
2025-12-02 18:43:34,401 [I/O dispatcher 4] INFO  marytts.PStream Gradient GV optimization for feature: (31)  number of iterations=14
2025-12-02 18:43:34,401 [I/O dispatcher 3] INFO  marytts.PStream Gradient GV optimization for feature: (33)  number of iterations=9
2025-12-02 18:43:34,401 [I/O dispatcher 4] INFO  marytts.PStream Gradient GV optimization for feature: (32)  number of iterations=8
2025-12-02 18:43:34,401 [I/O dispatcher 3] INFO  marytts.PStream Gradient GV optimization for feature: (34)  number of iterations=11
2025-12-02 18:43:34,401 [I/O dispatcher 3] INFO  marytts.ParameterGeneration Using f0 from maryXML acoustparams
2025-12-02 18:43:34,403 [I/O dispatcher 4] INFO  marytts.PStream Gradient GV optimization for feature: (33)  number of iterations=9
2025-12-02 18:43:34,403 [I/O dispatcher 3] INFO  marytts.PStream Context-dependent global variance optimization: gvLength = 1331
2025-12-02 18:43:34,403 [I/O dispatcher 4] INFO  marytts.PStream Gradient GV optimization for feature: (34)  number of iterations=11
2025-12-02 18:43:34,403 [I/O dispatcher 4] INFO  marytts.ParameterGeneration Using f0 from maryXML acoustparams
2025-12-02 18:43:34,404 [I/O dispatcher 3] INFO  marytts.PStream Gradient GV optimization for feature: (0)  number of iterations=4
2025-12-02 18:43:34,404 [I/O dispatcher 4] INFO  marytts.PStream Context-dependent global variance optimization: gvLength = 1331
2025-12-02 18:43:34,405 [I/O dispatcher 4] INFO  marytts.PStream Gradient GV optimization for feature: (0)  number of iterations=4
2025-12-02 18:43:34,407 [I/O dispatcher 4] INFO  marytts.PStream Gradient GV optimization for feature: (1)  number of iterations=26
2025-12-02 18:43:34,407 [I/O dispatcher 3] INFO  marytts.PStream Gradient GV optimization for feature: (1)  number of iterations=26
2025-12-02 18:43:34,408 [I/O dispatcher 4] INFO  marytts.PStream Gradient GV optimization for feature: (2)  number of iterations=28
2025-12-02 18:43:34,409 [I/O dispatcher 4] INFO  marytts.PStream Gradient GV optimization for feature: (3)  number of iterations=10
2025-12-02 18:43:34,409 [I/O dispatcher 4] INFO  marytts.PStream Gradient GV optimization for feature: (4)  number of iterations=8
2025-12-02 18:43:34,409 [I/O dispatcher 4] INFO  marytts.HMMSynthesizer Synthesizing one sentence.
2025-12-02 18:43:34,410 [I/O dispatcher 4] INFO  marytts.HTSEngine Using prosody from acoustparams.
2025-12-02 18:43:34,410 [I/O dispatcher 3] INFO  marytts.PStream Gradient GV optimization for feature: (2)  number of iterations=28
2025-12-02 18:43:34,410 [I/O dispatcher 4] INFO  marytts.HTSEngine Number of models in sentence numModel=57  Total number of states numState=285
2025-12-02 18:43:34,411 [I/O dispatcher 4] INFO  marytts.HTSEngine Total number of frames=1013  Number of voiced frames=679
2025-12-02 18:43:34,411 [I/O dispatcher 3] INFO  marytts.PStream Gradient GV optimization for feature: (3)  number of iterations=10
2025-12-02 18:43:34,412 [I/O dispatcher 3] INFO  marytts.PStream Gradient GV optimization for feature: (4)  number of iterations=8
2025-12-02 18:43:34,412 [I/O dispatcher 4] INFO  marytts.ParameterGeneration Parameter generation for MGC: 
2025-12-02 18:43:34,413 [I/O dispatcher 4] INFO  marytts.PStream Context-dependent global variance optimization: gvLength = 934
2025-12-02 18:43:34,413 [I/O dispatcher 3] INFO  marytts.HMMSynthesizer Synthesizing one sentence.
2025-12-02 18:43:34,413 [I/O dispatcher 3] INFO  marytts.HTSEngine Using prosody from acoustparams.
2025-12-02 18:43:34,414 [I/O dispatcher 4] INFO  marytts.PStream Gradient GV optimization for feature: (0)  number of iterations=57
2025-12-02 18:43:34,414 [I/O dispatcher 3] INFO  marytts.HTSEngine Number of models in sentence numModel=57  Total number of states numState=285
2025-12-02 18:43:34,414 [I/O dispatcher 3] INFO  marytts.HTSEngine Total number of frames=1013  Number of voiced frames=679
2025-12-02 18:43:34,414 [I/O dispatcher 4] INFO  marytts.PStream Gradient GV optimization for feature: (1)  number of iterations=24
2025-12-02 18:43:34,415 [I/O dispatcher 4] INFO  marytts.PStream Gradient GV optimization for feature: (2)  number of iterations=2
2025-12-02 18:43:34,415 [I/O dispatcher 4] INFO  marytts.PStream Gradient GV optimization for feature: (3)  number of iterations=22
2025-12-02 18:43:34,415 [I/O dispatcher 3] INFO  marytts.ParameterGeneration Parameter generation for MGC: 
2025-12-02 18:43:34,415 [I/O dispatcher 3] INFO  marytts.PStream Context-dependent global variance optimization: gvLength = 934
2025-12-02 18:43:34,416 [I/O dispatcher 4] INFO  marytts.PStream Gradient GV optimization for feature: (4)  number of iterations=2
2025-12-02 18:43:34,416 [I/O dispatcher 4] INFO  marytts.PStream Gradient GV optimization for feature: (5)  number of iterations=2
2025-12-02 18:43:34,416 [I/O dispatcher 4] INFO  marytts.PStream Gradient GV optimization for feature: (6)  number of iterations=4
2025-12-02 18:43:34,417 [I/O dispatcher 3] INFO  marytts.PStream Gradient GV optimization for feature: (0)  number of iterations=57
2025-12-02 18:43:34,417 [I/O dispatcher 4] INFO  marytts.PStream Gradient GV optimization for feature: (7)  number of iterations=22
2025-12-02 18:43:34,417 [I/O dispatcher 3] INFO  marytts.PStream Gradient GV optimization for feature: (1)  number of iterations=24
2025-12-02 18:43:34,417 [I/O dispatcher 4] INFO  marytts.PStream Gradient GV optimization for feature: (8)  number of iterations=5
2025-12-02 18:43:34,418 [I/O dispatcher 3] INFO  marytts.PStream Gradient GV optimization for feature: (2)  number of iterations=2
2025-12-02 18:43:34,418 [I/O dispatcher 4] INFO  marytts.PStream Gradient GV optimization for feature: (9)  number of iterations=18
2025-12-02 18:43:34,418 [I/O dispatcher 3] INFO  marytts.PStream Gradient GV optimization for feature: (3)  number of iterations=22
2025-12-02 18:43:34,418 [I/O dispatcher 3] INFO  marytts.PStream Gradient GV optimization for feature: (4)  number of iterations=2
2025-12-02 18:43:34,418 [I/O dispatcher 3] INFO  marytts.PStream Gradient GV optimization for feature: (5)  number of iterations=2
2025-12-02 18:43:34,418 [I/O dispatcher 4] INFO  marytts.PStream Gradient GV optimization for feature: (10)  number of iterations=19
2025-12-02 18:43:34,418 [I/O dispatcher 3] INFO  marytts.PStream Gradient GV optimization for feature: (6)  number of iterations=4
2025-12-02 18:43:34,418 [I/O dispatcher 4] INFO  marytts.PStream Gradient GV optimization for feature: (11)  number of iterations=18
2025-12-02 18:43:34,418 [I/O dispatcher 3] INFO  marytts.PStream Gradient GV optimization for feature: (7)  number of iterations=22
2025-12-02 18:43:34,419 [I/O dispatcher 4] INFO  marytts.PStream Gradient GV optimization for feature: (12)  number of iterations=18
2025-12-02 18:43:34,419 [I/O dispatcher 3] INFO  marytts.PStream Gradient GV optimization for feature: (8)  number of iterations=5
2025-12-02 18:43:34,419 [I/O dispatcher 3] INFO  marytts.PStream Gradient GV optimization for feature: (9)  number of iterations=18
2025-12-02 18:43:34,420 [I/O dispatcher 4] INFO  marytts.PStream Gradient GV optimization for feature: (13)  number of iterations=32
2025-12-02 18:43:34,420 [I/O dispatcher 3] INFO  marytts.PStream Gradient GV optimization for feature: (10)  number of iterations=19
2025-12-02 18:43:34,420 [I/O dispatcher 4] INFO  marytts.PStream Gradient GV optimization for feature: (14)  number of iterations=19
2025-12-02 18:43:34,421 [I/O dispatcher 3] INFO  marytts.PStream Gradient GV optimization for feature: (11)  number of iterations=18
2025-12-02 18:43:34,422 [I/O dispatcher 3] INFO  marytts.PStream Gradient GV optimization for feature: (12)  number of iterations=18
2025-12-02 18:43:34,422 [I/O dispatcher 4] INFO  marytts.PStream Gradient GV optimization for feature: (15)  number of iterations=23
2025-12-02 18:43:34,422 [I/O dispatcher 4] INFO  marytts.PStream Gradient GV optimization for feature: (16)  number of iterations=18
2025-12-02 18:43:34,422 [I/O dispatcher 3] INFO  marytts.PStream Gradient GV optimization for feature: (13)  number of iterations=32
2025-12-02 18:43:34,423 [I/O dispatcher 4] INFO  marytts.PStream Gradient GV optimization for feature: (17)  number of iterations=24
2025-12-02 18:43:34,423 [I/O dispatcher 3] INFO  marytts.PStream Gradient GV optimization for feature: (14)  number of iterations=19
2025-12-02 18:43:34,423 [I/O dispatcher 4] INFO  marytts.PStream Gradient GV optimization for feature: (18)  number of iterations=16
2025-12-02 18:43:34,424 [I/O dispatcher 3] INFO  marytts.PStream Gradient GV optimization for feature: (15)  number of iterations=23
2025-12-02 18:43:34,424 [I/O dispatcher 4] INFO  marytts.PStream Gradient GV optimization for feature: (19)  number of iterations=14
2025-12-02 18:43:34,424 [I/O dispatcher 4] INFO  marytts.PStream Gradient GV optimization for feature: (20)  number of iterations=17
2025-12-02 18:43:34,424 [I/O dispatcher 3] INFO  marytts.PStream Gradient GV optimization for feature: (16)  number of iterations=18
2025-12-02 18:43:34,425 [I/O dispatcher 4] INFO  marytts.PStream Gradient GV optimization for feature: (21)  number of iterations=17
2025-12-02 18:43:34,425 [I/O dispatcher 3] INFO  marytts.PStream Gradient GV optimization for feature: (17)  number of iterations=24
2025-12-02 18:43:34,425 [I/O dispatcher 4] INFO  marytts.PStream Gradient GV optimization for feature: (22)  number of iterations=4
2025-12-02 18:43:34,425 [I/O dispatcher 3] INFO  marytts.PStream Gradient GV optimization for feature: (18)  number of iterations=16
2025-12-02 18:43:34,426 [I/O dispatcher 3] INFO  marytts.PStream Gradient GV optimization for feature: (19)  number of iterations=14
2025-12-02 18:43:34,426 [I/O dispatcher 4] INFO  marytts.PStream Gradient GV optimization for feature: (23)  number of iterations=22
2025-12-02 18:43:34,426 [I/O dispatcher 4] INFO  marytts.PStream Gradient GV optimization for feature: (24)  number of iterations=10
2025-12-02 18:43:34,426 [I/O dispatcher 3] INFO  marytts.PStream Gradient GV optimization for feature: (20)  number of iterations=17
2025-12-02 18:43:34,426 [I/O dispatcher 4] INFO  marytts.PStream Gradient GV optimization for feature: (25)  number of iterations=12
2025-12-02 18:43:34,427 [I/O dispatcher 4] INFO  marytts.PStream Gradient GV optimization for feature: (26)  number of iterations=15
2025-12-02 18:43:34,427 [I/O dispatcher 3] INFO  marytts.PStream Gradient GV optimization for feature: (21)  number of iterations=17
2025-12-02 18:43:34,427 [I/O dispatcher 4] INFO  marytts.PStream Gradient GV optimization for feature: (27)  number of iterations=13
2025-12-02 18:43:34,427 [I/O dispatcher 3] INFO  marytts.PStream Gradient GV optimization for feature: (22)  number of iterations=4
2025-12-02 18:43:34,428 [I/O dispatcher 4] INFO  marytts.PStream Gradient GV optimization for feature: (28)  number of iterations=26
2025-12-02 18:43:34,428 [I/O dispatcher 3] INFO  marytts.PStream Gradient GV optimization for feature: (23)  number of iterations=22
2025-12-02 18:43:34,428 [I/O dispatcher 4] INFO  marytts.PStream Gradient GV optimization for feature: (29)  number of iterations=16
2025-12-02 18:43:34,428 [I/O dispatcher 4] INFO  marytts.PStream Gradient GV optimization for feature: (30)  number of iterations=12
2025-12-02 18:43:34,428 [I/O dispatcher 3] INFO  marytts.PStream Gradient GV optimization for feature: (24)  number of iterations=10
2025-12-02 18:43:34,429 [I/O dispatcher 4] INFO  marytts.PStream Gradient GV optimization for feature: (31)  number of iterations=12
2025-12-02 18:43:34,429 [I/O dispatcher 3] INFO  marytts.PStream Gradient GV optimization for feature: (25)  number of iterations=12
2025-12-02 18:43:34,429 [I/O dispatcher 4] INFO  marytts.PStream Gradient GV optimization for feature: (32)  number of iterations=11
2025-12-02 18:43:34,429 [I/O dispatcher 4] INFO  marytts.PStream Gradient GV optimization for feature: (33)  number of iterations=8
2025-12-02 18:43:34,429 [I/O dispatcher 3] INFO  marytts.PStream Gradient GV optimization for feature: (26)  number of iterations=15
2025-12-02 18:43:34,430 [I/O dispatcher 4] INFO  marytts.PStream Gradient GV optimization for feature: (34)  number of iterations=19
2025-12-02 18:43:34,430 [I/O dispatcher 4] INFO  marytts.ParameterGeneration Using f0 from maryXML acoustparams
2025-12-02 18:43:34,430 [I/O dispatcher 3] INFO  marytts.PStream Gradient GV optimization for feature: (27)  number of iterations=13
2025-12-02 18:43:34,430 [I/O dispatcher 4] INFO  marytts.PStream Context-dependent global variance optimization: gvLength = 934
2025-12-02 18:43:34,430 [I/O dispatcher 3] INFO  marytts.PStream Gradient GV optimization for feature: (28)  number of iterations=26
2025-12-02 18:43:34,432 [I/O dispatcher 3] INFO  marytts.PStream Gradient GV optimization for feature: (29)  number of iterations=16
2025-12-02 18:43:34,433 [I/O dispatcher 3] INFO  marytts.PStream Gradient GV optimization for feature: (30)  number of iterations=12
2025-12-02 18:43:34,434 [I/O dispatcher 3] INFO  marytts.PStream Gradient GV optimization for feature: (31)  number of iterations=12
2025-12-02 18:43:34,434 [I/O dispatcher 3] INFO  marytts.PStream Gradient GV optimization for feature: (32)  number of iterations=11
2025-12-02 18:43:34,434 [I/O dispatcher 4] INFO  marytts.PStream    optimization stopped by reaching max number of iterations (no global variance applied)
2025-12-02 18:43:34,434 [I/O dispatcher 4] INFO  marytts.PStream Gradient GV optimization for feature: (0)  number of iterations=101
2025-12-02 18:43:34,435 [I/O dispatcher 3] INFO  marytts.PStream Gradient GV optimization for feature: (33)  number of iterations=8
2025-12-02 18:43:34,435 [I/O dispatcher 4] INFO  marytts.PStream Gradient GV optimization for feature: (1)  number of iterations=9
2025-12-02 18:43:34,436 [I/O dispatcher 3] INFO  marytts.PStream Gradient GV optimization for feature: (34)  number of iterations=19
2025-12-02 18:43:34,436 [I/O dispatcher 3] INFO  marytts.ParameterGeneration Using f0 from maryXML acoustparams
2025-12-02 18:43:34,436 [I/O dispatcher 4] INFO  marytts.PStream Gradient GV optimization for feature: (2)  number of iterations=19
2025-12-02 18:43:34,436 [I/O dispatcher 3] INFO  marytts.PStream Context-dependent global variance optimization: gvLength = 934
2025-12-02 18:43:34,436 [I/O dispatcher 4] INFO  marytts.PStream Gradient GV optimization for feature: (3)  number of iterations=16
2025-12-02 18:43:34,437 [I/O dispatcher 4] INFO  marytts.PStream Gradient GV optimization for feature: (4)  number of iterations=17
2025-12-02 18:43:34,438 [I/O dispatcher 4] INFO  marytts.HMMSynthesizer Synthesizing one sentence.
2025-12-02 18:43:34,439 [I/O dispatcher 4] INFO  marytts.HTSEngine Using prosody from acoustparams.
2025-12-02 18:43:34,439 [I/O dispatcher 3] INFO  marytts.PStream    optimization stopped by reaching max number of iterations (no global variance applied)
2025-12-02 18:43:34,439 [I/O dispatcher 3] INFO  marytts.PStream Gradient GV optimization for feature: (0)  number of iterations=101
2025-12-02 18:43:34,440 [I/O dispatcher 3] INFO  marytts.PStream Gradient GV optimization for feature: (1)  number of iterations=9
2025-12-02 18:43:34,440 [I/O dispatcher 4] INFO  marytts.HTSEngine Number of models in sentence numModel=112  Total number of states numState=560
2025-12-02 18:43:34,440 [I/O dispatcher 4] INFO  marytts.HTSEngine Total number of frames=1981  Number of voiced frames=1232
2025-12-02 18:43:34,441 [I/O dispatcher 3] INFO  marytts.PStream Gradient GV optimization for feature: (2)  number of iterations=19
2025-12-02 18:43:34,441 [I/O dispatcher 3] INFO  marytts.PStream Gradient GV optimization for feature: (3)  number of iterations=16
2025-12-02 18:43:34,441 [I/O dispatcher 3] INFO  marytts.PStream Gradient GV optimization for feature: (4)  number of iterations=17
2025-12-02 18:43:34,443 [I/O dispatcher 3] INFO  marytts.HMMSynthesizer Synthesizing one sentence.
2025-12-02 18:43:34,443 [I/O dispatcher 4] INFO  marytts.ParameterGeneration Parameter generation for MGC: 
2025-12-02 18:43:34,443 [I/O dispatcher 4] INFO  marytts.PStream Context-dependent global variance optimization: gvLength = 1663
2025-12-02 18:43:34,443 [I/O dispatcher 3] INFO  marytts.HTSEngine Using prosody from acoustparams.
2025-12-02 18:43:34,445 [I/O dispatcher 3] INFO  marytts.HTSEngine Number of models in sentence numModel=112  Total number of states numState=560
2025-12-02 18:43:34,445 [I/O dispatcher 3] INFO  marytts.HTSEngine Total number of frames=1981  Number of voiced frames=1232
2025-12-02 18:43:34,447 [I/O dispatcher 3] INFO  marytts.ParameterGeneration Parameter generation for MGC: 
2025-12-02 18:43:34,447 [I/O dispatcher 3] INFO  marytts.PStream Context-dependent global variance optimization: gvLength = 1663
2025-12-02 18:43:34,448 [I/O dispatcher 4] INFO  marytts.PStream Gradient GV optimization for feature: (0)  number of iterations=95
2025-12-02 18:43:34,450 [I/O dispatcher 4] INFO  marytts.PStream Gradient GV optimization for feature: (1)  number of iterations=34
2025-12-02 18:43:34,451 [I/O dispatcher 3] INFO  marytts.PStream Gradient GV optimization for feature: (0)  number of iterations=95
2025-12-02 18:43:34,451 [I/O dispatcher 4] INFO  marytts.PStream Gradient GV optimization for feature: (2)  number of iterations=7
2025-12-02 18:43:34,451 [I/O dispatcher 4] INFO  marytts.PStream Gradient GV optimization for feature: (3)  number of iterations=2
2025-12-02 18:43:34,452 [I/O dispatcher 3] INFO  marytts.PStream Gradient GV optimization for feature: (1)  number of iterations=34
2025-12-02 18:43:34,453 [I/O dispatcher 3] INFO  marytts.PStream Gradient GV optimization for feature: (2)  number of iterations=7
2025-12-02 18:43:34,453 [I/O dispatcher 4] INFO  marytts.PStream Gradient GV optimization for feature: (4)  number of iterations=22
2025-12-02 18:43:34,453 [I/O dispatcher 3] INFO  marytts.PStream Gradient GV optimization for feature: (3)  number of iterations=2
2025-12-02 18:43:34,454 [I/O dispatcher 4] INFO  marytts.PStream Gradient GV optimization for feature: (5)  number of iterations=4
2025-12-02 18:43:34,454 [I/O dispatcher 4] INFO  marytts.PStream Gradient GV optimization for feature: (6)  number of iterations=4
2025-12-02 18:43:34,454 [I/O dispatcher 3] INFO  marytts.PStream Gradient GV optimization for feature: (4)  number of iterations=22
2025-12-02 18:43:34,455 [I/O dispatcher 3] INFO  marytts.PStream Gradient GV optimization for feature: (5)  number of iterations=4
2025-12-02 18:43:34,455 [I/O dispatcher 4] INFO  marytts.PStream Gradient GV optimization for feature: (7)  number of iterations=21
2025-12-02 18:43:34,455 [I/O dispatcher 3] INFO  marytts.PStream Gradient GV optimization for feature: (6)  number of iterations=4
2025-12-02 18:43:34,456 [I/O dispatcher 3] INFO  marytts.PStream Gradient GV optimization for feature: (7)  number of iterations=21
2025-12-02 18:43:34,456 [I/O dispatcher 4] INFO  marytts.PStream Gradient GV optimization for feature: (8)  number of iterations=23
2025-12-02 18:43:34,457 [I/O dispatcher 3] INFO  marytts.PStream Gradient GV optimization for feature: (8)  number of iterations=23
2025-12-02 18:43:34,457 [I/O dispatcher 4] INFO  marytts.PStream Gradient GV optimization for feature: (9)  number of iterations=19
2025-12-02 18:43:34,457 [I/O dispatcher 3] INFO  marytts.PStream Gradient GV optimization for feature: (9)  number of iterations=19
2025-12-02 18:43:34,458 [I/O dispatcher 4] INFO  marytts.PStream Gradient GV optimization for feature: (10)  number of iterations=17
2025-12-02 18:43:34,459 [I/O dispatcher 3] INFO  marytts.PStream Gradient GV optimization for feature: (10)  number of iterations=17
2025-12-02 18:43:34,459 [I/O dispatcher 4] INFO  marytts.PStream Gradient GV optimization for feature: (11)  number of iterations=17
2025-12-02 18:43:34,459 [I/O dispatcher 3] INFO  marytts.PStream Gradient GV optimization for feature: (11)  number of iterations=17
2025-12-02 18:43:34,460 [I/O dispatcher 3] INFO  marytts.PStream Gradient GV optimization for feature: (12)  number of iterations=18
2025-12-02 18:43:34,461 [I/O dispatcher 4] INFO  marytts.PStream Gradient GV optimization for feature: (12)  number of iterations=18
2025-12-02 18:43:34,461 [I/O dispatcher 3] INFO  marytts.PStream Gradient GV optimization for feature: (13)  number of iterations=29
2025-12-02 18:43:34,463 [I/O dispatcher 3] INFO  marytts.PStream Gradient GV optimization for feature: (14)  number of iterations=19
2025-12-02 18:43:34,463 [I/O dispatcher 4] INFO  marytts.PStream Gradient GV optimization for feature: (13)  number of iterations=29
2025-12-02 18:43:34,464 [I/O dispatcher 3] INFO  marytts.PStream Gradient GV optimization for feature: (15)  number of iterations=23
2025-12-02 18:43:34,464 [I/O dispatcher 4] INFO  marytts.PStream Gradient GV optimization for feature: (14)  number of iterations=19
2025-12-02 18:43:34,465 [I/O dispatcher 3] INFO  marytts.PStream Gradient GV optimization for feature: (16)  number of iterations=19
2025-12-02 18:43:34,465 [I/O dispatcher 4] INFO  marytts.PStream Gradient GV optimization for feature: (15)  number of iterations=23
2025-12-02 18:43:34,466 [I/O dispatcher 4] INFO  marytts.PStream Gradient GV optimization for feature: (16)  number of iterations=19
2025-12-02 18:43:34,466 [I/O dispatcher 3] INFO  marytts.PStream Gradient GV optimization for feature: (17)  number of iterations=20
2025-12-02 18:43:34,467 [I/O dispatcher 4] INFO  marytts.PStream Gradient GV optimization for feature: (17)  number of iterations=20
2025-12-02 18:43:34,468 [I/O dispatcher 3] INFO  marytts.PStream Gradient GV optimization for feature: (18)  number of iterations=17
2025-12-02 18:43:34,469 [I/O dispatcher 4] INFO  marytts.PStream Gradient GV optimization for feature: (18)  number of iterations=17
2025-12-02 18:43:34,469 [I/O dispatcher 3] INFO  marytts.PStream Gradient GV optimization for feature: (19)  number of iterations=16
2025-12-02 18:43:34,470 [I/O dispatcher 4] INFO  marytts.PStream Gradient GV optimization for feature: (19)  number of iterations=16
2025-12-02 18:43:34,470 [I/O dispatcher 3] INFO  marytts.PStream Gradient GV optimization for feature: (20)  number of iterations=18
2025-12-02 18:43:34,471 [I/O dispatcher 4] INFO  marytts.PStream Gradient GV optimization for feature: (20)  number of iterations=18
2025-12-02 18:43:34,472 [I/O dispatcher 3] INFO  marytts.PStream Gradient GV optimization for feature: (21)  number of iterations=16
2025-12-02 18:43:34,473 [I/O dispatcher 4] INFO  marytts.PStream Gradient GV optimization for feature: (21)  number of iterations=16
2025-12-02 18:43:34,474 [I/O dispatcher 3] INFO  marytts.PStream Gradient GV optimization for feature: (22)  number of iterations=21
2025-12-02 18:43:34,475 [I/O dispatcher 4] INFO  marytts.PStream Gradient GV optimization for feature: (22)  number of iterations=21
2025-12-02 18:43:34,475 [I/O dispatcher 3] INFO  marytts.PStream Gradient GV optimization for feature: (23)  number of iterations=14
2025-12-02 18:43:34,476 [I/O dispatcher 4] INFO  marytts.PStream Gradient GV optimization for feature: (23)  number of iterations=14
2025-12-02 18:43:34,476 [I/O dispatcher 3] INFO  marytts.PStream Gradient GV optimization for feature: (24)  number of iterations=12
2025-12-02 18:43:34,478 [I/O dispatcher 4] INFO  marytts.PStream Gradient GV optimization for feature: (24)  number of iterations=12
2025-12-02 18:43:34,478 [I/O dispatcher 3] INFO  marytts.PStream Gradient GV optimization for feature: (25)  number of iterations=12
2025-12-02 18:43:34,479 [I/O dispatcher 3] INFO  marytts.PStream Gradient GV optimization for feature: (26)  number of iterations=10
2025-12-02 18:43:34,479 [I/O dispatcher 4] INFO  marytts.PStream Gradient GV optimization for feature: (25)  number of iterations=12
2025-12-02 18:43:34,480 [I/O dispatcher 4] INFO  marytts.PStream Gradient GV optimization for feature: (26)  number of iterations=10
2025-12-02 18:43:34,480 [I/O dispatcher 3] INFO  marytts.PStream Gradient GV optimization for feature: (27)  number of iterations=13
2025-12-02 18:43:34,480 [I/O dispatcher 4] INFO  marytts.PStream Gradient GV optimization for feature: (27)  number of iterations=13
2025-12-02 18:43:34,481 [I/O dispatcher 3] INFO  marytts.PStream Gradient GV optimization for feature: (28)  number of iterations=15
2025-12-02 18:43:34,482 [I/O dispatcher 4] INFO  marytts.PStream Gradient GV optimization for feature: (28)  number of iterations=15
2025-12-02 18:43:34,483 [I/O dispatcher 3] INFO  marytts.PStream Gradient GV optimization for feature: (29)  number of iterations=15
2025-12-02 18:43:34,483 [I/O dispatcher 4] INFO  marytts.PStream Gradient GV optimization for feature: (29)  number of iterations=15
2025-12-02 18:43:34,483 [I/O dispatcher 3] INFO  marytts.PStream Gradient GV optimization for feature: (30)  number of iterations=14
2025-12-02 18:43:34,485 [I/O dispatcher 3] INFO  marytts.PStream Gradient GV optimization for feature: (31)  number of iterations=13
2025-12-02 18:43:34,485 [I/O dispatcher 4] INFO  marytts.PStream Gradient GV optimization for feature: (30)  number of iterations=14
2025-12-02 18:43:34,486 [I/O dispatcher 3] INFO  marytts.PStream Gradient GV optimization for feature: (32)  number of iterations=8
2025-12-02 18:43:34,486 [I/O dispatcher 4] INFO  marytts.PStream Gradient GV optimization for feature: (31)  number of iterations=13
2025-12-02 18:43:34,486 [I/O dispatcher 3] INFO  marytts.PStream Gradient GV optimization for feature: (33)  number of iterations=8
2025-12-02 18:43:34,487 [I/O dispatcher 4] INFO  marytts.PStream Gradient GV optimization for feature: (32)  number of iterations=8
2025-12-02 18:43:34,488 [I/O dispatcher 4] INFO  marytts.PStream Gradient GV optimization for feature: (33)  number of iterations=8
2025-12-02 18:43:34,488 [I/O dispatcher 3] INFO  marytts.PStream Gradient GV optimization for feature: (34)  number of iterations=24
2025-12-02 18:43:34,488 [I/O dispatcher 3] INFO  marytts.ParameterGeneration Using f0 from maryXML acoustparams
2025-12-02 18:43:34,489 [I/O dispatcher 3] INFO  marytts.PStream Context-dependent global variance optimization: gvLength = 1663
2025-12-02 18:43:34,489 [I/O dispatcher 4] INFO  marytts.PStream Gradient GV optimization for feature: (34)  number of iterations=24
2025-12-02 18:43:34,490 [I/O dispatcher 4] INFO  marytts.ParameterGeneration Using f0 from maryXML acoustparams
2025-12-02 18:43:34,490 [I/O dispatcher 4] INFO  marytts.PStream Context-dependent global variance optimization: gvLength = 1663
2025-12-02 18:43:34,495 [I/O dispatcher 3] INFO  marytts.PStream    optimization stopped by reaching max number of iterations (no global variance applied)
2025-12-02 18:43:34,495 [I/O dispatcher 3] INFO  marytts.PStream Gradient GV optimization for feature: (0)  number of iterations=101
2025-12-02 18:43:34,497 [I/O dispatcher 4] INFO  marytts.PStream    optimization stopped by reaching max number of iterations (no global variance applied)
2025-12-02 18:43:34,497 [I/O dispatcher 4] INFO  marytts.PStream Gradient GV optimization for feature: (0)  number of iterations=101
2025-12-02 18:43:34,497 [I/O dispatcher 3] INFO  marytts.PStream Gradient GV optimization for feature: (1)  number of iterations=28
2025-12-02 18:43:34,499 [I/O dispatcher 4] INFO  marytts.PStream Gradient GV optimization for feature: (1)  number of iterations=28
2025-12-02 18:43:34,499 [I/O dispatcher 3] INFO  marytts.PStream Gradient GV optimization for feature: (2)  number of iterations=22
2025-12-02 18:43:34,500 [I/O dispatcher 4] INFO  marytts.PStream Gradient GV optimization for feature: (2)  number of iterations=22
2025-12-02 18:43:34,500 [I/O dispatcher 3] INFO  marytts.PStream Gradient GV optimization for feature: (3)  number of iterations=19
2025-12-02 18:43:34,501 [I/O dispatcher 3] INFO  marytts.PStream Gradient GV optimization for feature: (4)  number of iterations=16
2025-12-02 18:43:34,501 [I/O dispatcher 4] INFO  marytts.PStream Gradient GV optimization for feature: (3)  number of iterations=19
2025-12-02 18:43:34,503 [I/O dispatcher 3] INFO  marytts.R 2 Handling request using the following modules:
2025-12-02 18:43:34,503 [I/O dispatcher 3] INFO  marytts.R 2 - JTokeniser (marytts.language.en.JTokeniser)
2025-12-02 18:43:34,503 [I/O dispatcher 3] INFO  marytts.R 2 - Preprocess (marytts.language.en.Preprocess)
2025-12-02 18:43:34,503 [I/O dispatcher 3] INFO  marytts.R 2 - OpenNLPPosTagger (marytts.modules.OpenNLPPosTagger)
2025-12-02 18:43:34,503 [I/O dispatcher 3] INFO  marytts.R 2 - JPhonemiser (marytts.modules.JPhonemiser)
2025-12-02 18:43:34,503 [I/O dispatcher 3] INFO  marytts.R 2 - Prosody (marytts.language.en.Prosody)
2025-12-02 18:43:34,503 [I/O dispatcher 3] INFO  marytts.R 2 - PronunciationModel (marytts.language.en.PronunciationModel)
2025-12-02 18:43:34,503 [I/O dispatcher 3] INFO  marytts.R 2 - AcousticModeller (marytts.modules.AcousticModeller)
2025-12-02 18:43:34,503 [I/O dispatcher 3] INFO  marytts.R 2 - Synthesis (marytts.modules.Synthesis)
2025-12-02 18:43:34,503 [I/O dispatcher 3] INFO  marytts.R 2 Next module: JTokeniser
2025-12-02 18:43:34,503 [I/O dispatcher 4] INFO  marytts.PStream Gradient GV optimization for feature: (4)  number of iterations=16
2025-12-02 18:43:34,504 [I/O dispatcher 3] INFO  marytts.R 2 Next module: Preprocess
2025-12-02 18:43:34,504 [I/O dispatcher 4] INFO  marytts.R 3 Handling request using the following modules:
2025-12-02 18:43:34,504 [I/O dispatcher 4] INFO  marytts.R 3 - JTokeniser (marytts.language.en.JTokeniser)
2025-12-02 18:43:34,504 [I/O dispatcher 4] INFO  marytts.R 3 - Preprocess (marytts.language.en.Preprocess)
2025-12-02 18:43:34,504 [I/O dispatcher 4] INFO  marytts.R 3 - OpenNLPPosTagger (marytts.modules.OpenNLPPosTagger)
2025-12-02 18:43:34,504 [I/O dispatcher 4] INFO  marytts.R 3 - JPhonemiser (marytts.modules.JPhonemiser)
2025-12-02 18:43:34,504 [I/O dispatcher 4] INFO  marytts.R 3 - Prosody (marytts.language.en.Prosody)
2025-12-02 18:43:34,504 [I/O dispatcher 4] INFO  marytts.R 3 - PronunciationModel (marytts.language.en.PronunciationModel)
2025-12-02 18:43:34,504 [I/O dispatcher 4] INFO  marytts.R 3 - AcousticModeller (marytts.modules.AcousticModeller)
2025-12-02 18:43:34,504 [I/O dispatcher 4] INFO  marytts.R 3 - Synthesis (marytts.modules.Synthesis)
2025-12-02 18:43:34,504 [I/O dispatcher 4] INFO  marytts.R 3 Next module: JTokeniser
2025-12-02 18:43:34,504 [I/O dispatcher 4] INFO  marytts.R 3 Next module: Preprocess
2025-12-02 18:43:34,507 [I/O dispatcher 3] INFO  marytts.R 2 Next module: OpenNLPPosTagger
2025-12-02 18:43:34,507 [I/O dispatcher 4] INFO  marytts.R 3 Next module: OpenNLPPosTagger
2025-12-02 18:43:34,511 [I/O dispatcher 4] INFO  marytts.R 3 Next module: JPhonemiser
2025-12-02 18:43:34,511 [I/O dispatcher 3] INFO  marytts.R 2 Next module: JPhonemiser
2025-12-02 18:43:34,513 [I/O dispatcher 4] ERROR marytts.JPhonemiser Problem with token <1994> []: Cannot syllabify empty phone string
2025-12-02 18:43:34,513 [I/O dispatcher 3] ERROR marytts.JPhonemiser Problem with token <1994> []: Cannot syllabify empty phone string
2025-12-02 18:43:34,514 [I/O dispatcher 4] INFO  marytts.R 3 Next module: Prosody
2025-12-02 18:43:34,514 [I/O dispatcher 3] INFO  marytts.R 2 Next module: Prosody
2025-12-02 18:43:34,520 [I/O dispatcher 3] INFO  marytts.R 2 Next module: PronunciationModel
2025-12-02 18:43:34,520 [I/O dispatcher 4] INFO  marytts.R 3 Next module: PronunciationModel
2025-12-02 18:43:34,521 [I/O dispatcher 4] INFO  marytts.R 3 Next module: AcousticModeller
2025-12-02 18:43:34,521 [I/O dispatcher 3] INFO  marytts.R 2 Next module: AcousticModeller
2025-12-02 18:43:34,557 [I/O dispatcher 4] INFO  marytts.ParameterGeneration Parameter generation for LF0: 
2025-12-02 18:43:34,557 [I/O dispatcher 4] INFO  marytts.PStream Context-dependent global variance optimization: gvLength = 2869
2025-12-02 18:43:34,559 [I/O dispatcher 3] INFO  marytts.ParameterGeneration Parameter generation for LF0: 
2025-12-02 18:43:34,559 [I/O dispatcher 3] INFO  marytts.PStream Context-dependent global variance optimization: gvLength = 2869
2025-12-02 18:43:34,559 [I/O dispatcher 4] INFO  marytts.PStream Gradient GV optimization for feature: (0)  number of iterations=19
2025-12-02 18:43:34,560 [I/O dispatcher 3] INFO  marytts.PStream Gradient GV optimization for feature: (0)  number of iterations=19
2025-12-02 18:43:34,566 [I/O dispatcher 4] INFO  marytts.R 3 Next module: Synthesis
2025-12-02 18:43:34,566 [I/O dispatcher 4] INFO  marytts.HMMSynthesizer Synthesizing one sentence.
2025-12-02 18:43:34,567 [I/O dispatcher 4] INFO  marytts.HTSEngine Using prosody from acoustparams.
2025-12-02 18:43:34,567 [I/O dispatcher 3] INFO  marytts.R 2 Next module: Synthesis
2025-12-02 18:43:34,568 [I/O dispatcher 3] INFO  marytts.HMMSynthesizer Synthesizing one sentence.
2025-12-02 18:43:34,568 [I/O dispatcher 3] INFO  marytts.HTSEngine Using prosody from acoustparams.
2025-12-02 18:43:34,569 [I/O dispatcher 4] INFO  marytts.HTSEngine Number of models in sentence numModel=122  Total number of states numState=610
2025-12-02 18:43:34,569 [I/O dispatcher 4] INFO  marytts.HTSEngine Total number of frames=2712  Number of voiced frames=1868
2025-12-02 18:43:34,570 [I/O dispatcher 3] INFO  marytts.HTSEngine Number of models in sentence numModel=122  Total number of states numState=610
2025-12-02 18:43:34,570 [I/O dispatcher 3] INFO  marytts.HTSEngine Total number of frames=2712  Number of voiced frames=1868
2025-12-02 18:43:34,571 [I/O dispatcher 4] INFO  marytts.ParameterGeneration Parameter generation for MGC: 
2025-12-02 18:43:34,571 [I/O dispatcher 4] INFO  marytts.PStream Context-dependent global variance optimization: gvLength = 2156
2025-12-02 18:43:34,573 [I/O dispatcher 3] INFO  marytts.ParameterGeneration Parameter generation for MGC: 
2025-12-02 18:43:34,573 [I/O dispatcher 3] INFO  marytts.PStream Context-dependent global variance optimization: gvLength = 2156
2025-12-02 18:43:34,576 [I/O dispatcher 4] INFO  marytts.PStream Gradient GV optimization for feature: (0)  number of iterations=27
2025-12-02 18:43:34,576 [I/O dispatcher 3] INFO  marytts.PStream Gradient GV optimization for feature: (0)  number of iterations=27
2025-12-02 18:43:34,578 [I/O dispatcher 3] INFO  marytts.PStream Gradient GV optimization for feature: (1)  number of iterations=31
2025-12-02 18:43:34,578 [I/O dispatcher 4] INFO  marytts.PStream Gradient GV optimization for feature: (1)  number of iterations=31
2025-12-02 18:43:34,580 [I/O dispatcher 3] INFO  marytts.PStream Gradient GV optimization for feature: (2)  number of iterations=23
2025-12-02 18:43:34,580 [I/O dispatcher 4] INFO  marytts.PStream Gradient GV optimization for feature: (2)  number of iterations=23
2025-12-02 18:43:34,583 [I/O dispatcher 4] INFO  marytts.PStream Gradient GV optimization for feature: (3)  number of iterations=21
2025-12-02 18:43:34,583 [I/O dispatcher 3] INFO  marytts.PStream Gradient GV optimization for feature: (3)  number of iterations=21
2025-12-02 18:43:34,584 [I/O dispatcher 4] INFO  marytts.PStream Gradient GV optimization for feature: (4)  number of iterations=23
2025-12-02 18:43:34,584 [I/O dispatcher 3] INFO  marytts.PStream Gradient GV optimization for feature: (4)  number of iterations=23
2025-12-02 18:43:34,586 [I/O dispatcher 3] INFO  marytts.PStream Gradient GV optimization for feature: (5)  number of iterations=23
2025-12-02 18:43:34,586 [I/O dispatcher 4] INFO  marytts.PStream Gradient GV optimization for feature: (5)  number of iterations=23
2025-12-02 18:43:34,587 [I/O dispatcher 3] INFO  marytts.PStream Gradient GV optimization for feature: (6)  number of iterations=2
2025-12-02 18:43:34,587 [I/O dispatcher 4] INFO  marytts.PStream Gradient GV optimization for feature: (6)  number of iterations=2
2025-12-02 18:43:34,588 [I/O dispatcher 3] INFO  marytts.PStream Gradient GV optimization for feature: (7)  number of iterations=6
2025-12-02 18:43:34,588 [I/O dispatcher 4] INFO  marytts.PStream Gradient GV optimization for feature: (7)  number of iterations=6
2025-12-02 18:43:34,589 [I/O dispatcher 3] INFO  marytts.PStream Gradient GV optimization for feature: (8)  number of iterations=5
2025-12-02 18:43:34,589 [I/O dispatcher 4] INFO  marytts.PStream Gradient GV optimization for feature: (8)  number of iterations=5
2025-12-02 18:43:34,591 [I/O dispatcher 3] INFO  marytts.PStream Gradient GV optimization for feature: (9)  number of iterations=25
2025-12-02 18:43:34,591 [I/O dispatcher 4] INFO  marytts.PStream Gradient GV optimization for feature: (9)  number of iterations=25
2025-12-02 18:43:34,592 [I/O dispatcher 3] INFO  marytts.PStream Gradient GV optimization for feature: (10)  number of iterations=18
2025-12-02 18:43:34,594 [I/O dispatcher 3] INFO  marytts.PStream Gradient GV optimization for feature: (11)  number of iterations=18
2025-12-02 18:43:34,594 [I/O dispatcher 4] INFO  marytts.PStream Gradient GV optimization for feature: (10)  number of iterations=18
2025-12-02 18:43:34,595 [I/O dispatcher 3] INFO  marytts.PStream Gradient GV optimization for feature: (12)  number of iterations=19
2025-12-02 18:43:34,595 [I/O dispatcher 4] INFO  marytts.PStream Gradient GV optimization for feature: (11)  number of iterations=18
2025-12-02 18:43:34,597 [I/O dispatcher 4] INFO  marytts.PStream Gradient GV optimization for feature: (12)  number of iterations=19
2025-12-02 18:43:34,598 [I/O dispatcher 3] INFO  marytts.PStream Gradient GV optimization for feature: (13)  number of iterations=19
2025-12-02 18:43:34,598 [I/O dispatcher 4] INFO  marytts.PStream Gradient GV optimization for feature: (13)  number of iterations=19
2025-12-02 18:43:34,600 [I/O dispatcher 3] INFO  marytts.PStream Gradient GV optimization for feature: (14)  number of iterations=19
2025-12-02 18:43:34,600 [I/O dispatcher 4] INFO  marytts.PStream Gradient GV optimization for feature: (14)  number of iterations=19
2025-12-02 18:43:34,602 [I/O dispatcher 3] INFO  marytts.PStream Gradient GV optimization for feature: (15)  number of iterations=16
2025-12-02 18:43:34,602 [I/O dispatcher 4] INFO  marytts.PStream Gradient GV optimization for feature: (15)  number of iterations=16
2025-12-02 18:43:34,603 [I/O dispatcher 3] INFO  marytts.PStream Gradient GV optimization for feature: (16)  number of iterations=19
2025-12-02 18:43:34,603 [I/O dispatcher 4] INFO  marytts.PStream Gradient GV optimization for feature: (16)  number of iterations=19
2025-12-02 18:43:34,604 [I/O dispatcher 3] INFO  marytts.PStream Gradient GV optimization for feature: (17)  number of iterations=17
2025-12-02 18:43:34,605 [I/O dispatcher 4] INFO  marytts.PStream Gradient GV optimization for feature: (17)  number of iterations=17
2025-12-02 18:43:34,608 [I/O dispatcher 3] INFO  marytts.PStream Gradient GV optimization for feature: (18)  number of iterations=34
2025-12-02 18:43:34,608 [I/O dispatcher 4] INFO  marytts.PStream Gradient GV optimization for feature: (18)  number of iterations=34
2025-12-02 18:43:34,611 [I/O dispatcher 3] INFO  marytts.PStream Gradient GV optimization for feature: (19)  number of iterations=24
2025-12-02 18:43:34,611 [I/O dispatcher 4] INFO  marytts.PStream Gradient GV optimization for feature: (19)  number of iterations=24
2025-12-02 18:43:34,612 [I/O dispatcher 4] INFO  marytts.PStream Gradient GV optimization for feature: (20)  number of iterations=16
2025-12-02 18:43:34,612 [I/O dispatcher 3] INFO  marytts.PStream Gradient GV optimization for feature: (20)  number of iterations=16
2025-12-02 18:43:34,613 [I/O dispatcher 4] INFO  marytts.PStream Gradient GV optimization for feature: (21)  number of iterations=17
2025-12-02 18:43:34,614 [I/O dispatcher 3] INFO  marytts.PStream Gradient GV optimization for feature: (21)  number of iterations=17
2025-12-02 18:43:34,614 [I/O dispatcher 4] INFO  marytts.PStream Gradient GV optimization for feature: (22)  number of iterations=20
2025-12-02 18:43:34,616 [I/O dispatcher 3] INFO  marytts.PStream Gradient GV optimization for feature: (22)  number of iterations=20
2025-12-02 18:43:34,616 [I/O dispatcher 4] INFO  marytts.PStream Gradient GV optimization for feature: (23)  number of iterations=14
2025-12-02 18:43:34,617 [I/O dispatcher 3] INFO  marytts.PStream Gradient GV optimization for feature: (23)  number of iterations=14
2025-12-02 18:43:34,617 [I/O dispatcher 4] INFO  marytts.PStream Gradient GV optimization for feature: (24)  number of iterations=12
2025-12-02 18:43:34,618 [I/O dispatcher 3] INFO  marytts.PStream Gradient GV optimization for feature: (24)  number of iterations=12
2025-12-02 18:43:34,619 [I/O dispatcher 4] INFO  marytts.PStream Gradient GV optimization for feature: (25)  number of iterations=14
2025-12-02 18:43:34,619 [I/O dispatcher 3] INFO  marytts.PStream Gradient GV optimization for feature: (25)  number of iterations=14
2025-12-02 18:43:34,620 [I/O dispatcher 4] INFO  marytts.PStream Gradient GV optimization for feature: (26)  number of iterations=14
2025-12-02 18:43:34,620 [I/O dispatcher 3] INFO  marytts.PStream Gradient GV optimization for feature: (26)  number of iterations=14
2025-12-02 18:43:34,622 [I/O dispatcher 4] INFO  marytts.PStream Gradient GV optimization for feature: (27)  number of iterations=13
2025-12-02 18:43:34,622 [I/O dispatcher 3] INFO  marytts.PStream Gradient GV optimization for feature: (27)  number of iterations=13
2025-12-02 18:43:34,624 [I/O dispatcher 4] INFO  marytts.PStream Gradient GV optimization for feature: (28)  number of iterations=27
2025-12-02 18:43:34,624 [I/O dispatcher 3] INFO  marytts.PStream Gradient GV optimization for feature: (28)  number of iterations=27
2025-12-02 18:43:34,625 [I/O dispatcher 4] INFO  marytts.PStream Gradient GV optimization for feature: (29)  number of iterations=16
2025-12-02 18:43:34,626 [I/O dispatcher 3] INFO  marytts.PStream Gradient GV optimization for feature: (29)  number of iterations=16
2025-12-02 18:43:34,627 [I/O dispatcher 4] INFO  marytts.PStream Gradient GV optimization for feature: (30)  number of iterations=14
2025-12-02 18:43:34,627 [I/O dispatcher 3] INFO  marytts.PStream Gradient GV optimization for feature: (30)  number of iterations=14
2025-12-02 18:43:34,629 [I/O dispatcher 4] INFO  marytts.PStream Gradient GV optimization for feature: (31)  number of iterations=14
2025-12-02 18:43:34,629 [I/O dispatcher 3] INFO  marytts.PStream Gradient GV optimization for feature: (31)  number of iterations=14
2025-12-02 18:43:34,630 [I/O dispatcher 4] INFO  marytts.PStream Gradient GV optimization for feature: (32)  number of iterations=10
2025-12-02 18:43:34,630 [I/O dispatcher 3] INFO  marytts.PStream Gradient GV optimization for feature: (32)  number of iterations=10
2025-12-02 18:43:34,631 [I/O dispatcher 4] INFO  marytts.PStream Gradient GV optimization for feature: (33)  number of iterations=10
2025-12-02 18:43:34,631 [I/O dispatcher 3] INFO  marytts.PStream Gradient GV optimization for feature: (33)  number of iterations=10
2025-12-02 18:43:34,633 [I/O dispatcher 3] INFO  marytts.PStream Gradient GV optimization for feature: (34)  number of iterations=22
2025-12-02 18:43:34,633 [I/O dispatcher 3] INFO  marytts.ParameterGeneration Using f0 from maryXML acoustparams
2025-12-02 18:43:34,633 [I/O dispatcher 4] INFO  marytts.PStream Gradient GV optimization for feature: (34)  number of iterations=22
2025-12-02 18:43:34,633 [I/O dispatcher 4] INFO  marytts.ParameterGeneration Using f0 from maryXML acoustparams
2025-12-02 18:43:34,634 [I/O dispatcher 3] INFO  marytts.PStream Context-dependent global variance optimization: gvLength = 2156
2025-12-02 18:43:34,634 [I/O dispatcher 4] INFO  marytts.PStream Context-dependent global variance optimization: gvLength = 2156
2025-12-02 18:43:34,640 [I/O dispatcher 3] INFO  marytts.PStream    optimization stopped by reaching max number of iterations (no global variance applied)
2025-12-02 18:43:34,640 [I/O dispatcher 3] INFO  marytts.PStream Gradient GV optimization for feature: (0)  number of iterations=101
2025-12-02 18:43:34,640 [I/O dispatcher 4] INFO  marytts.PStream    optimization stopped by reaching max number of iterations (no global variance applied)
2025-12-02 18:43:34,640 [I/O dispatcher 4] INFO  marytts.PStream Gradient GV optimization for feature: (0)  number of iterations=101
2025-12-02 18:43:34,641 [I/O dispatcher 3] INFO  marytts.PStream Gradient GV optimization for feature: (1)  number of iterations=6
2025-12-02 18:43:34,641 [I/O dispatcher 4] INFO  marytts.PStream Gradient GV optimization for feature: (1)  number of iterations=6
2025-12-02 18:43:34,643 [I/O dispatcher 3] INFO  marytts.PStream Gradient GV optimization for feature: (2)  number of iterations=18
2025-12-02 18:43:34,644 [I/O dispatcher 4] INFO  marytts.PStream Gradient GV optimization for feature: (2)  number of iterations=18
2025-12-02 18:43:34,644 [I/O dispatcher 3] INFO  marytts.PStream Gradient GV optimization for feature: (3)  number of iterations=4
2025-12-02 18:43:34,644 [I/O dispatcher 4] INFO  marytts.PStream Gradient GV optimization for feature: (3)  number of iterations=4
2025-12-02 18:43:34,645 [I/O dispatcher 3] INFO  marytts.PStream Gradient GV optimization for feature: (4)  number of iterations=5
2025-12-02 18:43:34,645 [I/O dispatcher 4] INFO  marytts.PStream Gradient GV optimization for feature: (4)  number of iterations=5
2025-12-02 18:43:34,645 [I/O dispatcher 3] INFO  marytts.HMMSynthesizer Synthesizing one sentence.
2025-12-02 18:43:34,646 [I/O dispatcher 4] INFO  marytts.HMMSynthesizer Synthesizing one sentence.
2025-12-02 18:43:34,646 [I/O dispatcher 3] INFO  marytts.HTSEngine Using prosody from acoustparams.
2025-12-02 18:43:34,646 [I/O dispatcher 4] INFO  marytts.HTSEngine Using prosody from acoustparams.
2025-12-02 18:43:34,647 [I/O dispatcher 4] INFO  marytts.HTSEngine Number of models in sentence numModel=58  Total number of states numState=290
2025-12-02 18:43:34,647 [I/O dispatcher 3] INFO  marytts.HTSEngine Number of models in sentence numModel=58  Total number of states numState=290
2025-12-02 18:43:34,647 [I/O dispatcher 3] INFO  marytts.HTSEngine Total number of frames=1118  Number of voiced frames=629
2025-12-02 18:43:34,647 [I/O dispatcher 4] INFO  marytts.HTSEngine Total number of frames=1118  Number of voiced frames=629
2025-12-02 18:43:34,648 [I/O dispatcher 3] INFO  marytts.ParameterGeneration Parameter generation for MGC: 
2025-12-02 18:43:34,648 [I/O dispatcher 3] INFO  marytts.PStream Context-dependent global variance optimization: gvLength = 877
2025-12-02 18:43:34,648 [I/O dispatcher 4] INFO  marytts.ParameterGeneration Parameter generation for MGC: 
2025-12-02 18:43:34,648 [I/O dispatcher 4] INFO  marytts.PStream Context-dependent global variance optimization: gvLength = 877
2025-12-02 18:43:34,650 [I/O dispatcher 3] INFO  marytts.PStream Gradient GV optimization for feature: (0)  number of iterations=70
2025-12-02 18:43:34,650 [I/O dispatcher 3] INFO  marytts.PStream Gradient GV optimization for feature: (1)  number of iterations=2
2025-12-02 18:43:34,650 [I/O dispatcher 4] INFO  marytts.PStream Gradient GV optimization for feature: (0)  number of iterations=70
2025-12-02 18:43:34,650 [I/O dispatcher 3] INFO  marytts.PStream Gradient GV optimization for feature: (2)  number of iterations=5
2025-12-02 18:43:34,650 [I/O dispatcher 3] INFO  marytts.PStream Gradient GV optimization for feature: (3)  number of iterations=2
2025-12-02 18:43:34,650 [I/O dispatcher 4] INFO  marytts.PStream Gradient GV optimization for feature: (1)  number of iterations=2
2025-12-02 18:43:34,650 [I/O dispatcher 3] INFO  marytts.PStream Gradient GV optimization for feature: (4)  number of iterations=2
2025-12-02 18:43:34,650 [I/O dispatcher 3] INFO  marytts.PStream Gradient GV optimization for feature: (5)  number of iterations=5
2025-12-02 18:43:34,651 [I/O dispatcher 3] INFO  marytts.PStream Gradient GV optimization for feature: (6)  number of iterations=2
2025-12-02 18:43:34,651 [I/O dispatcher 4] INFO  marytts.PStream Gradient GV optimization for feature: (2)  number of iterations=5
2025-12-02 18:43:34,651 [I/O dispatcher 4] INFO  marytts.PStream Gradient GV optimization for feature: (3)  number of iterations=2
2025-12-02 18:43:34,651 [I/O dispatcher 3] INFO  marytts.PStream Gradient GV optimization for feature: (7)  number of iterations=21
2025-12-02 18:43:34,651 [I/O dispatcher 4] INFO  marytts.PStream Gradient GV optimization for feature: (4)  number of iterations=2
2025-12-02 18:43:34,652 [I/O dispatcher 4] INFO  marytts.PStream Gradient GV optimization for feature: (5)  number of iterations=5
2025-12-02 18:43:34,652 [I/O dispatcher 3] INFO  marytts.PStream Gradient GV optimization for feature: (8)  number of iterations=21
2025-12-02 18:43:34,652 [I/O dispatcher 4] INFO  marytts.PStream Gradient GV optimization for feature: (6)  number of iterations=2
2025-12-02 18:43:34,652 [I/O dispatcher 3] INFO  marytts.PStream Gradient GV optimization for feature: (9)  number of iterations=19
2025-12-02 18:43:34,652 [I/O dispatcher 4] INFO  marytts.PStream Gradient GV optimization for feature: (7)  number of iterations=21
2025-12-02 18:43:34,652 [I/O dispatcher 3] INFO  marytts.PStream Gradient GV optimization for feature: (10)  number of iterations=19
2025-12-02 18:43:34,653 [I/O dispatcher 4] INFO  marytts.PStream Gradient GV optimization for feature: (8)  number of iterations=21
2025-12-02 18:43:34,653 [I/O dispatcher 3] INFO  marytts.PStream Gradient GV optimization for feature: (11)  number of iterations=17
2025-12-02 18:43:34,653 [I/O dispatcher 4] INFO  marytts.PStream Gradient GV optimization for feature: (9)  number of iterations=19
2025-12-02 18:43:34,653 [I/O dispatcher 3] INFO  marytts.PStream Gradient GV optimization for feature: (12)  number of iterations=18
2025-12-02 18:43:34,653 [I/O dispatcher 4] INFO  marytts.PStream Gradient GV optimization for feature: (10)  number of iterations=19
2025-12-02 18:43:34,654 [I/O dispatcher 3] INFO  marytts.PStream Gradient GV optimization for feature: (13)  number of iterations=17
2025-12-02 18:43:34,654 [I/O dispatcher 4] INFO  marytts.PStream Gradient GV optimization for feature: (11)  number of iterations=17
2025-12-02 18:43:34,654 [I/O dispatcher 4] INFO  marytts.PStream Gradient GV optimization for feature: (12)  number of iterations=18
2025-12-02 18:43:34,655 [I/O dispatcher 3] INFO  marytts.PStream Gradient GV optimization for feature: (14)  number of iterations=19
2025-12-02 18:43:34,655 [I/O dispatcher 4] INFO  marytts.PStream Gradient GV optimization for feature: (13)  number of iterations=17
2025-12-02 18:43:34,655 [I/O dispatcher 4] INFO  marytts.PStream Gradient GV optimization for feature: (14)  number of iterations=19
2025-12-02 18:43:34,655 [I/O dispatcher 3] INFO  marytts.PStream Gradient GV optimization for feature: (15)  number of iterations=15
2025-12-02 18:43:34,656 [I/O dispatcher 4] INFO  marytts.PStream Gradient GV optimization for feature: (15)  number of iterations=15
2025-12-02 18:43:34,656 [I/O dispatcher 4] INFO  marytts.PStream Gradient GV optimization for feature: (16)  number of iterations=19
2025-12-02 18:43:34,656 [I/O dispatcher 3] INFO  marytts.PStream Gradient GV optimization for feature: (16)  number of iterations=19
2025-12-02 18:43:34,657 [I/O dispatcher 4] INFO  marytts.PStream Gradient GV optimization for feature: (17)  number of iterations=20
2025-12-02 18:43:34,657 [I/O dispatcher 4] INFO  marytts.PStream Gradient GV optimization for feature: (18)  number of iterations=16
2025-12-02 18:43:34,657 [I/O dispatcher 3] INFO  marytts.PStream Gradient GV optimization for feature: (17)  number of iterations=20
2025-12-02 18:43:34,657 [I/O dispatcher 4] INFO  marytts.PStream Gradient GV optimization for feature: (19)  number of iterations=14
2025-12-02 18:43:34,658 [I/O dispatcher 4] INFO  marytts.PStream Gradient GV optimization for feature: (20)  number of iterations=16
2025-12-02 18:43:34,658 [I/O dispatcher 3] INFO  marytts.PStream Gradient GV optimization for feature: (18)  number of iterations=16
2025-12-02 18:43:34,659 [I/O dispatcher 4] INFO  marytts.PStream Gradient GV optimization for feature: (21)  number of iterations=16
2025-12-02 18:43:34,659 [I/O dispatcher 3] INFO  marytts.PStream Gradient GV optimization for feature: (19)  number of iterations=14
2025-12-02 18:43:34,659 [I/O dispatcher 4] INFO  marytts.PStream Gradient GV optimization for feature: (22)  number of iterations=19
2025-12-02 18:43:34,659 [I/O dispatcher 3] INFO  marytts.PStream Gradient GV optimization for feature: (20)  number of iterations=16
2025-12-02 18:43:34,659 [I/O dispatcher 4] INFO  marytts.PStream Gradient GV optimization for feature: (23)  number of iterations=14
2025-12-02 18:43:34,659 [I/O dispatcher 3] INFO  marytts.PStream Gradient GV optimization for feature: (21)  number of iterations=16
2025-12-02 18:43:34,660 [I/O dispatcher 4] INFO  marytts.PStream Gradient GV optimization for feature: (24)  number of iterations=12
2025-12-02 18:43:34,660 [I/O dispatcher 4] INFO  marytts.PStream Gradient GV optimization for feature: (25)  number of iterations=12
2025-12-02 18:43:34,660 [I/O dispatcher 3] INFO  marytts.PStream Gradient GV optimization for feature: (22)  number of iterations=19
2025-12-02 18:43:34,660 [I/O dispatcher 4] INFO  marytts.PStream Gradient GV optimization for feature: (26)  number of iterations=18
2025-12-02 18:43:34,661 [I/O dispatcher 3] INFO  marytts.PStream Gradient GV optimization for feature: (23)  number of iterations=14
2025-12-02 18:43:34,661 [I/O dispatcher 4] INFO  marytts.PStream Gradient GV optimization for feature: (27)  number of iterations=12
2025-12-02 18:43:34,661 [I/O dispatcher 4] INFO  marytts.PStream Gradient GV optimization for feature: (28)  number of iterations=10
2025-12-02 18:43:34,661 [I/O dispatcher 3] INFO  marytts.PStream Gradient GV optimization for feature: (24)  number of iterations=12
2025-12-02 18:43:34,661 [I/O dispatcher 4] INFO  marytts.PStream Gradient GV optimization for feature: (29)  number of iterations=14
2025-12-02 18:43:34,662 [I/O dispatcher 4] INFO  marytts.PStream Gradient GV optimization for feature: (30)  number of iterations=13
2025-12-02 18:43:34,662 [I/O dispatcher 3] INFO  marytts.PStream Gradient GV optimization for feature: (25)  number of iterations=12
2025-12-02 18:43:34,662 [I/O dispatcher 4] INFO  marytts.PStream Gradient GV optimization for feature: (31)  number of iterations=13
2025-12-02 18:43:34,662 [I/O dispatcher 4] INFO  marytts.PStream Gradient GV optimization for feature: (32)  number of iterations=6
2025-12-02 18:43:34,663 [I/O dispatcher 4] INFO  marytts.PStream Gradient GV optimization for feature: (33)  number of iterations=8
2025-12-02 18:43:34,663 [I/O dispatcher 3] INFO  marytts.PStream Gradient GV optimization for feature: (26)  number of iterations=18
2025-12-02 18:43:34,663 [I/O dispatcher 4] INFO  marytts.PStream Gradient GV optimization for feature: (34)  number of iterations=12
2025-12-02 18:43:34,663 [I/O dispatcher 4] INFO  marytts.ParameterGeneration Using f0 from maryXML acoustparams
2025-12-02 18:43:34,663 [I/O dispatcher 3] INFO  marytts.PStream Gradient GV optimization for feature: (27)  number of iterations=12
2025-12-02 18:43:34,663 [I/O dispatcher 4] INFO  marytts.PStream Context-dependent global variance optimization: gvLength = 877
2025-12-02 18:43:34,663 [I/O dispatcher 4] INFO  marytts.PStream Gradient GV optimization for feature: (0)  number of iterations=9
2025-12-02 18:43:34,663 [I/O dispatcher 3] INFO  marytts.PStream Gradient GV optimization for feature: (28)  number of iterations=10
2025-12-02 18:43:34,663 [I/O dispatcher 4] INFO  marytts.PStream Gradient GV optimization for feature: (1)  number of iterations=6
2025-12-02 18:43:34,663 [I/O dispatcher 4] INFO  marytts.PStream Gradient GV optimization for feature: (2)  number of iterations=3
2025-12-02 18:43:34,664 [I/O dispatcher 3] INFO  marytts.PStream Gradient GV optimization for feature: (29)  number of iterations=14
2025-12-02 18:43:34,664 [I/O dispatcher 4] INFO  marytts.PStream Gradient GV optimization for feature: (3)  number of iterations=4
2025-12-02 18:43:34,664 [I/O dispatcher 4] INFO  marytts.PStream Gradient GV optimization for feature: (4)  number of iterations=16
2025-12-02 18:43:34,664 [I/O dispatcher 3] INFO  marytts.PStream Gradient GV optimization for feature: (30)  number of iterations=13
2025-12-02 18:43:34,664 [I/O dispatcher 4] INFO  marytts.HMMSynthesizer Synthesizing one sentence.
2025-12-02 18:43:34,665 [I/O dispatcher 3] INFO  marytts.PStream Gradient GV optimization for feature: (31)  number of iterations=13
2025-12-02 18:43:34,665 [I/O dispatcher 4] INFO  marytts.HTSEngine Using prosody from acoustparams.
2025-12-02 18:43:34,665 [I/O dispatcher 4] INFO  marytts.HTSEngine Number of models in sentence numModel=39  Total number of states numState=195
2025-12-02 18:43:34,665 [I/O dispatcher 4] INFO  marytts.HTSEngine Total number of frames=663  Number of voiced frames=419
2025-12-02 18:43:34,665 [I/O dispatcher 3] INFO  marytts.PStream Gradient GV optimization for feature: (32)  number of iterations=6
2025-12-02 18:43:34,666 [I/O dispatcher 3] INFO  marytts.PStream Gradient GV optimization for feature: (33)  number of iterations=8
2025-12-02 18:43:34,666 [I/O dispatcher 4] INFO  marytts.ParameterGeneration Parameter generation for MGC: 
2025-12-02 18:43:34,666 [I/O dispatcher 4] INFO  marytts.PStream Context-dependent global variance optimization: gvLength = 582
2025-12-02 18:43:34,666 [I/O dispatcher 3] INFO  marytts.PStream Gradient GV optimization for feature: (34)  number of iterations=12
2025-12-02 18:43:34,666 [I/O dispatcher 3] INFO  marytts.ParameterGeneration Using f0 from maryXML acoustparams
2025-12-02 18:43:34,667 [I/O dispatcher 3] INFO  marytts.PStream Context-dependent global variance optimization: gvLength = 877
2025-12-02 18:43:34,667 [I/O dispatcher 4] INFO  marytts.PStream Gradient GV optimization for feature: (0)  number of iterations=83
2025-12-02 18:43:34,667 [I/O dispatcher 4] INFO  marytts.PStream Gradient GV optimization for feature: (1)  number of iterations=34
2025-12-02 18:43:34,667 [I/O dispatcher 4] INFO  marytts.PStream Gradient GV optimization for feature: (2)  number of iterations=2
2025-12-02 18:43:34,667 [I/O dispatcher 3] INFO  marytts.PStream Gradient GV optimization for feature: (0)  number of iterations=9
2025-12-02 18:43:34,667 [I/O dispatcher 4] INFO  marytts.PStream Gradient GV optimization for feature: (3)  number of iterations=21
2025-12-02 18:43:34,667 [I/O dispatcher 3] INFO  marytts.PStream Gradient GV optimization for feature: (1)  number of iterations=6
2025-12-02 18:43:34,667 [I/O dispatcher 4] INFO  marytts.PStream Gradient GV optimization for feature: (4)  number of iterations=23
2025-12-02 18:43:34,667 [I/O dispatcher 3] INFO  marytts.PStream Gradient GV optimization for feature: (2)  number of iterations=3
2025-12-02 18:43:34,667 [I/O dispatcher 4] INFO  marytts.PStream Gradient GV optimization for feature: (5)  number of iterations=27
2025-12-02 18:43:34,667 [I/O dispatcher 4] INFO  marytts.PStream Gradient GV optimization for feature: (6)  number of iterations=2
2025-12-02 18:43:34,669 [I/O dispatcher 3] INFO  marytts.PStream Gradient GV optimization for feature: (3)  number of iterations=4
2025-12-02 18:43:34,669 [I/O dispatcher 4] INFO  marytts.PStream Gradient GV optimization for feature: (7)  number of iterations=21
2025-12-02 18:43:34,669 [I/O dispatcher 4] INFO  marytts.PStream Gradient GV optimization for feature: (8)  number of iterations=20
2025-12-02 18:43:34,669 [I/O dispatcher 3] INFO  marytts.PStream Gradient GV optimization for feature: (4)  number of iterations=16
2025-12-02 18:43:34,669 [I/O dispatcher 4] INFO  marytts.PStream Gradient GV optimization for feature: (9)  number of iterations=26
2025-12-02 18:43:34,669 [I/O dispatcher 3] INFO  marytts.HMMSynthesizer Synthesizing one sentence.
2025-12-02 18:43:34,669 [I/O dispatcher 4] INFO  marytts.PStream Gradient GV optimization for feature: (10)  number of iterations=20
2025-12-02 18:43:34,669 [I/O dispatcher 4] INFO  marytts.PStream Gradient GV optimization for feature: (11)  number of iterations=20
2025-12-02 18:43:34,670 [I/O dispatcher 3] INFO  marytts.HTSEngine Using prosody from acoustparams.
2025-12-02 18:43:34,670 [I/O dispatcher 4] INFO  marytts.PStream Gradient GV optimization for feature: (12)  number of iterations=17
2025-12-02 18:43:34,670 [I/O dispatcher 3] INFO  marytts.HTSEngine Number of models in sentence numModel=39  Total number of states numState=195
2025-12-02 18:43:34,670 [I/O dispatcher 3] INFO  marytts.HTSEngine Total number of frames=663  Number of voiced frames=419
2025-12-02 18:43:34,670 [I/O dispatcher 4] INFO  marytts.PStream Gradient GV optimization for feature: (13)  number of iterations=29
2025-12-02 18:43:34,670 [I/O dispatcher 4] INFO  marytts.PStream Gradient GV optimization for feature: (14)  number of iterations=20
2025-12-02 18:43:34,670 [I/O dispatcher 3] INFO  marytts.ParameterGeneration Parameter generation for MGC: 
2025-12-02 18:43:34,670 [I/O dispatcher 3] INFO  marytts.PStream Context-dependent global variance optimization: gvLength = 582
2025-12-02 18:43:34,670 [I/O dispatcher 4] INFO  marytts.PStream Gradient GV optimization for feature: (15)  number of iterations=14
2025-12-02 18:43:34,671 [I/O dispatcher 4] INFO  marytts.PStream Gradient GV optimization for feature: (16)  number of iterations=18
2025-12-02 18:43:34,671 [I/O dispatcher 4] INFO  marytts.PStream Gradient GV optimization for feature: (17)  number of iterations=18
2025-12-02 18:43:34,671 [I/O dispatcher 4] INFO  marytts.PStream Gradient GV optimization for feature: (18)  number of iterations=24
2025-12-02 18:43:34,672 [I/O dispatcher 4] INFO  marytts.PStream Gradient GV optimization for feature: (19)  number of iterations=24
2025-12-02 18:43:34,672 [I/O dispatcher 4] INFO  marytts.PStream Gradient GV optimization for feature: (20)  number of iterations=16
2025-12-02 18:43:34,672 [I/O dispatcher 3] INFO  marytts.PStream Gradient GV optimization for feature: (0)  number of iterations=83
2025-12-02 18:43:34,672 [I/O dispatcher 4] INFO  marytts.PStream Gradient GV optimization for feature: (21)  number of iterations=17
2025-12-02 18:43:34,673 [I/O dispatcher 4] INFO  marytts.PStream Gradient GV optimization for feature: (22)  number of iterations=21
2025-12-02 18:43:34,673 [I/O dispatcher 4] INFO  marytts.PStream Gradient GV optimization for feature: (23)  number of iterations=14
2025-12-02 18:43:34,673 [I/O dispatcher 3] INFO  marytts.PStream Gradient GV optimization for feature: (1)  number of iterations=34
2025-12-02 18:43:34,673 [I/O dispatcher 4] INFO  marytts.PStream Gradient GV optimization for feature: (24)  number of iterations=12
2025-12-02 18:43:34,673 [I/O dispatcher 3] INFO  marytts.PStream Gradient GV optimization for feature: (2)  number of iterations=2
2025-12-02 18:43:34,673 [I/O dispatcher 4] INFO  marytts.PStream Gradient GV optimization for feature: (25)  number of iterations=12
2025-12-02 18:43:34,673 [I/O dispatcher 4] INFO  marytts.PStream Gradient GV optimization for feature: (26)  number of iterations=11
2025-12-02 18:43:34,673 [I/O dispatcher 3] INFO  marytts.PStream Gradient GV optimization for feature: (3)  number of iterations=21
2025-12-02 18:43:34,674 [I/O dispatcher 4] INFO  marytts.PStream Gradient GV optimization for feature: (27)  number of iterations=10
2025-12-02 18:43:34,674 [I/O dispatcher 4] INFO  marytts.PStream Gradient GV optimization for feature: (28)  number of iterations=22
2025-12-02 18:43:34,674 [I/O dispatcher 3] INFO  marytts.PStream Gradient GV optimization for feature: (4)  number of iterations=23
2025-12-02 18:43:34,674 [I/O dispatcher 4] INFO  marytts.PStream Gradient GV optimization for feature: (29)  number of iterations=15
2025-12-02 18:43:34,674 [I/O dispatcher 4] INFO  marytts.PStream Gradient GV optimization for feature: (30)  number of iterations=13
2025-12-02 18:43:34,674 [I/O dispatcher 4] INFO  marytts.PStream Gradient GV optimization for feature: (31)  number of iterations=12
2025-12-02 18:43:34,674 [I/O dispatcher 3] INFO  marytts.PStream Gradient GV optimization for feature: (5)  number of iterations=27
2025-12-02 18:43:34,675 [I/O dispatcher 4] INFO  marytts.PStream Gradient GV optimization for feature: (32)  number of iterations=4
2025-12-02 18:43:34,675 [I/O dispatcher 3] INFO  marytts.PStream Gradient GV optimization for feature: (6)  number of iterations=2
2025-12-02 18:43:34,675 [I/O dispatcher 4] INFO  marytts.PStream Gradient GV optimization for feature: (33)  number of iterations=10
2025-12-02 18:43:34,675 [I/O dispatcher 4] INFO  marytts.PStream Gradient GV optimization for feature: (34)  number of iterations=11
2025-12-02 18:43:34,675 [I/O dispatcher 4] INFO  marytts.ParameterGeneration Using f0 from maryXML acoustparams
2025-12-02 18:43:34,675 [I/O dispatcher 3] INFO  marytts.PStream Gradient GV optimization for feature: (7)  number of iterations=21
2025-12-02 18:43:34,675 [I/O dispatcher 4] INFO  marytts.PStream Context-dependent global variance optimization: gvLength = 582
2025-12-02 18:43:34,675 [I/O dispatcher 4] INFO  marytts.PStream Gradient GV optimization for feature: (0)  number of iterations=15
2025-12-02 18:43:34,676 [I/O dispatcher 3] INFO  marytts.PStream Gradient GV optimization for feature: (8)  number of iterations=20
2025-12-02 18:43:34,676 [I/O dispatcher 4] INFO  marytts.PStream Gradient GV optimization for feature: (1)  number of iterations=17
2025-12-02 18:43:34,676 [I/O dispatcher 4] INFO  marytts.PStream Gradient GV optimization for feature: (2)  number of iterations=23
2025-12-02 18:43:34,676 [I/O dispatcher 3] INFO  marytts.PStream Gradient GV optimization for feature: (9)  number of iterations=26
2025-12-02 18:43:34,676 [I/O dispatcher 4] INFO  marytts.PStream Gradient GV optimization for feature: (3)  number of iterations=17
2025-12-02 18:43:34,676 [I/O dispatcher 4] INFO  marytts.PStream Gradient GV optimization for feature: (4)  number of iterations=2
2025-12-02 18:43:34,676 [I/O dispatcher 3] INFO  marytts.PStream Gradient GV optimization for feature: (10)  number of iterations=20
2025-12-02 18:43:34,677 [I/O dispatcher 4] INFO  marytts.R 3 Handling request using the following modules:
2025-12-02 18:43:34,677 [I/O dispatcher 4] INFO  marytts.R 3 - JTokeniser (marytts.language.en.JTokeniser)
2025-12-02 18:43:34,677 [I/O dispatcher 4] INFO  marytts.R 3 - Preprocess (marytts.language.en.Preprocess)
2025-12-02 18:43:34,677 [I/O dispatcher 4] INFO  marytts.R 3 - OpenNLPPosTagger (marytts.modules.OpenNLPPosTagger)
2025-12-02 18:43:34,677 [I/O dispatcher 4] INFO  marytts.R 3 - JPhonemiser (marytts.modules.JPhonemiser)
2025-12-02 18:43:34,677 [I/O dispatcher 4] INFO  marytts.R 3 - Prosody (marytts.language.en.Prosody)
2025-12-02 18:43:34,677 [I/O dispatcher 4] INFO  marytts.R 3 - PronunciationModel (marytts.language.en.PronunciationModel)
2025-12-02 18:43:34,677 [I/O dispatcher 4] INFO  marytts.R 3 - AcousticModeller (marytts.modules.AcousticModeller)
2025-12-02 18:43:34,677 [I/O dispatcher 4] INFO  marytts.R 3 - Synthesis (marytts.modules.Synthesis)
2025-12-02 18:43:34,677 [I/O dispatcher 4] INFO  marytts.R 3 Next module: JTokeniser
2025-12-02 18:43:34,677 [I/O dispatcher 3] INFO  marytts.PStream Gradient GV optimization for feature: (11)  number of iterations=20
2025-12-02 18:43:34,677 [I/O dispatcher 4] INFO  marytts.R 3 Next module: Preprocess
2025-12-02 18:43:34,677 [I/O dispatcher 3] INFO  marytts.PStream Gradient GV optimization for feature: (12)  number of iterations=17
2025-12-02 18:43:34,678 [I/O dispatcher 4] INFO  marytts.R 3 Next module: OpenNLPPosTagger
2025-12-02 18:43:34,678 [I/O dispatcher 3] INFO  marytts.PStream Gradient GV optimization for feature: (13)  number of iterations=29
2025-12-02 18:43:34,679 [I/O dispatcher 3] INFO  marytts.PStream Gradient GV optimization for feature: (14)  number of iterations=20
2025-12-02 18:43:34,679 [I/O dispatcher 4] INFO  marytts.R 3 Next module: JPhonemiser
2025-12-02 18:43:34,679 [I/O dispatcher 3] INFO  marytts.PStream Gradient GV optimization for feature: (15)  number of iterations=14
2025-12-02 18:43:34,679 [I/O dispatcher 3] INFO  marytts.PStream Gradient GV optimization for feature: (16)  number of iterations=18
2025-12-02 18:43:34,679 [I/O dispatcher 3] INFO  marytts.PStream Gradient GV optimization for feature: (17)  number of iterations=18
2025-12-02 18:43:34,679 [I/O dispatcher 4] INFO  marytts.R 3 Next module: Prosody
2025-12-02 18:43:34,680 [I/O dispatcher 3] INFO  marytts.PStream Gradient GV optimization for feature: (18)  number of iterations=24
2025-12-02 18:43:34,680 [I/O dispatcher 4] INFO  marytts.R 3 Next module: PronunciationModel
2025-12-02 18:43:34,680 [I/O dispatcher 3] INFO  marytts.PStream Gradient GV optimization for feature: (19)  number of iterations=24
2025-12-02 18:43:34,680 [I/O dispatcher 4] INFO  marytts.R 3 Next module: AcousticModeller
2025-12-02 18:43:34,681 [I/O dispatcher 3] INFO  marytts.PStream Gradient GV optimization for feature: (20)  number of iterations=16
2025-12-02 18:43:34,682 [I/O dispatcher 3] INFO  marytts.PStream Gradient GV optimization for feature: (21)  number of iterations=17
2025-12-02 18:43:34,682 [I/O dispatcher 3] INFO  marytts.PStream Gradient GV optimization for feature: (22)  number of iterations=21
2025-12-02 18:43:34,682 [I/O dispatcher 3] INFO  marytts.PStream Gradient GV optimization for feature: (23)  number of iterations=14
2025-12-02 18:43:34,683 [I/O dispatcher 3] INFO  marytts.PStream Gradient GV optimization for feature: (24)  number of iterations=12
2025-12-02 18:43:34,683 [I/O dispatcher 3] INFO  marytts.PStream Gradient GV optimization for feature: (25)  number of iterations=12
2025-12-02 18:43:34,683 [I/O dispatcher 3] INFO  marytts.PStream Gradient GV optimization for feature: (26)  number of iterations=11
2025-12-02 18:43:34,684 [I/O dispatcher 3] INFO  marytts.PStream Gradient GV optimization for feature: (27)  number of iterations=10
2025-12-02 18:43:34,684 [I/O dispatcher 3] INFO  marytts.PStream Gradient GV optimization for feature: (28)  number of iterations=22
2025-12-02 18:43:34,685 [I/O dispatcher 3] INFO  marytts.PStream Gradient GV optimization for feature: (29)  number of iterations=15
2025-12-02 18:43:34,685 [I/O dispatcher 3] INFO  marytts.PStream Gradient GV optimization for feature: (30)  number of iterations=13
2025-12-02 18:43:34,686 [I/O dispatcher 3] INFO  marytts.PStream Gradient GV optimization for feature: (31)  number of iterations=12
2025-12-02 18:43:34,686 [I/O dispatcher 3] INFO  marytts.PStream Gradient GV optimization for feature: (32)  number of iterations=4
2025-12-02 18:43:34,686 [I/O dispatcher 3] INFO  marytts.PStream Gradient GV optimization for feature: (33)  number of iterations=10
2025-12-02 18:43:34,686 [I/O dispatcher 3] INFO  marytts.PStream Gradient GV optimization for feature: (34)  number of iterations=11
2025-12-02 18:43:34,686 [I/O dispatcher 3] INFO  marytts.ParameterGeneration Using f0 from maryXML acoustparams
2025-12-02 18:43:34,687 [I/O dispatcher 3] INFO  marytts.PStream Context-dependent global variance optimization: gvLength = 582
2025-12-02 18:43:34,687 [I/O dispatcher 3] INFO  marytts.PStream Gradient GV optimization for feature: (0)  number of iterations=15
2025-12-02 18:43:34,688 [I/O dispatcher 3] INFO  marytts.PStream Gradient GV optimization for feature: (1)  number of iterations=17
2025-12-02 18:43:34,688 [I/O dispatcher 3] INFO  marytts.PStream Gradient GV optimization for feature: (2)  number of iterations=23
2025-12-02 18:43:34,688 [I/O dispatcher 3] INFO  marytts.PStream Gradient GV optimization for feature: (3)  number of iterations=17
2025-12-02 18:43:34,689 [I/O dispatcher 3] INFO  marytts.PStream Gradient GV optimization for feature: (4)  number of iterations=2
2025-12-02 18:43:34,689 [I/O dispatcher 3] INFO  marytts.R 2 Handling request using the following modules:
2025-12-02 18:43:34,689 [I/O dispatcher 3] INFO  marytts.R 2 - JTokeniser (marytts.language.en.JTokeniser)
2025-12-02 18:43:34,689 [I/O dispatcher 3] INFO  marytts.R 2 - Preprocess (marytts.language.en.Preprocess)
2025-12-02 18:43:34,689 [I/O dispatcher 3] INFO  marytts.R 2 - OpenNLPPosTagger (marytts.modules.OpenNLPPosTagger)
2025-12-02 18:43:34,689 [I/O dispatcher 3] INFO  marytts.R 2 - JPhonemiser (marytts.modules.JPhonemiser)
2025-12-02 18:43:34,689 [I/O dispatcher 3] INFO  marytts.R 2 - Prosody (marytts.language.en.Prosody)
2025-12-02 18:43:34,689 [I/O dispatcher 3] INFO  marytts.R 2 - PronunciationModel (marytts.language.en.PronunciationModel)
2025-12-02 18:43:34,689 [I/O dispatcher 3] INFO  marytts.R 2 - AcousticModeller (marytts.modules.AcousticModeller)
2025-12-02 18:43:34,689 [I/O dispatcher 3] INFO  marytts.R 2 - Synthesis (marytts.modules.Synthesis)
2025-12-02 18:43:34,689 [I/O dispatcher 3] INFO  marytts.R 2 Next module: JTokeniser
2025-12-02 18:43:34,689 [I/O dispatcher 4] INFO  marytts.ParameterGeneration Parameter generation for LF0: 
2025-12-02 18:43:34,689 [I/O dispatcher 4] INFO  marytts.PStream Context-dependent global variance optimization: gvLength = 1158
2025-12-02 18:43:34,690 [I/O dispatcher 3] INFO  marytts.R 2 Next module: Preprocess
2025-12-02 18:43:34,690 [I/O dispatcher 3] INFO  marytts.R 2 Next module: OpenNLPPosTagger
2025-12-02 18:43:34,691 [I/O dispatcher 4] INFO  marytts.PStream Gradient GV optimization for feature: (0)  number of iterations=51
2025-12-02 18:43:34,691 [I/O dispatcher 3] INFO  marytts.R 2 Next module: JPhonemiser
2025-12-02 18:43:34,692 [I/O dispatcher 3] INFO  marytts.R 2 Next module: Prosody
2025-12-02 18:43:34,693 [I/O dispatcher 4] INFO  marytts.R 3 Next module: Synthesis
2025-12-02 18:43:34,693 [I/O dispatcher 3] INFO  marytts.R 2 Next module: PronunciationModel
2025-12-02 18:43:34,693 [I/O dispatcher 4] INFO  marytts.HMMSynthesizer Synthesizing one sentence.
2025-12-02 18:43:34,693 [I/O dispatcher 3] INFO  marytts.R 2 Next module: AcousticModeller
2025-12-02 18:43:34,693 [I/O dispatcher 4] INFO  marytts.HTSEngine Using prosody from acoustparams.
2025-12-02 18:43:34,694 [I/O dispatcher 4] INFO  marytts.HTSEngine Number of models in sentence numModel=98  Total number of states numState=490
2025-12-02 18:43:34,694 [I/O dispatcher 4] INFO  marytts.HTSEngine Total number of frames=1764  Number of voiced frames=1180
2025-12-02 18:43:34,696 [I/O dispatcher 4] INFO  marytts.ParameterGeneration Parameter generation for MGC: 
2025-12-02 18:43:34,696 [I/O dispatcher 4] INFO  marytts.PStream Context-dependent global variance optimization: gvLength = 1526
2025-12-02 18:43:34,697 [I/O dispatcher 4] INFO  marytts.PStream Gradient GV optimization for feature: (0)  number of iterations=36
2025-12-02 18:43:34,698 [I/O dispatcher 4] INFO  marytts.PStream Gradient GV optimization for feature: (1)  number of iterations=24
2025-12-02 18:43:34,700 [I/O dispatcher 4] INFO  marytts.PStream Gradient GV optimization for feature: (2)  number of iterations=23
2025-12-02 18:43:34,701 [I/O dispatcher 4] INFO  marytts.PStream Gradient GV optimization for feature: (3)  number of iterations=21
2025-12-02 18:43:34,701 [I/O dispatcher 4] INFO  marytts.PStream Gradient GV optimization for feature: (4)  number of iterations=6
2025-12-02 18:43:34,702 [I/O dispatcher 4] INFO  marytts.PStream Gradient GV optimization for feature: (5)  number of iterations=5
2025-12-02 18:43:34,703 [I/O dispatcher 4] INFO  marytts.PStream Gradient GV optimization for feature: (6)  number of iterations=2
2025-12-02 18:43:34,703 [I/O dispatcher 3] INFO  marytts.ParameterGeneration Parameter generation for LF0: 
2025-12-02 18:43:34,703 [I/O dispatcher 3] INFO  marytts.PStream Context-dependent global variance optimization: gvLength = 1158
2025-12-02 18:43:34,704 [I/O dispatcher 4] INFO  marytts.PStream Gradient GV optimization for feature: (7)  number of iterations=21
2025-12-02 18:43:34,705 [I/O dispatcher 3] INFO  marytts.PStream Gradient GV optimization for feature: (0)  number of iterations=51
2025-12-02 18:43:34,705 [I/O dispatcher 4] INFO  marytts.PStream Gradient GV optimization for feature: (8)  number of iterations=20
2025-12-02 18:43:34,706 [I/O dispatcher 4] INFO  marytts.PStream Gradient GV optimization for feature: (9)  number of iterations=18
2025-12-02 18:43:34,707 [I/O dispatcher 4] INFO  marytts.PStream Gradient GV optimization for feature: (10)  number of iterations=20
2025-12-02 18:43:34,708 [I/O dispatcher 3] INFO  marytts.R 2 Next module: Synthesis
2025-12-02 18:43:34,708 [I/O dispatcher 3] INFO  marytts.HMMSynthesizer Synthesizing one sentence.
2025-12-02 18:43:34,708 [I/O dispatcher 4] INFO  marytts.PStream Gradient GV optimization for feature: (11)  number of iterations=18
2025-12-02 18:43:34,709 [I/O dispatcher 3] INFO  marytts.HTSEngine Using prosody from acoustparams.
2025-12-02 18:43:34,709 [I/O dispatcher 4] INFO  marytts.PStream Gradient GV optimization for feature: (12)  number of iterations=17
2025-12-02 18:43:34,709 [I/O dispatcher 3] INFO  marytts.HTSEngine Number of models in sentence numModel=98  Total number of states numState=490
2025-12-02 18:43:34,709 [I/O dispatcher 3] INFO  marytts.HTSEngine Total number of frames=1764  Number of voiced frames=1180
2025-12-02 18:43:34,711 [I/O dispatcher 4] INFO  marytts.PStream Gradient GV optimization for feature: (13)  number of iterations=19
2025-12-02 18:43:34,712 [I/O dispatcher 3] INFO  marytts.ParameterGeneration Parameter generation for MGC: 
2025-12-02 18:43:34,712 [I/O dispatcher 3] INFO  marytts.PStream Context-dependent global variance optimization: gvLength = 1526
2025-12-02 18:43:34,712 [I/O dispatcher 4] INFO  marytts.PStream Gradient GV optimization for feature: (14)  number of iterations=21
2025-12-02 18:43:34,713 [I/O dispatcher 4] INFO  marytts.PStream Gradient GV optimization for feature: (15)  number of iterations=22
2025-12-02 18:43:34,714 [I/O dispatcher 3] INFO  marytts.PStream Gradient GV optimization for feature: (0)  number of iterations=36
2025-12-02 18:43:34,714 [I/O dispatcher 4] INFO  marytts.PStream Gradient GV optimization for feature: (16)  number of iterations=18
2025-12-02 18:43:34,715 [I/O dispatcher 3] INFO  marytts.PStream Gradient GV optimization for feature: (1)  number of iterations=24
2025-12-02 18:43:34,716 [I/O dispatcher 4] INFO  marytts.PStream Gradient GV optimization for feature: (17)  number of iterations=17
2025-12-02 18:43:34,716 [I/O dispatcher 3] INFO  marytts.PStream Gradient GV optimization for feature: (2)  number of iterations=23
2025-12-02 18:43:34,717 [I/O dispatcher 4] INFO  marytts.PStream Gradient GV optimization for feature: (18)  number of iterations=17
2025-12-02 18:43:34,717 [I/O dispatcher 3] INFO  marytts.PStream Gradient GV optimization for feature: (3)  number of iterations=21
2025-12-02 18:43:34,718 [I/O dispatcher 4] INFO  marytts.PStream Gradient GV optimization for feature: (19)  number of iterations=22
2025-12-02 18:43:34,718 [I/O dispatcher 3] INFO  marytts.PStream Gradient GV optimization for feature: (4)  number of iterations=6
2025-12-02 18:43:34,719 [I/O dispatcher 3] INFO  marytts.PStream Gradient GV optimization for feature: (5)  number of iterations=5
2025-12-02 18:43:34,719 [I/O dispatcher 4] INFO  marytts.PStream Gradient GV optimization for feature: (20)  number of iterations=16
2025-12-02 18:43:34,719 [I/O dispatcher 3] INFO  marytts.PStream Gradient GV optimization for feature: (6)  number of iterations=2
2025-12-02 18:43:34,720 [I/O dispatcher 4] INFO  marytts.PStream Gradient GV optimization for feature: (21)  number of iterations=18
2025-12-02 18:43:34,721 [I/O dispatcher 4] INFO  marytts.PStream Gradient GV optimization for feature: (22)  number of iterations=20
2025-12-02 18:43:34,721 [I/O dispatcher 3] INFO  marytts.PStream Gradient GV optimization for feature: (7)  number of iterations=21
2025-12-02 18:43:34,722 [I/O dispatcher 4] INFO  marytts.PStream Gradient GV optimization for feature: (23)  number of iterations=18
2025-12-02 18:43:34,723 [I/O dispatcher 3] INFO  marytts.PStream Gradient GV optimization for feature: (8)  number of iterations=20
2025-12-02 18:43:34,723 [I/O dispatcher 4] INFO  marytts.PStream Gradient GV optimization for feature: (24)  number of iterations=10
2025-12-02 18:43:34,724 [I/O dispatcher 3] INFO  marytts.PStream Gradient GV optimization for feature: (9)  number of iterations=18
2025-12-02 18:43:34,724 [I/O dispatcher 4] INFO  marytts.PStream Gradient GV optimization for feature: (25)  number of iterations=11
2025-12-02 18:43:34,724 [I/O dispatcher 4] INFO  marytts.PStream Gradient GV optimization for feature: (26)  number of iterations=12
2025-12-02 18:43:34,724 [I/O dispatcher 3] INFO  marytts.PStream Gradient GV optimization for feature: (10)  number of iterations=20
2025-12-02 18:43:34,726 [I/O dispatcher 4] INFO  marytts.PStream Gradient GV optimization for feature: (27)  number of iterations=14
2025-12-02 18:43:34,726 [I/O dispatcher 3] INFO  marytts.PStream Gradient GV optimization for feature: (11)  number of iterations=18
2025-12-02 18:43:34,727 [I/O dispatcher 4] INFO  marytts.PStream Gradient GV optimization for feature: (28)  number of iterations=15
2025-12-02 18:43:34,727 [I/O dispatcher 3] INFO  marytts.PStream Gradient GV optimization for feature: (12)  number of iterations=17
2025-12-02 18:43:34,728 [I/O dispatcher 4] INFO  marytts.PStream Gradient GV optimization for feature: (29)  number of iterations=16
2025-12-02 18:43:34,729 [I/O dispatcher 3] INFO  marytts.PStream Gradient GV optimization for feature: (13)  number of iterations=19
2025-12-02 18:43:34,729 [I/O dispatcher 4] INFO  marytts.PStream Gradient GV optimization for feature: (30)  number of iterations=12
2025-12-02 18:43:34,730 [I/O dispatcher 3] INFO  marytts.PStream Gradient GV optimization for feature: (14)  number of iterations=21
2025-12-02 18:43:34,730 [I/O dispatcher 4] INFO  marytts.PStream Gradient GV optimization for feature: (31)  number of iterations=13
2025-12-02 18:43:34,731 [I/O dispatcher 4] INFO  marytts.PStream Gradient GV optimization for feature: (32)  number of iterations=8
2025-12-02 18:43:34,731 [I/O dispatcher 4] INFO  marytts.PStream Gradient GV optimization for feature: (33)  number of iterations=8
2025-12-02 18:43:34,731 [I/O dispatcher 3] INFO  marytts.PStream Gradient GV optimization for feature: (15)  number of iterations=22
2025-12-02 18:43:34,731 [I/O dispatcher 4] INFO  marytts.PStream Gradient GV optimization for feature: (34)  number of iterations=14
2025-12-02 18:43:34,731 [I/O dispatcher 4] INFO  marytts.ParameterGeneration Using f0 from maryXML acoustparams
2025-12-02 18:43:34,731 [I/O dispatcher 4] INFO  marytts.PStream Context-dependent global variance optimization: gvLength = 1526
2025-12-02 18:43:34,733 [I/O dispatcher 3] INFO  marytts.PStream Gradient GV optimization for feature: (16)  number of iterations=18
2025-12-02 18:43:34,733 [I/O dispatcher 3] INFO  marytts.PStream Gradient GV optimization for feature: (17)  number of iterations=17
2025-12-02 18:43:34,734 [I/O dispatcher 3] INFO  marytts.PStream Gradient GV optimization for feature: (18)  number of iterations=17
2025-12-02 18:43:34,735 [I/O dispatcher 4] INFO  marytts.PStream Gradient GV optimization for feature: (0)  number of iterations=61
2025-12-02 18:43:34,735 [I/O dispatcher 3] INFO  marytts.PStream Gradient GV optimization for feature: (19)  number of iterations=22
2025-12-02 18:43:34,736 [I/O dispatcher 4] INFO  marytts.PStream Gradient GV optimization for feature: (1)  number of iterations=6
2025-12-02 18:43:34,736 [I/O dispatcher 3] INFO  marytts.PStream Gradient GV optimization for feature: (20)  number of iterations=16
2025-12-02 18:43:34,737 [I/O dispatcher 4] INFO  marytts.PStream Gradient GV optimization for feature: (2)  number of iterations=22
2025-12-02 18:43:34,738 [I/O dispatcher 3] INFO  marytts.PStream Gradient GV optimization for feature: (21)  number of iterations=18
2025-12-02 18:43:34,738 [I/O dispatcher 4] INFO  marytts.PStream Gradient GV optimization for feature: (3)  number of iterations=4
2025-12-02 18:43:34,739 [I/O dispatcher 3] INFO  marytts.PStream Gradient GV optimization for feature: (22)  number of iterations=20
2025-12-02 18:43:34,739 [I/O dispatcher 4] INFO  marytts.PStream Gradient GV optimization for feature: (4)  number of iterations=20
2025-12-02 18:43:34,740 [I/O dispatcher 4] INFO  marytts.R 3 Handling request using the following modules:
2025-12-02 18:43:34,740 [I/O dispatcher 4] INFO  marytts.R 3 - JTokeniser (marytts.language.en.JTokeniser)
2025-12-02 18:43:34,740 [I/O dispatcher 4] INFO  marytts.R 3 - Preprocess (marytts.language.en.Preprocess)
2025-12-02 18:43:34,740 [I/O dispatcher 4] INFO  marytts.R 3 - OpenNLPPosTagger (marytts.modules.OpenNLPPosTagger)
2025-12-02 18:43:34,740 [I/O dispatcher 4] INFO  marytts.R 3 - JPhonemiser (marytts.modules.JPhonemiser)
2025-12-02 18:43:34,740 [I/O dispatcher 4] INFO  marytts.R 3 - Prosody (marytts.language.en.Prosody)
2025-12-02 18:43:34,740 [I/O dispatcher 4] INFO  marytts.R 3 - PronunciationModel (marytts.language.en.PronunciationModel)
2025-12-02 18:43:34,740 [I/O dispatcher 4] INFO  marytts.R 3 - AcousticModeller (marytts.modules.AcousticModeller)
2025-12-02 18:43:34,740 [I/O dispatcher 4] INFO  marytts.R 3 - Synthesis (marytts.modules.Synthesis)
2025-12-02 18:43:34,740 [I/O dispatcher 3] INFO  marytts.PStream Gradient GV optimization for feature: (23)  number of iterations=18
2025-12-02 18:43:34,740 [I/O dispatcher 4] INFO  marytts.R 3 Next module: JTokeniser
2025-12-02 18:43:34,741 [I/O dispatcher 4] INFO  marytts.R 3 Next module: Preprocess
2025-12-02 18:43:34,741 [I/O dispatcher 3] INFO  marytts.PStream Gradient GV optimization for feature: (24)  number of iterations=10
2025-12-02 18:43:34,741 [I/O dispatcher 3] INFO  marytts.PStream Gradient GV optimization for feature: (25)  number of iterations=11
2025-12-02 18:43:34,741 [I/O dispatcher 4] INFO  marytts.R 3 Next module: OpenNLPPosTagger
2025-12-02 18:43:34,741 [I/O dispatcher 3] INFO  marytts.PStream Gradient GV optimization for feature: (26)  number of iterations=12
2025-12-02 18:43:34,741 [I/O dispatcher 4] INFO  marytts.R 3 Next module: JPhonemiser
2025-12-02 18:43:34,743 [I/O dispatcher 3] INFO  marytts.PStream Gradient GV optimization for feature: (27)  number of iterations=14
2025-12-02 18:43:34,744 [I/O dispatcher 4] INFO  marytts.R 3 Next module: Prosody
2025-12-02 18:43:34,744 [I/O dispatcher 3] INFO  marytts.PStream Gradient GV optimization for feature: (28)  number of iterations=15
2025-12-02 18:43:34,745 [I/O dispatcher 3] INFO  marytts.PStream Gradient GV optimization for feature: (29)  number of iterations=16
2025-12-02 18:43:34,745 [I/O dispatcher 3] INFO  marytts.PStream Gradient GV optimization for feature: (30)  number of iterations=12
2025-12-02 18:43:34,745 [I/O dispatcher 4] INFO  marytts.R 3 Next module: PronunciationModel
2025-12-02 18:43:34,746 [I/O dispatcher 4] INFO  marytts.R 3 Next module: AcousticModeller
2025-12-02 18:43:34,747 [I/O dispatcher 3] INFO  marytts.PStream Gradient GV optimization for feature: (31)  number of iterations=13
2025-12-02 18:43:34,747 [I/O dispatcher 3] INFO  marytts.PStream Gradient GV optimization for feature: (32)  number of iterations=8
2025-12-02 18:43:34,748 [I/O dispatcher 3] INFO  marytts.PStream Gradient GV optimization for feature: (33)  number of iterations=8
2025-12-02 18:43:34,749 [I/O dispatcher 3] INFO  marytts.PStream Gradient GV optimization for feature: (34)  number of iterations=14
2025-12-02 18:43:34,749 [I/O dispatcher 3] INFO  marytts.ParameterGeneration Using f0 from maryXML acoustparams
2025-12-02 18:43:34,749 [I/O dispatcher 3] INFO  marytts.PStream Context-dependent global variance optimization: gvLength = 1526
2025-12-02 18:43:34,753 [I/O dispatcher 3] INFO  marytts.PStream Gradient GV optimization for feature: (0)  number of iterations=61
2025-12-02 18:43:34,753 [I/O dispatcher 3] INFO  marytts.PStream Gradient GV optimization for feature: (1)  number of iterations=6
2025-12-02 18:43:34,754 [I/O dispatcher 3] INFO  marytts.PStream Gradient GV optimization for feature: (2)  number of iterations=22
2025-12-02 18:43:34,755 [I/O dispatcher 3] INFO  marytts.PStream Gradient GV optimization for feature: (3)  number of iterations=4
2025-12-02 18:43:34,756 [I/O dispatcher 3] INFO  marytts.PStream Gradient GV optimization for feature: (4)  number of iterations=20
2025-12-02 18:43:34,757 [I/O dispatcher 3] INFO  marytts.R 2 Handling request using the following modules:
2025-12-02 18:43:34,757 [I/O dispatcher 3] INFO  marytts.R 2 - JTokeniser (marytts.language.en.JTokeniser)
2025-12-02 18:43:34,757 [I/O dispatcher 3] INFO  marytts.R 2 - Preprocess (marytts.language.en.Preprocess)
2025-12-02 18:43:34,757 [I/O dispatcher 3] INFO  marytts.R 2 - OpenNLPPosTagger (marytts.modules.OpenNLPPosTagger)
2025-12-02 18:43:34,757 [I/O dispatcher 3] INFO  marytts.R 2 - JPhonemiser (marytts.modules.JPhonemiser)
2025-12-02 18:43:34,757 [I/O dispatcher 3] INFO  marytts.R 2 - Prosody (marytts.language.en.Prosody)
2025-12-02 18:43:34,757 [I/O dispatcher 3] INFO  marytts.R 2 - PronunciationModel (marytts.language.en.PronunciationModel)
2025-12-02 18:43:34,757 [I/O dispatcher 3] INFO  marytts.R 2 - AcousticModeller (marytts.modules.AcousticModeller)
2025-12-02 18:43:34,757 [I/O dispatcher 3] INFO  marytts.R 2 - Synthesis (marytts.modules.Synthesis)
2025-12-02 18:43:34,757 [I/O dispatcher 3] INFO  marytts.R 2 Next module: JTokeniser
2025-12-02 18:43:34,757 [I/O dispatcher 3] INFO  marytts.R 2 Next module: Preprocess
2025-12-02 18:43:34,758 [I/O dispatcher 3] INFO  marytts.R 2 Next module: OpenNLPPosTagger
2025-12-02 18:43:34,759 [I/O dispatcher 3] INFO  marytts.R 2 Next module: JPhonemiser
2025-12-02 18:43:34,759 [I/O dispatcher 4] INFO  marytts.ParameterGeneration Parameter generation for LF0: 
2025-12-02 18:43:34,759 [I/O dispatcher 4] INFO  marytts.PStream Context-dependent global variance optimization: gvLength = 1400
2025-12-02 18:43:34,760 [I/O dispatcher 3] INFO  marytts.R 2 Next module: Prosody
2025-12-02 18:43:34,762 [I/O dispatcher 3] INFO  marytts.R 2 Next module: PronunciationModel
2025-12-02 18:43:34,762 [I/O dispatcher 3] INFO  marytts.R 2 Next module: AcousticModeller
2025-12-02 18:43:34,763 [I/O dispatcher 4] INFO  marytts.PStream Gradient GV optimization for feature: (0)  number of iterations=90
2025-12-02 18:43:34,767 [I/O dispatcher 4] INFO  marytts.R 3 Next module: Synthesis
2025-12-02 18:43:34,767 [I/O dispatcher 4] INFO  marytts.HMMSynthesizer Synthesizing one sentence.
2025-12-02 18:43:34,768 [I/O dispatcher 4] INFO  marytts.HTSEngine Using prosody from acoustparams.
2025-12-02 18:43:34,769 [I/O dispatcher 4] INFO  marytts.HTSEngine Number of models in sentence numModel=126  Total number of states numState=630
2025-12-02 18:43:34,769 [I/O dispatcher 4] INFO  marytts.HTSEngine Total number of frames=2254  Number of voiced frames=1401
2025-12-02 18:43:34,783 [I/O dispatcher 4] INFO  marytts.ParameterGeneration Parameter generation for MGC: 
2025-12-02 18:43:34,783 [I/O dispatcher 4] INFO  marytts.PStream Context-dependent global variance optimization: gvLength = 1936
2025-12-02 18:43:34,789 [I/O dispatcher 4] INFO  marytts.PStream Gradient GV optimization for feature: (0)  number of iterations=88
2025-12-02 18:43:34,789 [I/O dispatcher 3] INFO  marytts.ParameterGeneration Parameter generation for LF0: 
2025-12-02 18:43:34,789 [I/O dispatcher 3] INFO  marytts.PStream Context-dependent global variance optimization: gvLength = 1400
2025-12-02 18:43:34,790 [I/O dispatcher 4] INFO  marytts.PStream Gradient GV optimization for feature: (1)  number of iterations=2
2025-12-02 18:43:34,790 [I/O dispatcher 4] INFO  marytts.PStream Gradient GV optimization for feature: (2)  number of iterations=2
2025-12-02 18:43:34,792 [I/O dispatcher 4] INFO  marytts.PStream Gradient GV optimization for feature: (3)  number of iterations=23
2025-12-02 18:43:34,792 [I/O dispatcher 3] INFO  marytts.PStream Gradient GV optimization for feature: (0)  number of iterations=90
2025-12-02 18:43:34,793 [I/O dispatcher 4] INFO  marytts.PStream Gradient GV optimization for feature: (4)  number of iterations=7
2025-12-02 18:43:34,793 [I/O dispatcher 4] INFO  marytts.PStream Gradient GV optimization for feature: (5)  number of iterations=4
2025-12-02 18:43:34,794 [I/O dispatcher 4] INFO  marytts.PStream Gradient GV optimization for feature: (6)  number of iterations=2
2025-12-02 18:43:34,795 [I/O dispatcher 3] INFO  marytts.R 2 Next module: Synthesis
2025-12-02 18:43:34,795 [I/O dispatcher 3] INFO  marytts.HMMSynthesizer Synthesizing one sentence.
2025-12-02 18:43:34,795 [I/O dispatcher 4] INFO  marytts.PStream Gradient GV optimization for feature: (7)  number of iterations=21
2025-12-02 18:43:34,795 [I/O dispatcher 3] INFO  marytts.HTSEngine Using prosody from acoustparams.
2025-12-02 18:43:34,796 [I/O dispatcher 3] INFO  marytts.HTSEngine Number of models in sentence numModel=126  Total number of states numState=630
2025-12-02 18:43:34,796 [I/O dispatcher 3] INFO  marytts.HTSEngine Total number of frames=2254  Number of voiced frames=1401
2025-12-02 18:43:34,796 [I/O dispatcher 4] INFO  marytts.PStream Gradient GV optimization for feature: (8)  number of iterations=20
2025-12-02 18:43:34,798 [I/O dispatcher 4] INFO  marytts.PStream Gradient GV optimization for feature: (9)  number of iterations=19
2025-12-02 18:43:34,798 [I/O dispatcher 3] INFO  marytts.ParameterGeneration Parameter generation for MGC: 
2025-12-02 18:43:34,798 [I/O dispatcher 3] INFO  marytts.PStream Context-dependent global variance optimization: gvLength = 1936
2025-12-02 18:43:34,799 [I/O dispatcher 4] INFO  marytts.PStream Gradient GV optimization for feature: (10)  number of iterations=20
2025-12-02 18:43:34,800 [I/O dispatcher 4] INFO  marytts.PStream Gradient GV optimization for feature: (11)  number of iterations=18
2025-12-02 18:43:34,801 [I/O dispatcher 4] INFO  marytts.PStream Gradient GV optimization for feature: (12)  number of iterations=17
2025-12-02 18:43:34,803 [I/O dispatcher 4] INFO  marytts.PStream Gradient GV optimization for feature: (13)  number of iterations=19
2025-12-02 18:43:34,804 [I/O dispatcher 3] INFO  marytts.PStream Gradient GV optimization for feature: (0)  number of iterations=88
2025-12-02 18:43:34,805 [I/O dispatcher 3] INFO  marytts.PStream Gradient GV optimization for feature: (1)  number of iterations=2
2025-12-02 18:43:34,805 [I/O dispatcher 4] INFO  marytts.PStream Gradient GV optimization for feature: (14)  number of iterations=19
2025-12-02 18:43:34,805 [I/O dispatcher 3] INFO  marytts.PStream Gradient GV optimization for feature: (2)  number of iterations=2
2025-12-02 18:43:34,805 [I/O dispatcher 4] INFO  marytts.PStream Gradient GV optimization for feature: (15)  number of iterations=23
2025-12-02 18:43:34,806 [I/O dispatcher 3] INFO  marytts.PStream Gradient GV optimization for feature: (3)  number of iterations=23
2025-12-02 18:43:34,806 [I/O dispatcher 3] INFO  marytts.PStream Gradient GV optimization for feature: (4)  number of iterations=7
2025-12-02 18:43:34,807 [I/O dispatcher 4] INFO  marytts.PStream Gradient GV optimization for feature: (16)  number of iterations=19
2025-12-02 18:43:34,807 [I/O dispatcher 3] INFO  marytts.PStream Gradient GV optimization for feature: (5)  number of iterations=4
2025-12-02 18:43:34,808 [I/O dispatcher 3] INFO  marytts.PStream Gradient GV optimization for feature: (6)  number of iterations=2
2025-12-02 18:43:34,809 [I/O dispatcher 4] INFO  marytts.PStream Gradient GV optimization for feature: (17)  number of iterations=23
2025-12-02 18:43:34,809 [I/O dispatcher 3] INFO  marytts.PStream Gradient GV optimization for feature: (7)  number of iterations=21
2025-12-02 18:43:34,810 [I/O dispatcher 4] INFO  marytts.PStream Gradient GV optimization for feature: (18)  number of iterations=17
2025-12-02 18:43:34,811 [I/O dispatcher 3] INFO  marytts.PStream Gradient GV optimization for feature: (8)  number of iterations=20
2025-12-02 18:43:34,811 [I/O dispatcher 4] INFO  marytts.PStream Gradient GV optimization for feature: (19)  number of iterations=14
2025-12-02 18:43:34,811 [I/O dispatcher 3] INFO  marytts.PStream Gradient GV optimization for feature: (9)  number of iterations=19
2025-12-02 18:43:34,811 [I/O dispatcher 4] INFO  marytts.PStream Gradient GV optimization for feature: (20)  number of iterations=16
2025-12-02 18:43:34,813 [I/O dispatcher 4] INFO  marytts.PStream Gradient GV optimization for feature: (21)  number of iterations=16
2025-12-02 18:43:34,813 [I/O dispatcher 3] INFO  marytts.PStream Gradient GV optimization for feature: (10)  number of iterations=20
2025-12-02 18:43:34,814 [I/O dispatcher 4] INFO  marytts.PStream Gradient GV optimization for feature: (22)  number of iterations=20
2025-12-02 18:43:34,814 [I/O dispatcher 3] INFO  marytts.PStream Gradient GV optimization for feature: (11)  number of iterations=18
2025-12-02 18:43:34,815 [I/O dispatcher 4] INFO  marytts.PStream Gradient GV optimization for feature: (23)  number of iterations=16
2025-12-02 18:43:34,815 [I/O dispatcher 3] INFO  marytts.PStream Gradient GV optimization for feature: (12)  number of iterations=17
2025-12-02 18:43:34,815 [I/O dispatcher 4] INFO  marytts.PStream Gradient GV optimization for feature: (24)  number of iterations=10
2025-12-02 18:43:34,816 [I/O dispatcher 3] INFO  marytts.PStream Gradient GV optimization for feature: (13)  number of iterations=19
2025-12-02 18:43:34,816 [I/O dispatcher 4] INFO  marytts.PStream Gradient GV optimization for feature: (25)  number of iterations=12
2025-12-02 18:43:34,817 [I/O dispatcher 4] INFO  marytts.PStream Gradient GV optimization for feature: (26)  number of iterations=12
2025-12-02 18:43:34,817 [I/O dispatcher 3] INFO  marytts.PStream Gradient GV optimization for feature: (14)  number of iterations=19
2025-12-02 18:43:34,818 [I/O dispatcher 4] INFO  marytts.PStream Gradient GV optimization for feature: (27)  number of iterations=13
2025-12-02 18:43:34,819 [I/O dispatcher 3] INFO  marytts.PStream Gradient GV optimization for feature: (15)  number of iterations=23
2025-12-02 18:43:34,820 [I/O dispatcher 4] INFO  marytts.PStream Gradient GV optimization for feature: (28)  number of iterations=27
2025-12-02 18:43:34,820 [I/O dispatcher 3] INFO  marytts.PStream Gradient GV optimization for feature: (16)  number of iterations=19
2025-12-02 18:43:34,821 [I/O dispatcher 4] INFO  marytts.PStream Gradient GV optimization for feature: (29)  number of iterations=15
2025-12-02 18:43:34,821 [I/O dispatcher 3] INFO  marytts.PStream Gradient GV optimization for feature: (17)  number of iterations=23
2025-12-02 18:43:34,823 [I/O dispatcher 4] INFO  marytts.PStream Gradient GV optimization for feature: (30)  number of iterations=12
2025-12-02 18:43:34,824 [I/O dispatcher 3] INFO  marytts.PStream Gradient GV optimization for feature: (18)  number of iterations=17
2025-12-02 18:43:34,824 [I/O dispatcher 4] INFO  marytts.PStream Gradient GV optimization for feature: (31)  number of iterations=13
2025-12-02 18:43:34,824 [I/O dispatcher 4] INFO  marytts.PStream Gradient GV optimization for feature: (32)  number of iterations=8
2025-12-02 18:43:34,825 [I/O dispatcher 3] INFO  marytts.PStream Gradient GV optimization for feature: (19)  number of iterations=14
2025-12-02 18:43:34,826 [I/O dispatcher 4] INFO  marytts.PStream Gradient GV optimization for feature: (33)  number of iterations=8
2025-12-02 18:43:34,826 [I/O dispatcher 3] INFO  marytts.PStream Gradient GV optimization for feature: (20)  number of iterations=16
2025-12-02 18:43:34,827 [I/O dispatcher 3] INFO  marytts.PStream Gradient GV optimization for feature: (21)  number of iterations=16
2025-12-02 18:43:34,827 [I/O dispatcher 4] INFO  marytts.PStream Gradient GV optimization for feature: (34)  number of iterations=22
2025-12-02 18:43:34,827 [I/O dispatcher 4] INFO  marytts.ParameterGeneration Using f0 from maryXML acoustparams
2025-12-02 18:43:34,828 [I/O dispatcher 4] INFO  marytts.PStream Context-dependent global variance optimization: gvLength = 1936
2025-12-02 18:43:34,828 [I/O dispatcher 3] INFO  marytts.PStream Gradient GV optimization for feature: (22)  number of iterations=20
2025-12-02 18:43:34,829 [I/O dispatcher 3] INFO  marytts.PStream Gradient GV optimization for feature: (23)  number of iterations=16
2025-12-02 18:43:34,830 [I/O dispatcher 4] INFO  marytts.PStream Gradient GV optimization for feature: (0)  number of iterations=29
2025-12-02 18:43:34,830 [I/O dispatcher 3] INFO  marytts.PStream Gradient GV optimization for feature: (24)  number of iterations=10
2025-12-02 18:43:34,830 [I/O dispatcher 4] INFO  marytts.PStream Gradient GV optimization for feature: (1)  number of iterations=2
2025-12-02 18:43:34,831 [I/O dispatcher 3] INFO  marytts.PStream Gradient GV optimization for feature: (25)  number of iterations=12
2025-12-02 18:43:34,831 [I/O dispatcher 3] INFO  marytts.PStream Gradient GV optimization for feature: (26)  number of iterations=12
2025-12-02 18:43:34,832 [I/O dispatcher 4] INFO  marytts.PStream Gradient GV optimization for feature: (2)  number of iterations=18
2025-12-02 18:43:34,833 [I/O dispatcher 3] INFO  marytts.PStream Gradient GV optimization for feature: (27)  number of iterations=13
2025-12-02 18:43:34,833 [I/O dispatcher 4] INFO  marytts.PStream Gradient GV optimization for feature: (3)  number of iterations=4
2025-12-02 18:43:34,833 [I/O dispatcher 4] INFO  marytts.PStream Gradient GV optimization for feature: (4)  number of iterations=5
2025-12-02 18:43:34,834 [I/O dispatcher 4] INFO  marytts.R 3 Request processed in 620 ms.
2025-12-02 18:43:34,834 [I/O dispatcher 4] INFO  marytts.R 3    TextToMaryXML took 0 ms
2025-12-02 18:43:34,834 [I/O dispatcher 4] INFO  marytts.R 3    JTokeniser took 2 ms
2025-12-02 18:43:34,834 [I/O dispatcher 4] INFO  marytts.R 3    Preprocess took 9 ms
2025-12-02 18:43:34,834 [I/O dispatcher 4] INFO  marytts.R 3    OpenNLPPosTagger took 8 ms
2025-12-02 18:43:34,834 [I/O dispatcher 4] INFO  marytts.R 3    JPhonemiser took 10 ms
2025-12-02 18:43:34,834 [I/O dispatcher 4] INFO  marytts.R 3    Prosody took 12 ms
2025-12-02 18:43:34,834 [I/O dispatcher 4] INFO  marytts.R 3    PronunciationModel took 3 ms
2025-12-02 18:43:34,834 [I/O dispatcher 4] INFO  marytts.R 3    AcousticModeller took 138 ms
2025-12-02 18:43:34,834 [I/O dispatcher 4] INFO  marytts.R 3    Synthesis took 436 ms
2025-12-02 18:43:34,840 [I/O dispatcher 3] INFO  marytts.PStream Gradient GV optimization for feature: (28)  number of iterations=27
2025-12-02 18:43:34,843 [I/O dispatcher 3] INFO  marytts.PStream Gradient GV optimization for feature: (29)  number of iterations=15
2025-12-02 18:43:34,844 [I/O dispatcher 3] INFO  marytts.PStream Gradient GV optimization for feature: (30)  number of iterations=12
2025-12-02 18:43:34,845 [I/O dispatcher 3] INFO  marytts.PStream Gradient GV optimization for feature: (31)  number of iterations=13
2025-12-02 18:43:34,846 [I/O dispatcher 3] INFO  marytts.PStream Gradient GV optimization for feature: (32)  number of iterations=8
2025-12-02 18:43:34,847 [I/O dispatcher 3] INFO  marytts.PStream Gradient GV optimization for feature: (33)  number of iterations=8
2025-12-02 18:43:34,848 [I/O dispatcher 3] INFO  marytts.PStream Gradient GV optimization for feature: (34)  number of iterations=22
2025-12-02 18:43:34,848 [I/O dispatcher 3] INFO  marytts.ParameterGeneration Using f0 from maryXML acoustparams
2025-12-02 18:43:34,849 [I/O dispatcher 3] INFO  marytts.PStream Context-dependent global variance optimization: gvLength = 1936
2025-12-02 18:43:34,851 [I/O dispatcher 3] INFO  marytts.PStream Gradient GV optimization for feature: (0)  number of iterations=29
2025-12-02 18:43:34,851 [I/O dispatcher 3] INFO  marytts.PStream Gradient GV optimization for feature: (1)  number of iterations=2
2025-12-02 18:43:34,853 [I/O dispatcher 3] INFO  marytts.PStream Gradient GV optimization for feature: (2)  number of iterations=18
2025-12-02 18:43:34,854 [I/O dispatcher 3] INFO  marytts.PStream Gradient GV optimization for feature: (3)  number of iterations=4
2025-12-02 18:43:34,854 [I/O dispatcher 3] INFO  marytts.PStream Gradient GV optimization for feature: (4)  number of iterations=5
2025-12-02 18:43:34,855 [I/O dispatcher 3] INFO  marytts.R 2 Request processed in 656 ms.
2025-12-02 18:43:34,855 [I/O dispatcher 3] INFO  marytts.R 2    TextToMaryXML took 0 ms
2025-12-02 18:43:34,855 [I/O dispatcher 3] INFO  marytts.R 2    JTokeniser took 4 ms
2025-12-02 18:43:34,855 [I/O dispatcher 3] INFO  marytts.R 2    Preprocess took 9 ms
2025-12-02 18:43:34,855 [I/O dispatcher 3] INFO  marytts.R 2    OpenNLPPosTagger took 8 ms
2025-12-02 18:43:34,855 [I/O dispatcher 3] INFO  marytts.R 2    JPhonemiser took 9 ms
2025-12-02 18:43:34,855 [I/O dispatcher 3] INFO  marytts.R 2    Prosody took 13 ms
2025-12-02 18:43:34,855 [I/O dispatcher 3] INFO  marytts.R 2    PronunciationModel took 3 ms
2025-12-02 18:43:34,855 [I/O dispatcher 3] INFO  marytts.R 2    AcousticModeller took 154 ms
2025-12-02 18:43:34,855 [I/O dispatcher 3] INFO  marytts.R 2    Synthesis took 453 ms
2025-12-02 18:43:41,333 [I/O dispatcher 3] INFO  marytts.server Request handled successfully.
2025-12-02 18:43:41,343 [I/O dispatcher 4] INFO  marytts.server Request handled successfully.
2025-12-02 18:43:46,385 [I/O dispatcher 4] INFO  marytts.server Connection closed: [closed]
2025-12-02 18:43:51,392 [I/O dispatcher 3] INFO  marytts.server Connection closed: [closed]
2025-12-02 18:47:19,036 [I/O dispatcher 5] INFO  marytts.server Connection from null
2025-12-02 18:47:19,036 [I/O dispatcher 5] INFO  marytts.R 4 New request (input type "TEXT", output type "AUDIO", voice "cmu-slt-hsmm", effect "", audio "WAVE")
2025-12-02 18:47:19,036 [I/O dispatcher 5] INFO  marytts.server Read: This is a cover letter from Tarek Ben Abdeljelil applying for the Hospital Director position. He highlights his 20+ years of healthcare administration experience and his success in improving patient wait times and satisfaction scores as an Operations Manager. He emphasizes his skills in project management, optimizing systems, and collaborating with teams. He is drawn to the hospital's values of compassion, innovation, and excellence, and is particularly interested in contributing to data-driven strategies for patient care. He hopes to discuss how his experience and vision align with the hospital's strategic goals.

2025-12-02 18:47:19,036 [I/O dispatcher 5] INFO  marytts.R 4 Handling request using the following modules:
2025-12-02 18:47:19,038 [I/O dispatcher 5] INFO  marytts.R 4 - TextToMaryXML (marytts.modules.TextToMaryXML)
2025-12-02 18:47:19,038 [I/O dispatcher 5] INFO  marytts.R 4 Next module: TextToMaryXML
2025-12-02 18:47:19,038 [I/O dispatcher 5] INFO  marytts.R 4 Handling request using the following modules:
2025-12-02 18:47:19,038 [I/O dispatcher 5] INFO  marytts.R 4 - JTokeniser (marytts.language.en.JTokeniser)
2025-12-02 18:47:19,038 [I/O dispatcher 5] INFO  marytts.R 4 - Preprocess (marytts.language.en.Preprocess)
2025-12-02 18:47:19,038 [I/O dispatcher 5] INFO  marytts.R 4 - OpenNLPPosTagger (marytts.modules.OpenNLPPosTagger)
2025-12-02 18:47:19,038 [I/O dispatcher 5] INFO  marytts.R 4 - JPhonemiser (marytts.modules.JPhonemiser)
2025-12-02 18:47:19,038 [I/O dispatcher 5] INFO  marytts.R 4 - Prosody (marytts.language.en.Prosody)
2025-12-02 18:47:19,038 [I/O dispatcher 5] INFO  marytts.R 4 - PronunciationModel (marytts.language.en.PronunciationModel)
2025-12-02 18:47:19,038 [I/O dispatcher 5] INFO  marytts.R 4 - AcousticModeller (marytts.modules.AcousticModeller)
2025-12-02 18:47:19,038 [I/O dispatcher 5] INFO  marytts.R 4 - Synthesis (marytts.modules.Synthesis)
2025-12-02 18:47:19,038 [I/O dispatcher 5] INFO  marytts.R 4 Next module: JTokeniser
2025-12-02 18:47:19,039 [I/O dispatcher 5] INFO  marytts.R 4 Next module: Preprocess
2025-12-02 18:47:19,045 [I/O dispatcher 5] INFO  marytts.R 4 Next module: OpenNLPPosTagger
2025-12-02 18:47:19,047 [I/O dispatcher 5] INFO  marytts.R 4 Next module: JPhonemiser
2025-12-02 18:47:19,050 [I/O dispatcher 5] INFO  marytts.R 4 Next module: Prosody
2025-12-02 18:47:19,053 [I/O dispatcher 5] INFO  marytts.R 4 Next module: PronunciationModel
2025-12-02 18:47:19,054 [I/O dispatcher 5] INFO  marytts.R 4 Next module: AcousticModeller
2025-12-02 18:47:19,113 [I/O dispatcher 5] INFO  marytts.ParameterGeneration Parameter generation for LF0: 
2025-12-02 18:47:19,113 [I/O dispatcher 5] INFO  marytts.PStream Context-dependent global variance optimization: gvLength = 4722
2025-12-02 18:47:19,116 [I/O dispatcher 5] INFO  marytts.PStream Gradient GV optimization for feature: (0)  number of iterations=24
2025-12-02 18:47:19,130 [I/O dispatcher 5] INFO  marytts.R 4 Next module: Synthesis
2025-12-02 18:47:19,130 [I/O dispatcher 5] INFO  marytts.HMMSynthesizer Synthesizing one sentence.
2025-12-02 18:47:19,130 [I/O dispatcher 5] INFO  marytts.HTSEngine Using prosody from acoustparams.
2025-12-02 18:47:19,131 [I/O dispatcher 5] INFO  marytts.HTSEngine Number of models in sentence numModel=69  Total number of states numState=345
2025-12-02 18:47:19,131 [I/O dispatcher 5] INFO  marytts.HTSEngine Total number of frames=1105  Number of voiced frames=731
2025-12-02 18:47:19,134 [I/O dispatcher 5] INFO  marytts.ParameterGeneration Parameter generation for MGC: 
2025-12-02 18:47:19,134 [I/O dispatcher 5] INFO  marytts.PStream Context-dependent global variance optimization: gvLength = 1026
2025-12-02 18:47:19,136 [I/O dispatcher 5] INFO  marytts.PStream Gradient GV optimization for feature: (0)  number of iterations=45
2025-12-02 18:47:19,137 [I/O dispatcher 5] INFO  marytts.PStream Gradient GV optimization for feature: (1)  number of iterations=24
2025-12-02 18:47:19,137 [I/O dispatcher 5] INFO  marytts.PStream Gradient GV optimization for feature: (2)  number of iterations=24
2025-12-02 18:47:19,138 [I/O dispatcher 5] INFO  marytts.PStream Gradient GV optimization for feature: (3)  number of iterations=2
2025-12-02 18:47:19,139 [I/O dispatcher 5] INFO  marytts.PStream Gradient GV optimization for feature: (4)  number of iterations=22
2025-12-02 18:47:19,140 [I/O dispatcher 5] INFO  marytts.PStream Gradient GV optimization for feature: (5)  number of iterations=31
2025-12-02 18:47:19,140 [I/O dispatcher 5] INFO  marytts.PStream Gradient GV optimization for feature: (6)  number of iterations=2
2025-12-02 18:47:19,141 [I/O dispatcher 5] INFO  marytts.PStream Gradient GV optimization for feature: (7)  number of iterations=21
2025-12-02 18:47:19,141 [I/O dispatcher 5] INFO  marytts.PStream Gradient GV optimization for feature: (8)  number of iterations=20
2025-12-02 18:47:19,142 [I/O dispatcher 5] INFO  marytts.PStream Gradient GV optimization for feature: (9)  number of iterations=25
2025-12-02 18:47:19,143 [I/O dispatcher 5] INFO  marytts.PStream Gradient GV optimization for feature: (10)  number of iterations=17
2025-12-02 18:47:19,143 [I/O dispatcher 5] INFO  marytts.PStream Gradient GV optimization for feature: (11)  number of iterations=18
2025-12-02 18:47:19,144 [I/O dispatcher 5] INFO  marytts.PStream Gradient GV optimization for feature: (12)  number of iterations=4
2025-12-02 18:47:19,145 [I/O dispatcher 5] INFO  marytts.PStream Gradient GV optimization for feature: (13)  number of iterations=21
2025-12-02 18:47:19,145 [I/O dispatcher 5] INFO  marytts.PStream Gradient GV optimization for feature: (14)  number of iterations=19
2025-12-02 18:47:19,146 [I/O dispatcher 5] INFO  marytts.PStream Gradient GV optimization for feature: (15)  number of iterations=16
2025-12-02 18:47:19,146 [I/O dispatcher 5] INFO  marytts.PStream Gradient GV optimization for feature: (16)  number of iterations=20
2025-12-02 18:47:19,147 [I/O dispatcher 5] INFO  marytts.PStream Gradient GV optimization for feature: (17)  number of iterations=32
2025-12-02 18:47:19,147 [I/O dispatcher 5] INFO  marytts.PStream Gradient GV optimization for feature: (18)  number of iterations=17
2025-12-02 18:47:19,148 [I/O dispatcher 5] INFO  marytts.PStream Gradient GV optimization for feature: (19)  number of iterations=36
2025-12-02 18:47:19,149 [I/O dispatcher 5] INFO  marytts.PStream Gradient GV optimization for feature: (20)  number of iterations=14
2025-12-02 18:47:19,150 [I/O dispatcher 5] INFO  marytts.PStream Gradient GV optimization for feature: (21)  number of iterations=18
2025-12-02 18:47:19,150 [I/O dispatcher 5] INFO  marytts.PStream Gradient GV optimization for feature: (22)  number of iterations=19
2025-12-02 18:47:19,151 [I/O dispatcher 5] INFO  marytts.PStream Gradient GV optimization for feature: (23)  number of iterations=15
2025-12-02 18:47:19,152 [I/O dispatcher 5] INFO  marytts.PStream Gradient GV optimization for feature: (24)  number of iterations=16
2025-12-02 18:47:19,152 [I/O dispatcher 5] INFO  marytts.PStream Gradient GV optimization for feature: (25)  number of iterations=12
2025-12-02 18:47:19,153 [I/O dispatcher 5] INFO  marytts.PStream Gradient GV optimization for feature: (26)  number of iterations=14
2025-12-02 18:47:19,153 [I/O dispatcher 5] INFO  marytts.PStream Gradient GV optimization for feature: (27)  number of iterations=13
2025-12-02 18:47:19,154 [I/O dispatcher 5] INFO  marytts.PStream Gradient GV optimization for feature: (28)  number of iterations=16
2025-12-02 18:47:19,155 [I/O dispatcher 5] INFO  marytts.PStream Gradient GV optimization for feature: (29)  number of iterations=17
2025-12-02 18:47:19,155 [I/O dispatcher 5] INFO  marytts.PStream Gradient GV optimization for feature: (30)  number of iterations=13
2025-12-02 18:47:19,156 [I/O dispatcher 5] INFO  marytts.PStream Gradient GV optimization for feature: (31)  number of iterations=13
2025-12-02 18:47:19,157 [I/O dispatcher 5] INFO  marytts.PStream Gradient GV optimization for feature: (32)  number of iterations=10
2025-12-02 18:47:19,157 [I/O dispatcher 5] INFO  marytts.PStream Gradient GV optimization for feature: (33)  number of iterations=14
2025-12-02 18:47:19,159 [I/O dispatcher 5] INFO  marytts.PStream Gradient GV optimization for feature: (34)  number of iterations=42
2025-12-02 18:47:19,159 [I/O dispatcher 5] INFO  marytts.ParameterGeneration Using f0 from maryXML acoustparams
2025-12-02 18:47:19,159 [I/O dispatcher 5] INFO  marytts.PStream Context-dependent global variance optimization: gvLength = 1026
2025-12-02 18:47:19,160 [I/O dispatcher 5] INFO  marytts.PStream Gradient GV optimization for feature: (0)  number of iterations=20
2025-12-02 18:47:19,161 [I/O dispatcher 5] INFO  marytts.PStream Gradient GV optimization for feature: (1)  number of iterations=21
2025-12-02 18:47:19,161 [I/O dispatcher 5] INFO  marytts.PStream Gradient GV optimization for feature: (2)  number of iterations=3
2025-12-02 18:47:19,162 [I/O dispatcher 5] INFO  marytts.PStream Gradient GV optimization for feature: (3)  number of iterations=12
2025-12-02 18:47:19,162 [I/O dispatcher 5] INFO  marytts.PStream Gradient GV optimization for feature: (4)  number of iterations=2
2025-12-02 18:47:19,162 [I/O dispatcher 5] INFO  marytts.HMMSynthesizer Synthesizing one sentence.
2025-12-02 18:47:19,165 [I/O dispatcher 5] INFO  marytts.HTSEngine Using prosody from acoustparams.
2025-12-02 18:47:19,165 [I/O dispatcher 5] INFO  marytts.HTSEngine Number of models in sentence numModel=130  Total number of states numState=650
2025-12-02 18:47:19,165 [I/O dispatcher 5] INFO  marytts.HTSEngine Total number of frames=2071  Number of voiced frames=1261
2025-12-02 18:47:19,169 [I/O dispatcher 5] INFO  marytts.ParameterGeneration Parameter generation for MGC: 
2025-12-02 18:47:19,169 [I/O dispatcher 5] INFO  marytts.PStream Context-dependent global variance optimization: gvLength = 1992
2025-12-02 18:47:19,171 [I/O dispatcher 5] INFO  marytts.PStream Gradient GV optimization for feature: (0)  number of iterations=65
2025-12-02 18:47:19,172 [I/O dispatcher 5] INFO  marytts.PStream Gradient GV optimization for feature: (1)  number of iterations=2
2025-12-02 18:47:19,172 [I/O dispatcher 5] INFO  marytts.PStream Gradient GV optimization for feature: (2)  number of iterations=2
2025-12-02 18:47:19,172 [I/O dispatcher 5] INFO  marytts.PStream Gradient GV optimization for feature: (3)  number of iterations=4
2025-12-02 18:47:19,173 [I/O dispatcher 5] INFO  marytts.PStream Gradient GV optimization for feature: (4)  number of iterations=5
2025-12-02 18:47:19,173 [I/O dispatcher 5] INFO  marytts.PStream Gradient GV optimization for feature: (5)  number of iterations=4
2025-12-02 18:47:19,174 [I/O dispatcher 5] INFO  marytts.PStream Gradient GV optimization for feature: (6)  number of iterations=23
2025-12-02 18:47:19,175 [I/O dispatcher 5] INFO  marytts.PStream Gradient GV optimization for feature: (7)  number of iterations=23
2025-12-02 18:47:19,176 [I/O dispatcher 5] INFO  marytts.PStream Gradient GV optimization for feature: (8)  number of iterations=20
2025-12-02 18:47:19,177 [I/O dispatcher 5] INFO  marytts.PStream Gradient GV optimization for feature: (9)  number of iterations=20
2025-12-02 18:47:19,177 [I/O dispatcher 5] INFO  marytts.PStream Gradient GV optimization for feature: (10)  number of iterations=19
2025-12-02 18:47:19,178 [I/O dispatcher 5] INFO  marytts.PStream Gradient GV optimization for feature: (11)  number of iterations=19
2025-12-02 18:47:19,179 [I/O dispatcher 5] INFO  marytts.PStream Gradient GV optimization for feature: (12)  number of iterations=17
2025-12-02 18:47:19,180 [I/O dispatcher 5] INFO  marytts.PStream Gradient GV optimization for feature: (13)  number of iterations=25
2025-12-02 18:47:19,181 [I/O dispatcher 5] INFO  marytts.PStream Gradient GV optimization for feature: (14)  number of iterations=21
2025-12-02 18:47:19,181 [I/O dispatcher 5] INFO  marytts.PStream Gradient GV optimization for feature: (15)  number of iterations=17
2025-12-02 18:47:19,183 [I/O dispatcher 5] INFO  marytts.PStream Gradient GV optimization for feature: (16)  number of iterations=20
2025-12-02 18:47:19,184 [I/O dispatcher 5] INFO  marytts.PStream Gradient GV optimization for feature: (17)  number of iterations=24
2025-12-02 18:47:19,185 [I/O dispatcher 5] INFO  marytts.PStream Gradient GV optimization for feature: (18)  number of iterations=17
2025-12-02 18:47:19,185 [I/O dispatcher 5] INFO  marytts.PStream Gradient GV optimization for feature: (19)  number of iterations=15
2025-12-02 18:47:19,186 [I/O dispatcher 5] INFO  marytts.PStream Gradient GV optimization for feature: (20)  number of iterations=15
2025-12-02 18:47:19,186 [I/O dispatcher 5] INFO  marytts.PStream Gradient GV optimization for feature: (21)  number of iterations=15
2025-12-02 18:47:19,191 [I/O dispatcher 5] INFO  marytts.PStream Gradient GV optimization for feature: (22)  number of iterations=20
2025-12-02 18:47:19,192 [I/O dispatcher 5] INFO  marytts.PStream Gradient GV optimization for feature: (23)  number of iterations=15
2025-12-02 18:47:19,192 [I/O dispatcher 5] INFO  marytts.PStream Gradient GV optimization for feature: (24)  number of iterations=10
2025-12-02 18:47:19,194 [I/O dispatcher 5] INFO  marytts.PStream Gradient GV optimization for feature: (25)  number of iterations=12
2025-12-02 18:47:19,194 [I/O dispatcher 5] INFO  marytts.PStream Gradient GV optimization for feature: (26)  number of iterations=11
2025-12-02 18:47:19,195 [I/O dispatcher 5] INFO  marytts.PStream Gradient GV optimization for feature: (27)  number of iterations=13
2025-12-02 18:47:19,196 [I/O dispatcher 5] INFO  marytts.PStream Gradient GV optimization for feature: (28)  number of iterations=20
2025-12-02 18:47:19,196 [I/O dispatcher 5] INFO  marytts.PStream Gradient GV optimization for feature: (29)  number of iterations=14
2025-12-02 18:47:19,197 [I/O dispatcher 5] INFO  marytts.PStream Gradient GV optimization for feature: (30)  number of iterations=12
2025-12-02 18:47:19,197 [I/O dispatcher 5] INFO  marytts.PStream Gradient GV optimization for feature: (31)  number of iterations=12
2025-12-02 18:47:19,198 [I/O dispatcher 5] INFO  marytts.PStream Gradient GV optimization for feature: (32)  number of iterations=3
2025-12-02 18:47:19,198 [I/O dispatcher 5] INFO  marytts.PStream Gradient GV optimization for feature: (33)  number of iterations=16
2025-12-02 18:47:19,199 [I/O dispatcher 5] INFO  marytts.PStream Gradient GV optimization for feature: (34)  number of iterations=14
2025-12-02 18:47:19,199 [I/O dispatcher 5] INFO  marytts.ParameterGeneration Using f0 from maryXML acoustparams
2025-12-02 18:47:19,200 [I/O dispatcher 5] INFO  marytts.PStream Context-dependent global variance optimization: gvLength = 1992
2025-12-02 18:47:19,201 [I/O dispatcher 5] INFO  marytts.PStream Gradient GV optimization for feature: (0)  number of iterations=47
2025-12-02 18:47:19,203 [I/O dispatcher 5] INFO  marytts.PStream Gradient GV optimization for feature: (1)  number of iterations=9
2025-12-02 18:47:19,204 [I/O dispatcher 5] INFO  marytts.PStream Gradient GV optimization for feature: (2)  number of iterations=22
2025-12-02 18:47:19,205 [I/O dispatcher 5] INFO  marytts.PStream Gradient GV optimization for feature: (3)  number of iterations=4
2025-12-02 18:47:19,205 [I/O dispatcher 5] INFO  marytts.PStream Gradient GV optimization for feature: (4)  number of iterations=5
2025-12-02 18:47:19,206 [I/O dispatcher 5] INFO  marytts.HMMSynthesizer Synthesizing one sentence.
2025-12-02 18:47:19,207 [I/O dispatcher 5] INFO  marytts.HTSEngine Using prosody from acoustparams.
2025-12-02 18:47:19,207 [I/O dispatcher 5] INFO  marytts.HTSEngine Number of models in sentence numModel=76  Total number of states numState=380
2025-12-02 18:47:19,207 [I/O dispatcher 5] INFO  marytts.HTSEngine Total number of frames=1414  Number of voiced frames=780
2025-12-02 18:47:19,210 [I/O dispatcher 5] INFO  marytts.ParameterGeneration Parameter generation for MGC: 
2025-12-02 18:47:19,210 [I/O dispatcher 5] INFO  marytts.PStream Context-dependent global variance optimization: gvLength = 1175
2025-12-02 18:47:19,211 [I/O dispatcher 5] INFO  marytts.PStream Gradient GV optimization for feature: (0)  number of iterations=31
2025-12-02 18:47:19,212 [I/O dispatcher 5] INFO  marytts.PStream Gradient GV optimization for feature: (1)  number of iterations=23
2025-12-02 18:47:19,213 [I/O dispatcher 5] INFO  marytts.PStream Gradient GV optimization for feature: (2)  number of iterations=7
2025-12-02 18:47:19,213 [I/O dispatcher 5] INFO  marytts.PStream Gradient GV optimization for feature: (3)  number of iterations=2
2025-12-02 18:47:19,214 [I/O dispatcher 5] INFO  marytts.PStream Gradient GV optimization for feature: (4)  number of iterations=2
2025-12-02 18:47:19,214 [I/O dispatcher 5] INFO  marytts.PStream Gradient GV optimization for feature: (5)  number of iterations=3
2025-12-02 18:47:19,215 [I/O dispatcher 5] INFO  marytts.PStream Gradient GV optimization for feature: (6)  number of iterations=5
2025-12-02 18:47:19,215 [I/O dispatcher 5] INFO  marytts.PStream Gradient GV optimization for feature: (7)  number of iterations=21
2025-12-02 18:47:19,217 [I/O dispatcher 5] INFO  marytts.PStream Gradient GV optimization for feature: (8)  number of iterations=23
2025-12-02 18:47:19,217 [I/O dispatcher 5] INFO  marytts.PStream Gradient GV optimization for feature: (9)  number of iterations=18
2025-12-02 18:47:19,218 [I/O dispatcher 5] INFO  marytts.PStream Gradient GV optimization for feature: (10)  number of iterations=17
2025-12-02 18:47:19,219 [I/O dispatcher 5] INFO  marytts.PStream Gradient GV optimization for feature: (11)  number of iterations=17
2025-12-02 18:47:19,220 [I/O dispatcher 5] INFO  marytts.PStream Gradient GV optimization for feature: (12)  number of iterations=17
2025-12-02 18:47:19,221 [I/O dispatcher 5] INFO  marytts.PStream Gradient GV optimization for feature: (13)  number of iterations=25
2025-12-02 18:47:19,222 [I/O dispatcher 5] INFO  marytts.PStream Gradient GV optimization for feature: (14)  number of iterations=18
2025-12-02 18:47:19,223 [I/O dispatcher 5] INFO  marytts.PStream Gradient GV optimization for feature: (15)  number of iterations=14
2025-12-02 18:47:19,224 [I/O dispatcher 5] INFO  marytts.PStream Gradient GV optimization for feature: (16)  number of iterations=24
2025-12-02 18:47:19,224 [I/O dispatcher 5] INFO  marytts.PStream Gradient GV optimization for feature: (17)  number of iterations=18
2025-12-02 18:47:19,224 [I/O dispatcher 5] INFO  marytts.PStream Gradient GV optimization for feature: (18)  number of iterations=17
2025-12-02 18:47:19,225 [I/O dispatcher 5] INFO  marytts.PStream Gradient GV optimization for feature: (19)  number of iterations=12
2025-12-02 18:47:19,225 [I/O dispatcher 5] INFO  marytts.PStream Gradient GV optimization for feature: (20)  number of iterations=14
2025-12-02 18:47:19,226 [I/O dispatcher 5] INFO  marytts.PStream Gradient GV optimization for feature: (21)  number of iterations=16
2025-12-02 18:47:19,226 [I/O dispatcher 5] INFO  marytts.PStream Gradient GV optimization for feature: (22)  number of iterations=5
2025-12-02 18:47:19,226 [I/O dispatcher 5] INFO  marytts.PStream Gradient GV optimization for feature: (23)  number of iterations=14
2025-12-02 18:47:19,227 [I/O dispatcher 5] INFO  marytts.PStream Gradient GV optimization for feature: (24)  number of iterations=10
2025-12-02 18:47:19,227 [I/O dispatcher 5] INFO  marytts.PStream Gradient GV optimization for feature: (25)  number of iterations=10
2025-12-02 18:47:19,227 [I/O dispatcher 5] INFO  marytts.PStream Gradient GV optimization for feature: (26)  number of iterations=12
2025-12-02 18:47:19,227 [I/O dispatcher 5] INFO  marytts.PStream Gradient GV optimization for feature: (27)  number of iterations=13
2025-12-02 18:47:19,229 [I/O dispatcher 5] INFO  marytts.PStream Gradient GV optimization for feature: (28)  number of iterations=8
2025-12-02 18:47:19,229 [I/O dispatcher 5] INFO  marytts.PStream Gradient GV optimization for feature: (29)  number of iterations=14
2025-12-02 18:47:19,230 [I/O dispatcher 5] INFO  marytts.PStream Gradient GV optimization for feature: (30)  number of iterations=13
2025-12-02 18:47:19,230 [I/O dispatcher 5] INFO  marytts.PStream Gradient GV optimization for feature: (31)  number of iterations=14
2025-12-02 18:47:19,231 [I/O dispatcher 5] INFO  marytts.PStream Gradient GV optimization for feature: (32)  number of iterations=6
2025-12-02 18:47:19,231 [I/O dispatcher 5] INFO  marytts.PStream Gradient GV optimization for feature: (33)  number of iterations=9
2025-12-02 18:47:19,231 [I/O dispatcher 5] INFO  marytts.PStream Gradient GV optimization for feature: (34)  number of iterations=12
2025-12-02 18:47:19,231 [I/O dispatcher 5] INFO  marytts.ParameterGeneration Using f0 from maryXML acoustparams
2025-12-02 18:47:19,232 [I/O dispatcher 5] INFO  marytts.PStream Context-dependent global variance optimization: gvLength = 1175
2025-12-02 18:47:19,233 [I/O dispatcher 5] INFO  marytts.PStream Gradient GV optimization for feature: (0)  number of iterations=17
2025-12-02 18:47:19,233 [I/O dispatcher 5] INFO  marytts.PStream Gradient GV optimization for feature: (1)  number of iterations=16
2025-12-02 18:47:19,233 [I/O dispatcher 5] INFO  marytts.PStream Gradient GV optimization for feature: (2)  number of iterations=32
2025-12-02 18:47:19,234 [I/O dispatcher 5] INFO  marytts.PStream Gradient GV optimization for feature: (3)  number of iterations=18
2025-12-02 18:47:19,234 [I/O dispatcher 5] INFO  marytts.PStream Gradient GV optimization for feature: (4)  number of iterations=12
2025-12-02 18:47:19,235 [I/O dispatcher 5] INFO  marytts.HMMSynthesizer Synthesizing one sentence.
2025-12-02 18:47:19,235 [I/O dispatcher 5] INFO  marytts.HTSEngine Using prosody from acoustparams.
2025-12-02 18:47:19,236 [I/O dispatcher 5] INFO  marytts.HTSEngine Number of models in sentence numModel=133  Total number of states numState=665
2025-12-02 18:47:19,236 [I/O dispatcher 5] INFO  marytts.HTSEngine Total number of frames=2216  Number of voiced frames=1294
2025-12-02 18:47:19,238 [I/O dispatcher 5] INFO  marytts.ParameterGeneration Parameter generation for MGC: 
2025-12-02 18:47:19,238 [I/O dispatcher 5] INFO  marytts.PStream Context-dependent global variance optimization: gvLength = 1896
2025-12-02 18:47:19,244 [I/O dispatcher 5] INFO  marytts.PStream    optimization stopped by reaching max number of iterations (no global variance applied)
2025-12-02 18:47:19,245 [I/O dispatcher 5] INFO  marytts.PStream Gradient GV optimization for feature: (0)  number of iterations=101
2025-12-02 18:47:19,245 [I/O dispatcher 5] INFO  marytts.PStream Gradient GV optimization for feature: (1)  number of iterations=2
2025-12-02 18:47:19,246 [I/O dispatcher 5] INFO  marytts.PStream Gradient GV optimization for feature: (2)  number of iterations=2
2025-12-02 18:47:19,246 [I/O dispatcher 5] INFO  marytts.PStream Gradient GV optimization for feature: (3)  number of iterations=5
2025-12-02 18:47:19,247 [I/O dispatcher 5] INFO  marytts.PStream Gradient GV optimization for feature: (4)  number of iterations=7
2025-12-02 18:47:19,248 [I/O dispatcher 5] INFO  marytts.PStream Gradient GV optimization for feature: (5)  number of iterations=6
2025-12-02 18:47:19,249 [I/O dispatcher 5] INFO  marytts.PStream Gradient GV optimization for feature: (6)  number of iterations=22
2025-12-02 18:47:19,250 [I/O dispatcher 5] INFO  marytts.PStream Gradient GV optimization for feature: (7)  number of iterations=21
2025-12-02 18:47:19,252 [I/O dispatcher 5] INFO  marytts.PStream Gradient GV optimization for feature: (8)  number of iterations=20
2025-12-02 18:47:19,253 [I/O dispatcher 5] INFO  marytts.PStream Gradient GV optimization for feature: (9)  number of iterations=18
2025-12-02 18:47:19,255 [I/O dispatcher 5] INFO  marytts.PStream Gradient GV optimization for feature: (10)  number of iterations=20
2025-12-02 18:47:19,257 [I/O dispatcher 5] INFO  marytts.PStream Gradient GV optimization for feature: (11)  number of iterations=19
2025-12-02 18:47:19,258 [I/O dispatcher 5] INFO  marytts.PStream Gradient GV optimization for feature: (12)  number of iterations=20
2025-12-02 18:47:19,259 [I/O dispatcher 5] INFO  marytts.PStream Gradient GV optimization for feature: (13)  number of iterations=23
2025-12-02 18:47:19,261 [I/O dispatcher 5] INFO  marytts.PStream Gradient GV optimization for feature: (14)  number of iterations=19
2025-12-02 18:47:19,263 [I/O dispatcher 5] INFO  marytts.PStream Gradient GV optimization for feature: (15)  number of iterations=26
2025-12-02 18:47:19,264 [I/O dispatcher 5] INFO  marytts.PStream Gradient GV optimization for feature: (16)  number of iterations=19
2025-12-02 18:47:19,265 [I/O dispatcher 5] INFO  marytts.PStream Gradient GV optimization for feature: (17)  number of iterations=17
2025-12-02 18:47:19,267 [I/O dispatcher 5] INFO  marytts.PStream Gradient GV optimization for feature: (18)  number of iterations=17
2025-12-02 18:47:19,267 [I/O dispatcher 5] INFO  marytts.PStream Gradient GV optimization for feature: (19)  number of iterations=10
2025-12-02 18:47:19,268 [I/O dispatcher 5] INFO  marytts.PStream Gradient GV optimization for feature: (20)  number of iterations=16
2025-12-02 18:47:19,269 [I/O dispatcher 5] INFO  marytts.PStream Gradient GV optimization for feature: (21)  number of iterations=14
2025-12-02 18:47:19,271 [I/O dispatcher 5] INFO  marytts.PStream Gradient GV optimization for feature: (22)  number of iterations=19
2025-12-02 18:47:19,272 [I/O dispatcher 5] INFO  marytts.PStream Gradient GV optimization for feature: (23)  number of iterations=23
2025-12-02 18:47:19,273 [I/O dispatcher 5] INFO  marytts.PStream Gradient GV optimization for feature: (24)  number of iterations=12
2025-12-02 18:47:19,273 [I/O dispatcher 5] INFO  marytts.PStream Gradient GV optimization for feature: (25)  number of iterations=10
2025-12-02 18:47:19,274 [I/O dispatcher 5] INFO  marytts.PStream Gradient GV optimization for feature: (26)  number of iterations=11
2025-12-02 18:47:19,275 [I/O dispatcher 5] INFO  marytts.PStream Gradient GV optimization for feature: (27)  number of iterations=14
2025-12-02 18:47:19,276 [I/O dispatcher 5] INFO  marytts.PStream Gradient GV optimization for feature: (28)  number of iterations=8
2025-12-02 18:47:19,277 [I/O dispatcher 5] INFO  marytts.PStream Gradient GV optimization for feature: (29)  number of iterations=14
2025-12-02 18:47:19,278 [I/O dispatcher 5] INFO  marytts.PStream Gradient GV optimization for feature: (30)  number of iterations=13
2025-12-02 18:47:19,279 [I/O dispatcher 5] INFO  marytts.PStream Gradient GV optimization for feature: (31)  number of iterations=13
2025-12-02 18:47:19,279 [I/O dispatcher 5] INFO  marytts.PStream Gradient GV optimization for feature: (32)  number of iterations=8
2025-12-02 18:47:19,280 [I/O dispatcher 5] INFO  marytts.PStream Gradient GV optimization for feature: (33)  number of iterations=8
2025-12-02 18:47:19,281 [I/O dispatcher 5] INFO  marytts.PStream Gradient GV optimization for feature: (34)  number of iterations=28
2025-12-02 18:47:19,281 [I/O dispatcher 5] INFO  marytts.ParameterGeneration Using f0 from maryXML acoustparams
2025-12-02 18:47:19,281 [I/O dispatcher 5] INFO  marytts.PStream Context-dependent global variance optimization: gvLength = 1896
2025-12-02 18:47:19,283 [I/O dispatcher 5] INFO  marytts.PStream Gradient GV optimization for feature: (0)  number of iterations=3
2025-12-02 18:47:19,285 [I/O dispatcher 5] INFO  marytts.PStream Gradient GV optimization for feature: (1)  number of iterations=3
2025-12-02 18:47:19,288 [I/O dispatcher 5] INFO  marytts.PStream Gradient GV optimization for feature: (2)  number of iterations=48
2025-12-02 18:47:19,288 [I/O dispatcher 5] INFO  marytts.PStream Gradient GV optimization for feature: (3)  number of iterations=4
2025-12-02 18:47:19,289 [I/O dispatcher 5] INFO  marytts.PStream Gradient GV optimization for feature: (4)  number of iterations=5
2025-12-02 18:47:19,289 [I/O dispatcher 5] INFO  marytts.HMMSynthesizer Synthesizing one sentence.
2025-12-02 18:47:19,289 [I/O dispatcher 5] INFO  marytts.HTSEngine Using prosody from acoustparams.
2025-12-02 18:47:19,289 [I/O dispatcher 5] INFO  marytts.HTSEngine Number of models in sentence numModel=69  Total number of states numState=345
2025-12-02 18:47:19,289 [I/O dispatcher 5] INFO  marytts.HTSEngine Total number of frames=1120  Number of voiced frames=666
2025-12-02 18:47:19,290 [I/O dispatcher 5] INFO  marytts.ParameterGeneration Parameter generation for MGC: 
2025-12-02 18:47:19,290 [I/O dispatcher 5] INFO  marytts.PStream Context-dependent global variance optimization: gvLength = 1039
2025-12-02 18:47:19,292 [I/O dispatcher 5] INFO  marytts.PStream Gradient GV optimization for feature: (0)  number of iterations=58
2025-12-02 18:47:19,293 [I/O dispatcher 5] INFO  marytts.PStream Gradient GV optimization for feature: (1)  number of iterations=24
2025-12-02 18:47:19,293 [I/O dispatcher 5] INFO  marytts.PStream Gradient GV optimization for feature: (2)  number of iterations=4
2025-12-02 18:47:19,294 [I/O dispatcher 5] INFO  marytts.PStream Gradient GV optimization for feature: (3)  number of iterations=6
2025-12-02 18:47:19,294 [I/O dispatcher 5] INFO  marytts.PStream Gradient GV optimization for feature: (4)  number of iterations=2
2025-12-02 18:47:19,294 [I/O dispatcher 5] INFO  marytts.PStream Gradient GV optimization for feature: (5)  number of iterations=2
2025-12-02 18:47:19,295 [I/O dispatcher 5] INFO  marytts.PStream Gradient GV optimization for feature: (6)  number of iterations=5
2025-12-02 18:47:19,295 [I/O dispatcher 5] INFO  marytts.PStream Gradient GV optimization for feature: (7)  number of iterations=6
2025-12-02 18:47:19,296 [I/O dispatcher 5] INFO  marytts.PStream Gradient GV optimization for feature: (8)  number of iterations=20
2025-12-02 18:47:19,296 [I/O dispatcher 5] INFO  marytts.PStream Gradient GV optimization for feature: (9)  number of iterations=21
2025-12-02 18:47:19,297 [I/O dispatcher 5] INFO  marytts.PStream Gradient GV optimization for feature: (10)  number of iterations=19
2025-12-02 18:47:19,298 [I/O dispatcher 5] INFO  marytts.PStream Gradient GV optimization for feature: (11)  number of iterations=26
2025-12-02 18:47:19,299 [I/O dispatcher 5] INFO  marytts.PStream Gradient GV optimization for feature: (12)  number of iterations=17
2025-12-02 18:47:19,300 [I/O dispatcher 5] INFO  marytts.PStream Gradient GV optimization for feature: (13)  number of iterations=31
2025-12-02 18:47:19,301 [I/O dispatcher 5] INFO  marytts.PStream Gradient GV optimization for feature: (14)  number of iterations=19
2025-12-02 18:47:19,301 [I/O dispatcher 5] INFO  marytts.PStream Gradient GV optimization for feature: (15)  number of iterations=16
2025-12-02 18:47:19,302 [I/O dispatcher 5] INFO  marytts.PStream Gradient GV optimization for feature: (16)  number of iterations=19
2025-12-02 18:47:19,302 [I/O dispatcher 5] INFO  marytts.PStream Gradient GV optimization for feature: (17)  number of iterations=18
2025-12-02 18:47:19,303 [I/O dispatcher 5] INFO  marytts.PStream Gradient GV optimization for feature: (18)  number of iterations=16
2025-12-02 18:47:19,303 [I/O dispatcher 5] INFO  marytts.PStream Gradient GV optimization for feature: (19)  number of iterations=24
2025-12-02 18:47:19,304 [I/O dispatcher 5] INFO  marytts.PStream Gradient GV optimization for feature: (20)  number of iterations=16
2025-12-02 18:47:19,304 [I/O dispatcher 5] INFO  marytts.PStream Gradient GV optimization for feature: (21)  number of iterations=17
2025-12-02 18:47:19,305 [I/O dispatcher 5] INFO  marytts.PStream Gradient GV optimization for feature: (22)  number of iterations=19
2025-12-02 18:47:19,305 [I/O dispatcher 5] INFO  marytts.PStream Gradient GV optimization for feature: (23)  number of iterations=18
2025-12-02 18:47:19,306 [I/O dispatcher 5] INFO  marytts.PStream Gradient GV optimization for feature: (24)  number of iterations=10
2025-12-02 18:47:19,306 [I/O dispatcher 5] INFO  marytts.PStream Gradient GV optimization for feature: (25)  number of iterations=12
2025-12-02 18:47:19,306 [I/O dispatcher 5] INFO  marytts.PStream Gradient GV optimization for feature: (26)  number of iterations=15
2025-12-02 18:47:19,307 [I/O dispatcher 5] INFO  marytts.PStream Gradient GV optimization for feature: (27)  number of iterations=13
2025-12-02 18:47:19,307 [I/O dispatcher 5] INFO  marytts.PStream Gradient GV optimization for feature: (28)  number of iterations=28
2025-12-02 18:47:19,308 [I/O dispatcher 5] INFO  marytts.PStream Gradient GV optimization for feature: (29)  number of iterations=16
2025-12-02 18:47:19,308 [I/O dispatcher 5] INFO  marytts.PStream Gradient GV optimization for feature: (30)  number of iterations=12
2025-12-02 18:47:19,308 [I/O dispatcher 5] INFO  marytts.PStream Gradient GV optimization for feature: (31)  number of iterations=13
2025-12-02 18:47:19,309 [I/O dispatcher 5] INFO  marytts.PStream Gradient GV optimization for feature: (32)  number of iterations=4
2025-12-02 18:47:19,309 [I/O dispatcher 5] INFO  marytts.PStream Gradient GV optimization for feature: (33)  number of iterations=14
2025-12-02 18:47:19,309 [I/O dispatcher 5] INFO  marytts.PStream Gradient GV optimization for feature: (34)  number of iterations=11
2025-12-02 18:47:19,309 [I/O dispatcher 5] INFO  marytts.ParameterGeneration Using f0 from maryXML acoustparams
2025-12-02 18:47:19,309 [I/O dispatcher 5] INFO  marytts.PStream Context-dependent global variance optimization: gvLength = 1039
2025-12-02 18:47:19,310 [I/O dispatcher 5] INFO  marytts.PStream Gradient GV optimization for feature: (0)  number of iterations=5
2025-12-02 18:47:19,311 [I/O dispatcher 5] INFO  marytts.PStream Gradient GV optimization for feature: (1)  number of iterations=20
2025-12-02 18:47:19,311 [I/O dispatcher 5] INFO  marytts.PStream Gradient GV optimization for feature: (2)  number of iterations=22
2025-12-02 18:47:19,311 [I/O dispatcher 5] INFO  marytts.PStream Gradient GV optimization for feature: (3)  number of iterations=8
2025-12-02 18:47:19,312 [I/O dispatcher 5] INFO  marytts.PStream Gradient GV optimization for feature: (4)  number of iterations=2
2025-12-02 18:47:19,312 [I/O dispatcher 5] INFO  marytts.R 4 Request processed in 276 ms.
2025-12-02 18:47:19,312 [I/O dispatcher 5] INFO  marytts.R 4    TextToMaryXML took 0 ms
2025-12-02 18:47:19,312 [I/O dispatcher 5] INFO  marytts.R 4    JTokeniser took 1 ms
2025-12-02 18:47:19,312 [I/O dispatcher 5] INFO  marytts.R 4    Preprocess took 6 ms
2025-12-02 18:47:19,312 [I/O dispatcher 5] INFO  marytts.R 4    OpenNLPPosTagger took 2 ms
2025-12-02 18:47:19,312 [I/O dispatcher 5] INFO  marytts.R 4    JPhonemiser took 3 ms
2025-12-02 18:47:19,312 [I/O dispatcher 5] INFO  marytts.R 4    Prosody took 3 ms
2025-12-02 18:47:19,312 [I/O dispatcher 5] INFO  marytts.R 4    PronunciationModel took 1 ms
2025-12-02 18:47:19,312 [I/O dispatcher 5] INFO  marytts.R 4    AcousticModeller took 76 ms
2025-12-02 18:47:19,312 [I/O dispatcher 5] INFO  marytts.R 4    Synthesis took 182 ms
2025-12-02 18:47:22,159 [I/O dispatcher 5] INFO  marytts.server Request handled successfully.
2025-12-02 18:47:27,192 [I/O dispatcher 5] INFO  marytts.server Connection closed: [closed]
2025-12-02 18:49:20,052 [I/O dispatcher 6] INFO  marytts.server Connection from null
2025-12-02 18:49:20,053 [I/O dispatcher 6] INFO  marytts.R 5 New request (input type "TEXT", output type "AUDIO", voice "cmu-slt-hsmm", effect "", audio "WAVE")
2025-12-02 18:49:20,053 [I/O dispatcher 6] INFO  marytts.server Read: This is a cover letter from Tarek Ben Abdeljelil applying for the Hospital Director position. He highlights his 20+ years of healthcare administration experience and his success in improving patient wait times and satisfaction scores as an Operations Manager. He emphasizes his skills in project management, optimizing systems, and collaborating with teams. He is drawn to the hospital's values of compassion, innovation, and excellence, and is particularly interested in contributing to data-driven strategies for patient care. He hopes to discuss how his experience and vision align with the hospital's strategic goals.

2025-12-02 18:49:20,053 [I/O dispatcher 6] INFO  marytts.R 5 Handling request using the following modules:
2025-12-02 18:49:20,053 [I/O dispatcher 6] INFO  marytts.R 5 - TextToMaryXML (marytts.modules.TextToMaryXML)
2025-12-02 18:49:20,053 [I/O dispatcher 6] INFO  marytts.R 5 Next module: TextToMaryXML
2025-12-02 18:49:20,053 [I/O dispatcher 6] INFO  marytts.R 5 Handling request using the following modules:
2025-12-02 18:49:20,053 [I/O dispatcher 6] INFO  marytts.R 5 - JTokeniser (marytts.language.en.JTokeniser)
2025-12-02 18:49:20,053 [I/O dispatcher 6] INFO  marytts.R 5 - Preprocess (marytts.language.en.Preprocess)
2025-12-02 18:49:20,053 [I/O dispatcher 6] INFO  marytts.R 5 - OpenNLPPosTagger (marytts.modules.OpenNLPPosTagger)
2025-12-02 18:49:20,053 [I/O dispatcher 6] INFO  marytts.R 5 - JPhonemiser (marytts.modules.JPhonemiser)
2025-12-02 18:49:20,053 [I/O dispatcher 6] INFO  marytts.R 5 - Prosody (marytts.language.en.Prosody)
2025-12-02 18:49:20,053 [I/O dispatcher 6] INFO  marytts.R 5 - PronunciationModel (marytts.language.en.PronunciationModel)
2025-12-02 18:49:20,053 [I/O dispatcher 6] INFO  marytts.R 5 - AcousticModeller (marytts.modules.AcousticModeller)
2025-12-02 18:49:20,053 [I/O dispatcher 6] INFO  marytts.R 5 - Synthesis (marytts.modules.Synthesis)
2025-12-02 18:49:20,053 [I/O dispatcher 6] INFO  marytts.R 5 Next module: JTokeniser
2025-12-02 18:49:20,054 [I/O dispatcher 6] INFO  marytts.R 5 Next module: Preprocess
2025-12-02 18:49:20,060 [I/O dispatcher 6] INFO  marytts.R 5 Next module: OpenNLPPosTagger
2025-12-02 18:49:20,062 [I/O dispatcher 6] INFO  marytts.R 5 Next module: JPhonemiser
2025-12-02 18:49:20,067 [I/O dispatcher 6] INFO  marytts.R 5 Next module: Prosody
2025-12-02 18:49:20,072 [I/O dispatcher 6] INFO  marytts.R 5 Next module: PronunciationModel
2025-12-02 18:49:20,072 [I/O dispatcher 6] INFO  marytts.R 5 Next module: AcousticModeller
2025-12-02 18:49:20,119 [I/O dispatcher 6] INFO  marytts.ParameterGeneration Parameter generation for LF0: 
2025-12-02 18:49:20,119 [I/O dispatcher 6] INFO  marytts.PStream Context-dependent global variance optimization: gvLength = 4722
2025-12-02 18:49:20,122 [I/O dispatcher 6] INFO  marytts.PStream Gradient GV optimization for feature: (0)  number of iterations=24
2025-12-02 18:49:20,132 [I/O dispatcher 6] INFO  marytts.R 5 Next module: Synthesis
2025-12-02 18:49:20,133 [I/O dispatcher 6] INFO  marytts.HMMSynthesizer Synthesizing one sentence.
2025-12-02 18:49:20,133 [I/O dispatcher 6] INFO  marytts.HTSEngine Using prosody from acoustparams.
2025-12-02 18:49:20,134 [I/O dispatcher 6] INFO  marytts.HTSEngine Number of models in sentence numModel=69  Total number of states numState=345
2025-12-02 18:49:20,134 [I/O dispatcher 6] INFO  marytts.HTSEngine Total number of frames=1105  Number of voiced frames=731
2025-12-02 18:49:20,135 [I/O dispatcher 6] INFO  marytts.ParameterGeneration Parameter generation for MGC: 
2025-12-02 18:49:20,135 [I/O dispatcher 6] INFO  marytts.PStream Context-dependent global variance optimization: gvLength = 1026
2025-12-02 18:49:20,137 [I/O dispatcher 6] INFO  marytts.PStream Gradient GV optimization for feature: (0)  number of iterations=45
2025-12-02 18:49:20,138 [I/O dispatcher 6] INFO  marytts.PStream Gradient GV optimization for feature: (1)  number of iterations=24
2025-12-02 18:49:20,138 [I/O dispatcher 6] INFO  marytts.PStream Gradient GV optimization for feature: (2)  number of iterations=24
2025-12-02 18:49:20,139 [I/O dispatcher 6] INFO  marytts.PStream Gradient GV optimization for feature: (3)  number of iterations=2
2025-12-02 18:49:20,139 [I/O dispatcher 6] INFO  marytts.PStream Gradient GV optimization for feature: (4)  number of iterations=22
2025-12-02 18:49:20,141 [I/O dispatcher 6] INFO  marytts.PStream Gradient GV optimization for feature: (5)  number of iterations=31
2025-12-02 18:49:20,141 [I/O dispatcher 6] INFO  marytts.PStream Gradient GV optimization for feature: (6)  number of iterations=2
2025-12-02 18:49:20,142 [I/O dispatcher 6] INFO  marytts.PStream Gradient GV optimization for feature: (7)  number of iterations=21
2025-12-02 18:49:20,142 [I/O dispatcher 6] INFO  marytts.PStream Gradient GV optimization for feature: (8)  number of iterations=20
2025-12-02 18:49:20,143 [I/O dispatcher 6] INFO  marytts.PStream Gradient GV optimization for feature: (9)  number of iterations=25
2025-12-02 18:49:20,144 [I/O dispatcher 6] INFO  marytts.PStream Gradient GV optimization for feature: (10)  number of iterations=17
2025-12-02 18:49:20,145 [I/O dispatcher 6] INFO  marytts.PStream Gradient GV optimization for feature: (11)  number of iterations=18
2025-12-02 18:49:20,145 [I/O dispatcher 6] INFO  marytts.PStream Gradient GV optimization for feature: (12)  number of iterations=4
2025-12-02 18:49:20,146 [I/O dispatcher 6] INFO  marytts.PStream Gradient GV optimization for feature: (13)  number of iterations=21
2025-12-02 18:49:20,146 [I/O dispatcher 6] INFO  marytts.PStream Gradient GV optimization for feature: (14)  number of iterations=19
2025-12-02 18:49:20,147 [I/O dispatcher 6] INFO  marytts.PStream Gradient GV optimization for feature: (15)  number of iterations=16
2025-12-02 18:49:20,147 [I/O dispatcher 6] INFO  marytts.PStream Gradient GV optimization for feature: (16)  number of iterations=20
2025-12-02 18:49:20,149 [I/O dispatcher 6] INFO  marytts.PStream Gradient GV optimization for feature: (17)  number of iterations=32
2025-12-02 18:49:20,149 [I/O dispatcher 6] INFO  marytts.PStream Gradient GV optimization for feature: (18)  number of iterations=17
2025-12-02 18:49:20,151 [I/O dispatcher 6] INFO  marytts.PStream Gradient GV optimization for feature: (19)  number of iterations=36
2025-12-02 18:49:20,151 [I/O dispatcher 6] INFO  marytts.PStream Gradient GV optimization for feature: (20)  number of iterations=14
2025-12-02 18:49:20,152 [I/O dispatcher 6] INFO  marytts.PStream Gradient GV optimization for feature: (21)  number of iterations=18
2025-12-02 18:49:20,152 [I/O dispatcher 6] INFO  marytts.PStream Gradient GV optimization for feature: (22)  number of iterations=19
2025-12-02 18:49:20,153 [I/O dispatcher 6] INFO  marytts.PStream Gradient GV optimization for feature: (23)  number of iterations=15
2025-12-02 18:49:20,153 [I/O dispatcher 6] INFO  marytts.PStream Gradient GV optimization for feature: (24)  number of iterations=16
2025-12-02 18:49:20,153 [I/O dispatcher 6] INFO  marytts.PStream Gradient GV optimization for feature: (25)  number of iterations=12
2025-12-02 18:49:20,154 [I/O dispatcher 6] INFO  marytts.PStream Gradient GV optimization for feature: (26)  number of iterations=14
2025-12-02 18:49:20,154 [I/O dispatcher 6] INFO  marytts.PStream Gradient GV optimization for feature: (27)  number of iterations=13
2025-12-02 18:49:20,155 [I/O dispatcher 6] INFO  marytts.PStream Gradient GV optimization for feature: (28)  number of iterations=16
2025-12-02 18:49:20,155 [I/O dispatcher 6] INFO  marytts.PStream Gradient GV optimization for feature: (29)  number of iterations=17
2025-12-02 18:49:20,156 [I/O dispatcher 6] INFO  marytts.PStream Gradient GV optimization for feature: (30)  number of iterations=13
2025-12-02 18:49:20,157 [I/O dispatcher 6] INFO  marytts.PStream Gradient GV optimization for feature: (31)  number of iterations=13
2025-12-02 18:49:20,157 [I/O dispatcher 6] INFO  marytts.PStream Gradient GV optimization for feature: (32)  number of iterations=10
2025-12-02 18:49:20,157 [I/O dispatcher 6] INFO  marytts.PStream Gradient GV optimization for feature: (33)  number of iterations=14
2025-12-02 18:49:20,158 [I/O dispatcher 6] INFO  marytts.PStream Gradient GV optimization for feature: (34)  number of iterations=42
2025-12-02 18:49:20,158 [I/O dispatcher 6] INFO  marytts.ParameterGeneration Using f0 from maryXML acoustparams
2025-12-02 18:49:20,159 [I/O dispatcher 6] INFO  marytts.PStream Context-dependent global variance optimization: gvLength = 1026
2025-12-02 18:49:20,159 [I/O dispatcher 6] INFO  marytts.PStream Gradient GV optimization for feature: (0)  number of iterations=20
2025-12-02 18:49:20,160 [I/O dispatcher 6] INFO  marytts.PStream Gradient GV optimization for feature: (1)  number of iterations=21
2025-12-02 18:49:20,160 [I/O dispatcher 6] INFO  marytts.PStream Gradient GV optimization for feature: (2)  number of iterations=3
2025-12-02 18:49:20,160 [I/O dispatcher 6] INFO  marytts.PStream Gradient GV optimization for feature: (3)  number of iterations=12
2025-12-02 18:49:20,160 [I/O dispatcher 6] INFO  marytts.PStream Gradient GV optimization for feature: (4)  number of iterations=2
2025-12-02 18:49:20,161 [I/O dispatcher 6] INFO  marytts.HMMSynthesizer Synthesizing one sentence.
2025-12-02 18:49:20,162 [I/O dispatcher 6] INFO  marytts.HTSEngine Using prosody from acoustparams.
2025-12-02 18:49:20,163 [I/O dispatcher 6] INFO  marytts.HTSEngine Number of models in sentence numModel=130  Total number of states numState=650
2025-12-02 18:49:20,163 [I/O dispatcher 6] INFO  marytts.HTSEngine Total number of frames=2071  Number of voiced frames=1261
2025-12-02 18:49:20,164 [I/O dispatcher 6] INFO  marytts.ParameterGeneration Parameter generation for MGC: 
2025-12-02 18:49:20,164 [I/O dispatcher 6] INFO  marytts.PStream Context-dependent global variance optimization: gvLength = 1992
2025-12-02 18:49:20,168 [I/O dispatcher 6] INFO  marytts.PStream Gradient GV optimization for feature: (0)  number of iterations=65
2025-12-02 18:49:20,169 [I/O dispatcher 6] INFO  marytts.PStream Gradient GV optimization for feature: (1)  number of iterations=2
2025-12-02 18:49:20,171 [I/O dispatcher 6] INFO  marytts.PStream Gradient GV optimization for feature: (2)  number of iterations=2
2025-12-02 18:49:20,171 [I/O dispatcher 6] INFO  marytts.PStream Gradient GV optimization for feature: (3)  number of iterations=4
2025-12-02 18:49:20,171 [I/O dispatcher 6] INFO  marytts.PStream Gradient GV optimization for feature: (4)  number of iterations=5
2025-12-02 18:49:20,172 [I/O dispatcher 6] INFO  marytts.PStream Gradient GV optimization for feature: (5)  number of iterations=4
2025-12-02 18:49:20,173 [I/O dispatcher 6] INFO  marytts.PStream Gradient GV optimization for feature: (6)  number of iterations=23
2025-12-02 18:49:20,174 [I/O dispatcher 6] INFO  marytts.PStream Gradient GV optimization for feature: (7)  number of iterations=23
2025-12-02 18:49:20,175 [I/O dispatcher 6] INFO  marytts.PStream Gradient GV optimization for feature: (8)  number of iterations=20
2025-12-02 18:49:20,177 [I/O dispatcher 6] INFO  marytts.PStream Gradient GV optimization for feature: (9)  number of iterations=20
2025-12-02 18:49:20,179 [I/O dispatcher 6] INFO  marytts.PStream Gradient GV optimization for feature: (10)  number of iterations=19
2025-12-02 18:49:20,181 [I/O dispatcher 6] INFO  marytts.PStream Gradient GV optimization for feature: (11)  number of iterations=19
2025-12-02 18:49:20,182 [I/O dispatcher 6] INFO  marytts.PStream Gradient GV optimization for feature: (12)  number of iterations=17
2025-12-02 18:49:20,184 [I/O dispatcher 6] INFO  marytts.PStream Gradient GV optimization for feature: (13)  number of iterations=25
2025-12-02 18:49:20,186 [I/O dispatcher 6] INFO  marytts.PStream Gradient GV optimization for feature: (14)  number of iterations=21
2025-12-02 18:49:20,187 [I/O dispatcher 6] INFO  marytts.PStream Gradient GV optimization for feature: (15)  number of iterations=17
2025-12-02 18:49:20,189 [I/O dispatcher 6] INFO  marytts.PStream Gradient GV optimization for feature: (16)  number of iterations=20
2025-12-02 18:49:20,192 [I/O dispatcher 6] INFO  marytts.PStream Gradient GV optimization for feature: (17)  number of iterations=24
2025-12-02 18:49:20,194 [I/O dispatcher 6] INFO  marytts.PStream Gradient GV optimization for feature: (18)  number of iterations=17
2025-12-02 18:49:20,194 [I/O dispatcher 6] INFO  marytts.PStream Gradient GV optimization for feature: (19)  number of iterations=15
2025-12-02 18:49:20,195 [I/O dispatcher 6] INFO  marytts.PStream Gradient GV optimization for feature: (20)  number of iterations=15
2025-12-02 18:49:20,196 [I/O dispatcher 6] INFO  marytts.PStream Gradient GV optimization for feature: (21)  number of iterations=15
2025-12-02 18:49:20,197 [I/O dispatcher 6] INFO  marytts.PStream Gradient GV optimization for feature: (22)  number of iterations=20
2025-12-02 18:49:20,198 [I/O dispatcher 6] INFO  marytts.PStream Gradient GV optimization for feature: (23)  number of iterations=15
2025-12-02 18:49:20,198 [I/O dispatcher 6] INFO  marytts.PStream Gradient GV optimization for feature: (24)  number of iterations=10
2025-12-02 18:49:20,199 [I/O dispatcher 6] INFO  marytts.PStream Gradient GV optimization for feature: (25)  number of iterations=12
2025-12-02 18:49:20,200 [I/O dispatcher 6] INFO  marytts.PStream Gradient GV optimization for feature: (26)  number of iterations=11
2025-12-02 18:49:20,201 [I/O dispatcher 6] INFO  marytts.PStream Gradient GV optimization for feature: (27)  number of iterations=13
2025-12-02 18:49:20,202 [I/O dispatcher 6] INFO  marytts.PStream Gradient GV optimization for feature: (28)  number of iterations=20
2025-12-02 18:49:20,203 [I/O dispatcher 6] INFO  marytts.PStream Gradient GV optimization for feature: (29)  number of iterations=14
2025-12-02 18:49:20,204 [I/O dispatcher 6] INFO  marytts.PStream Gradient GV optimization for feature: (30)  number of iterations=12
2025-12-02 18:49:20,205 [I/O dispatcher 6] INFO  marytts.PStream Gradient GV optimization for feature: (31)  number of iterations=12
2025-12-02 18:49:20,205 [I/O dispatcher 6] INFO  marytts.PStream Gradient GV optimization for feature: (32)  number of iterations=3
2025-12-02 18:49:20,206 [I/O dispatcher 6] INFO  marytts.PStream Gradient GV optimization for feature: (33)  number of iterations=16
2025-12-02 18:49:20,207 [I/O dispatcher 6] INFO  marytts.PStream Gradient GV optimization for feature: (34)  number of iterations=14
2025-12-02 18:49:20,207 [I/O dispatcher 6] INFO  marytts.ParameterGeneration Using f0 from maryXML acoustparams
2025-12-02 18:49:20,208 [I/O dispatcher 6] INFO  marytts.PStream Context-dependent global variance optimization: gvLength = 1992
2025-12-02 18:49:20,210 [I/O dispatcher 6] INFO  marytts.PStream Gradient GV optimization for feature: (0)  number of iterations=47
2025-12-02 18:49:20,211 [I/O dispatcher 6] INFO  marytts.PStream Gradient GV optimization for feature: (1)  number of iterations=9
2025-12-02 18:49:20,212 [I/O dispatcher 6] INFO  marytts.PStream Gradient GV optimization for feature: (2)  number of iterations=22
2025-12-02 18:49:20,213 [I/O dispatcher 6] INFO  marytts.PStream Gradient GV optimization for feature: (3)  number of iterations=4
2025-12-02 18:49:20,213 [I/O dispatcher 6] INFO  marytts.PStream Gradient GV optimization for feature: (4)  number of iterations=5
2025-12-02 18:49:20,213 [I/O dispatcher 6] INFO  marytts.HMMSynthesizer Synthesizing one sentence.
2025-12-02 18:49:20,213 [I/O dispatcher 6] INFO  marytts.HTSEngine Using prosody from acoustparams.
2025-12-02 18:49:20,214 [I/O dispatcher 6] INFO  marytts.HTSEngine Number of models in sentence numModel=76  Total number of states numState=380
2025-12-02 18:49:20,214 [I/O dispatcher 6] INFO  marytts.HTSEngine Total number of frames=1414  Number of voiced frames=780
2025-12-02 18:49:20,216 [I/O dispatcher 6] INFO  marytts.ParameterGeneration Parameter generation for MGC: 
2025-12-02 18:49:20,216 [I/O dispatcher 6] INFO  marytts.PStream Context-dependent global variance optimization: gvLength = 1175
2025-12-02 18:49:20,217 [I/O dispatcher 6] INFO  marytts.PStream Gradient GV optimization for feature: (0)  number of iterations=31
2025-12-02 18:49:20,218 [I/O dispatcher 6] INFO  marytts.PStream Gradient GV optimization for feature: (1)  number of iterations=23
2025-12-02 18:49:20,218 [I/O dispatcher 6] INFO  marytts.PStream Gradient GV optimization for feature: (2)  number of iterations=7
2025-12-02 18:49:20,218 [I/O dispatcher 6] INFO  marytts.PStream Gradient GV optimization for feature: (3)  number of iterations=2
2025-12-02 18:49:20,219 [I/O dispatcher 6] INFO  marytts.PStream Gradient GV optimization for feature: (4)  number of iterations=2
2025-12-02 18:49:20,220 [I/O dispatcher 6] INFO  marytts.PStream Gradient GV optimization for feature: (5)  number of iterations=3
2025-12-02 18:49:20,220 [I/O dispatcher 6] INFO  marytts.PStream Gradient GV optimization for feature: (6)  number of iterations=5
2025-12-02 18:49:20,221 [I/O dispatcher 6] INFO  marytts.PStream Gradient GV optimization for feature: (7)  number of iterations=21
2025-12-02 18:49:20,222 [I/O dispatcher 6] INFO  marytts.PStream Gradient GV optimization for feature: (8)  number of iterations=23
2025-12-02 18:49:20,223 [I/O dispatcher 6] INFO  marytts.PStream Gradient GV optimization for feature: (9)  number of iterations=18
2025-12-02 18:49:20,223 [I/O dispatcher 6] INFO  marytts.PStream Gradient GV optimization for feature: (10)  number of iterations=17
2025-12-02 18:49:20,224 [I/O dispatcher 6] INFO  marytts.PStream Gradient GV optimization for feature: (11)  number of iterations=17
2025-12-02 18:49:20,225 [I/O dispatcher 6] INFO  marytts.PStream Gradient GV optimization for feature: (12)  number of iterations=17
2025-12-02 18:49:20,226 [I/O dispatcher 6] INFO  marytts.PStream Gradient GV optimization for feature: (13)  number of iterations=25
2025-12-02 18:49:20,227 [I/O dispatcher 6] INFO  marytts.PStream Gradient GV optimization for feature: (14)  number of iterations=18
2025-12-02 18:49:20,227 [I/O dispatcher 6] INFO  marytts.PStream Gradient GV optimization for feature: (15)  number of iterations=14
2025-12-02 18:49:20,228 [I/O dispatcher 6] INFO  marytts.PStream Gradient GV optimization for feature: (16)  number of iterations=24
2025-12-02 18:49:20,228 [I/O dispatcher 6] INFO  marytts.PStream Gradient GV optimization for feature: (17)  number of iterations=18
2025-12-02 18:49:20,229 [I/O dispatcher 6] INFO  marytts.PStream Gradient GV optimization for feature: (18)  number of iterations=17
2025-12-02 18:49:20,229 [I/O dispatcher 6] INFO  marytts.PStream Gradient GV optimization for feature: (19)  number of iterations=12
2025-12-02 18:49:20,230 [I/O dispatcher 6] INFO  marytts.PStream Gradient GV optimization for feature: (20)  number of iterations=14
2025-12-02 18:49:20,231 [I/O dispatcher 6] INFO  marytts.PStream Gradient GV optimization for feature: (21)  number of iterations=16
2025-12-02 18:49:20,231 [I/O dispatcher 6] INFO  marytts.PStream Gradient GV optimization for feature: (22)  number of iterations=5
2025-12-02 18:49:20,232 [I/O dispatcher 6] INFO  marytts.PStream Gradient GV optimization for feature: (23)  number of iterations=14
2025-12-02 18:49:20,232 [I/O dispatcher 6] INFO  marytts.PStream Gradient GV optimization for feature: (24)  number of iterations=10
2025-12-02 18:49:20,232 [I/O dispatcher 6] INFO  marytts.PStream Gradient GV optimization for feature: (25)  number of iterations=10
2025-12-02 18:49:20,233 [I/O dispatcher 6] INFO  marytts.PStream Gradient GV optimization for feature: (26)  number of iterations=12
2025-12-02 18:49:20,234 [I/O dispatcher 6] INFO  marytts.PStream Gradient GV optimization for feature: (27)  number of iterations=13
2025-12-02 18:49:20,234 [I/O dispatcher 6] INFO  marytts.PStream Gradient GV optimization for feature: (28)  number of iterations=8
2025-12-02 18:49:20,235 [I/O dispatcher 6] INFO  marytts.PStream Gradient GV optimization for feature: (29)  number of iterations=14
2025-12-02 18:49:20,235 [I/O dispatcher 6] INFO  marytts.PStream Gradient GV optimization for feature: (30)  number of iterations=13
2025-12-02 18:49:20,236 [I/O dispatcher 6] INFO  marytts.PStream Gradient GV optimization for feature: (31)  number of iterations=14
2025-12-02 18:49:20,236 [I/O dispatcher 6] INFO  marytts.PStream Gradient GV optimization for feature: (32)  number of iterations=6
2025-12-02 18:49:20,236 [I/O dispatcher 6] INFO  marytts.PStream Gradient GV optimization for feature: (33)  number of iterations=9
2025-12-02 18:49:20,237 [I/O dispatcher 6] INFO  marytts.PStream Gradient GV optimization for feature: (34)  number of iterations=12
2025-12-02 18:49:20,237 [I/O dispatcher 6] INFO  marytts.ParameterGeneration Using f0 from maryXML acoustparams
2025-12-02 18:49:20,237 [I/O dispatcher 6] INFO  marytts.PStream Context-dependent global variance optimization: gvLength = 1175
2025-12-02 18:49:20,239 [I/O dispatcher 6] INFO  marytts.PStream Gradient GV optimization for feature: (0)  number of iterations=17
2025-12-02 18:49:20,239 [I/O dispatcher 6] INFO  marytts.PStream Gradient GV optimization for feature: (1)  number of iterations=16
2025-12-02 18:49:20,240 [I/O dispatcher 6] INFO  marytts.PStream Gradient GV optimization for feature: (2)  number of iterations=32
2025-12-02 18:49:20,241 [I/O dispatcher 6] INFO  marytts.PStream Gradient GV optimization for feature: (3)  number of iterations=18
2025-12-02 18:49:20,241 [I/O dispatcher 6] INFO  marytts.PStream Gradient GV optimization for feature: (4)  number of iterations=12
2025-12-02 18:49:20,242 [I/O dispatcher 6] INFO  marytts.HMMSynthesizer Synthesizing one sentence.
2025-12-02 18:49:20,243 [I/O dispatcher 6] INFO  marytts.HTSEngine Using prosody from acoustparams.
2025-12-02 18:49:20,244 [I/O dispatcher 6] INFO  marytts.HTSEngine Number of models in sentence numModel=133  Total number of states numState=665
2025-12-02 18:49:20,244 [I/O dispatcher 6] INFO  marytts.HTSEngine Total number of frames=2216  Number of voiced frames=1294
2025-12-02 18:49:20,248 [I/O dispatcher 6] INFO  marytts.ParameterGeneration Parameter generation for MGC: 
2025-12-02 18:49:20,248 [I/O dispatcher 6] INFO  marytts.PStream Context-dependent global variance optimization: gvLength = 1896
2025-12-02 18:49:20,254 [I/O dispatcher 6] INFO  marytts.PStream    optimization stopped by reaching max number of iterations (no global variance applied)
2025-12-02 18:49:20,254 [I/O dispatcher 6] INFO  marytts.PStream Gradient GV optimization for feature: (0)  number of iterations=101
2025-12-02 18:49:20,256 [I/O dispatcher 6] INFO  marytts.PStream Gradient GV optimization for feature: (1)  number of iterations=2
2025-12-02 18:49:20,257 [I/O dispatcher 6] INFO  marytts.PStream Gradient GV optimization for feature: (2)  number of iterations=2
2025-12-02 18:49:20,257 [I/O dispatcher 6] INFO  marytts.PStream Gradient GV optimization for feature: (3)  number of iterations=5
2025-12-02 18:49:20,258 [I/O dispatcher 6] INFO  marytts.PStream Gradient GV optimization for feature: (4)  number of iterations=7
2025-12-02 18:49:20,258 [I/O dispatcher 6] INFO  marytts.PStream Gradient GV optimization for feature: (5)  number of iterations=6
2025-12-02 18:49:20,260 [I/O dispatcher 6] INFO  marytts.PStream Gradient GV optimization for feature: (6)  number of iterations=22
2025-12-02 18:49:20,261 [I/O dispatcher 6] INFO  marytts.PStream Gradient GV optimization for feature: (7)  number of iterations=21
2025-12-02 18:49:20,263 [I/O dispatcher 6] INFO  marytts.PStream Gradient GV optimization for feature: (8)  number of iterations=20
2025-12-02 18:49:20,264 [I/O dispatcher 6] INFO  marytts.PStream Gradient GV optimization for feature: (9)  number of iterations=18
2025-12-02 18:49:20,265 [I/O dispatcher 6] INFO  marytts.PStream Gradient GV optimization for feature: (10)  number of iterations=20
2025-12-02 18:49:20,267 [I/O dispatcher 6] INFO  marytts.PStream Gradient GV optimization for feature: (11)  number of iterations=19
2025-12-02 18:49:20,269 [I/O dispatcher 6] INFO  marytts.PStream Gradient GV optimization for feature: (12)  number of iterations=20
2025-12-02 18:49:20,271 [I/O dispatcher 6] INFO  marytts.PStream Gradient GV optimization for feature: (13)  number of iterations=23
2025-12-02 18:49:20,273 [I/O dispatcher 6] INFO  marytts.PStream Gradient GV optimization for feature: (14)  number of iterations=19
2025-12-02 18:49:20,275 [I/O dispatcher 6] INFO  marytts.PStream Gradient GV optimization for feature: (15)  number of iterations=26
2025-12-02 18:49:20,276 [I/O dispatcher 6] INFO  marytts.PStream Gradient GV optimization for feature: (16)  number of iterations=19
2025-12-02 18:49:20,277 [I/O dispatcher 6] INFO  marytts.PStream Gradient GV optimization for feature: (17)  number of iterations=17
2025-12-02 18:49:20,279 [I/O dispatcher 6] INFO  marytts.PStream Gradient GV optimization for feature: (18)  number of iterations=17
2025-12-02 18:49:20,281 [I/O dispatcher 6] INFO  marytts.PStream Gradient GV optimization for feature: (19)  number of iterations=10
2025-12-02 18:49:20,282 [I/O dispatcher 6] INFO  marytts.PStream Gradient GV optimization for feature: (20)  number of iterations=16
2025-12-02 18:49:20,283 [I/O dispatcher 6] INFO  marytts.PStream Gradient GV optimization for feature: (21)  number of iterations=14
2025-12-02 18:49:20,284 [I/O dispatcher 6] INFO  marytts.PStream Gradient GV optimization for feature: (22)  number of iterations=19
2025-12-02 18:49:20,287 [I/O dispatcher 6] INFO  marytts.PStream Gradient GV optimization for feature: (23)  number of iterations=23
2025-12-02 18:49:20,288 [I/O dispatcher 6] INFO  marytts.PStream Gradient GV optimization for feature: (24)  number of iterations=12
2025-12-02 18:49:20,289 [I/O dispatcher 6] INFO  marytts.PStream Gradient GV optimization for feature: (25)  number of iterations=10
2025-12-02 18:49:20,290 [I/O dispatcher 6] INFO  marytts.PStream Gradient GV optimization for feature: (26)  number of iterations=11
2025-12-02 18:49:20,291 [I/O dispatcher 6] INFO  marytts.PStream Gradient GV optimization for feature: (27)  number of iterations=14
2025-12-02 18:49:20,292 [I/O dispatcher 6] INFO  marytts.PStream Gradient GV optimization for feature: (28)  number of iterations=8
2025-12-02 18:49:20,292 [I/O dispatcher 6] INFO  marytts.PStream Gradient GV optimization for feature: (29)  number of iterations=14
2025-12-02 18:49:20,293 [I/O dispatcher 6] INFO  marytts.PStream Gradient GV optimization for feature: (30)  number of iterations=13
2025-12-02 18:49:20,294 [I/O dispatcher 6] INFO  marytts.PStream Gradient GV optimization for feature: (31)  number of iterations=13
2025-12-02 18:49:20,295 [I/O dispatcher 6] INFO  marytts.PStream Gradient GV optimization for feature: (32)  number of iterations=8
2025-12-02 18:49:20,296 [I/O dispatcher 6] INFO  marytts.PStream Gradient GV optimization for feature: (33)  number of iterations=8
2025-12-02 18:49:20,297 [I/O dispatcher 6] INFO  marytts.PStream Gradient GV optimization for feature: (34)  number of iterations=28
2025-12-02 18:49:20,297 [I/O dispatcher 6] INFO  marytts.ParameterGeneration Using f0 from maryXML acoustparams
2025-12-02 18:49:20,298 [I/O dispatcher 6] INFO  marytts.PStream Context-dependent global variance optimization: gvLength = 1896
2025-12-02 18:49:20,299 [I/O dispatcher 6] INFO  marytts.PStream Gradient GV optimization for feature: (0)  number of iterations=3
2025-12-02 18:49:20,301 [I/O dispatcher 6] INFO  marytts.PStream Gradient GV optimization for feature: (1)  number of iterations=3
2025-12-02 18:49:20,304 [I/O dispatcher 6] INFO  marytts.PStream Gradient GV optimization for feature: (2)  number of iterations=48
2025-12-02 18:49:20,305 [I/O dispatcher 6] INFO  marytts.PStream Gradient GV optimization for feature: (3)  number of iterations=4
2025-12-02 18:49:20,305 [I/O dispatcher 6] INFO  marytts.PStream Gradient GV optimization for feature: (4)  number of iterations=5
2025-12-02 18:49:20,306 [I/O dispatcher 6] INFO  marytts.HMMSynthesizer Synthesizing one sentence.
2025-12-02 18:49:20,306 [I/O dispatcher 6] INFO  marytts.HTSEngine Using prosody from acoustparams.
2025-12-02 18:49:20,307 [I/O dispatcher 6] INFO  marytts.HTSEngine Number of models in sentence numModel=69  Total number of states numState=345
2025-12-02 18:49:20,307 [I/O dispatcher 6] INFO  marytts.HTSEngine Total number of frames=1120  Number of voiced frames=666
2025-12-02 18:49:20,309 [I/O dispatcher 6] INFO  marytts.ParameterGeneration Parameter generation for MGC: 
2025-12-02 18:49:20,309 [I/O dispatcher 6] INFO  marytts.PStream Context-dependent global variance optimization: gvLength = 1039
2025-12-02 18:49:20,310 [I/O dispatcher 6] INFO  marytts.PStream Gradient GV optimization for feature: (0)  number of iterations=58
2025-12-02 18:49:20,311 [I/O dispatcher 6] INFO  marytts.PStream Gradient GV optimization for feature: (1)  number of iterations=24
2025-12-02 18:49:20,311 [I/O dispatcher 6] INFO  marytts.PStream Gradient GV optimization for feature: (2)  number of iterations=4
2025-12-02 18:49:20,311 [I/O dispatcher 6] INFO  marytts.PStream Gradient GV optimization for feature: (3)  number of iterations=6
2025-12-02 18:49:20,311 [I/O dispatcher 6] INFO  marytts.PStream Gradient GV optimization for feature: (4)  number of iterations=2
2025-12-02 18:49:20,312 [I/O dispatcher 6] INFO  marytts.PStream Gradient GV optimization for feature: (5)  number of iterations=2
2025-12-02 18:49:20,312 [I/O dispatcher 6] INFO  marytts.PStream Gradient GV optimization for feature: (6)  number of iterations=5
2025-12-02 18:49:20,312 [I/O dispatcher 6] INFO  marytts.PStream Gradient GV optimization for feature: (7)  number of iterations=6
2025-12-02 18:49:20,312 [I/O dispatcher 6] INFO  marytts.PStream Gradient GV optimization for feature: (8)  number of iterations=20
2025-12-02 18:49:20,313 [I/O dispatcher 6] INFO  marytts.PStream Gradient GV optimization for feature: (9)  number of iterations=21
2025-12-02 18:49:20,314 [I/O dispatcher 6] INFO  marytts.PStream Gradient GV optimization for feature: (10)  number of iterations=19
2025-12-02 18:49:20,315 [I/O dispatcher 6] INFO  marytts.PStream Gradient GV optimization for feature: (11)  number of iterations=26
2025-12-02 18:49:20,315 [I/O dispatcher 6] INFO  marytts.PStream Gradient GV optimization for feature: (12)  number of iterations=17
2025-12-02 18:49:20,316 [I/O dispatcher 6] INFO  marytts.PStream Gradient GV optimization for feature: (13)  number of iterations=31
2025-12-02 18:49:20,317 [I/O dispatcher 6] INFO  marytts.PStream Gradient GV optimization for feature: (14)  number of iterations=19
2025-12-02 18:49:20,317 [I/O dispatcher 6] INFO  marytts.PStream Gradient GV optimization for feature: (15)  number of iterations=16
2025-12-02 18:49:20,317 [I/O dispatcher 6] INFO  marytts.PStream Gradient GV optimization for feature: (16)  number of iterations=19
2025-12-02 18:49:20,318 [I/O dispatcher 6] INFO  marytts.PStream Gradient GV optimization for feature: (17)  number of iterations=18
2025-12-02 18:49:20,318 [I/O dispatcher 6] INFO  marytts.PStream Gradient GV optimization for feature: (18)  number of iterations=16
2025-12-02 18:49:20,318 [I/O dispatcher 6] INFO  marytts.PStream Gradient GV optimization for feature: (19)  number of iterations=24
2025-12-02 18:49:20,319 [I/O dispatcher 6] INFO  marytts.PStream Gradient GV optimization for feature: (20)  number of iterations=16
2025-12-02 18:49:20,319 [I/O dispatcher 6] INFO  marytts.PStream Gradient GV optimization for feature: (21)  number of iterations=17
2025-12-02 18:49:20,320 [I/O dispatcher 6] INFO  marytts.PStream Gradient GV optimization for feature: (22)  number of iterations=19
2025-12-02 18:49:20,320 [I/O dispatcher 6] INFO  marytts.PStream Gradient GV optimization for feature: (23)  number of iterations=18
2025-12-02 18:49:20,321 [I/O dispatcher 6] INFO  marytts.PStream Gradient GV optimization for feature: (24)  number of iterations=10
2025-12-02 18:49:20,322 [I/O dispatcher 6] INFO  marytts.PStream Gradient GV optimization for feature: (25)  number of iterations=12
2025-12-02 18:49:20,322 [I/O dispatcher 6] INFO  marytts.PStream Gradient GV optimization for feature: (26)  number of iterations=15
2025-12-02 18:49:20,323 [I/O dispatcher 6] INFO  marytts.PStream Gradient GV optimization for feature: (27)  number of iterations=13
2025-12-02 18:49:20,323 [I/O dispatcher 6] INFO  marytts.PStream Gradient GV optimization for feature: (28)  number of iterations=28
2025-12-02 18:49:20,324 [I/O dispatcher 6] INFO  marytts.PStream Gradient GV optimization for feature: (29)  number of iterations=16
2025-12-02 18:49:20,324 [I/O dispatcher 6] INFO  marytts.PStream Gradient GV optimization for feature: (30)  number of iterations=12
2025-12-02 18:49:20,324 [I/O dispatcher 6] INFO  marytts.PStream Gradient GV optimization for feature: (31)  number of iterations=13
2025-12-02 18:49:20,325 [I/O dispatcher 6] INFO  marytts.PStream Gradient GV optimization for feature: (32)  number of iterations=4
2025-12-02 18:49:20,325 [I/O dispatcher 6] INFO  marytts.PStream Gradient GV optimization for feature: (33)  number of iterations=14
2025-12-02 18:49:20,325 [I/O dispatcher 6] INFO  marytts.PStream Gradient GV optimization for feature: (34)  number of iterations=11
2025-12-02 18:49:20,325 [I/O dispatcher 6] INFO  marytts.ParameterGeneration Using f0 from maryXML acoustparams
2025-12-02 18:49:20,325 [I/O dispatcher 6] INFO  marytts.PStream Context-dependent global variance optimization: gvLength = 1039
2025-12-02 18:49:20,326 [I/O dispatcher 6] INFO  marytts.PStream Gradient GV optimization for feature: (0)  number of iterations=5
2025-12-02 18:49:20,326 [I/O dispatcher 6] INFO  marytts.PStream Gradient GV optimization for feature: (1)  number of iterations=20
2025-12-02 18:49:20,327 [I/O dispatcher 6] INFO  marytts.PStream Gradient GV optimization for feature: (2)  number of iterations=22
2025-12-02 18:49:20,327 [I/O dispatcher 6] INFO  marytts.PStream Gradient GV optimization for feature: (3)  number of iterations=8
2025-12-02 18:49:20,328 [I/O dispatcher 6] INFO  marytts.PStream Gradient GV optimization for feature: (4)  number of iterations=2
2025-12-02 18:49:20,328 [I/O dispatcher 6] INFO  marytts.R 5 Request processed in 275 ms.
2025-12-02 18:49:20,328 [I/O dispatcher 6] INFO  marytts.R 5    TextToMaryXML took 0 ms
2025-12-02 18:49:20,328 [I/O dispatcher 6] INFO  marytts.R 5    JTokeniser took 1 ms
2025-12-02 18:49:20,328 [I/O dispatcher 6] INFO  marytts.R 5    Preprocess took 6 ms
2025-12-02 18:49:20,328 [I/O dispatcher 6] INFO  marytts.R 5    OpenNLPPosTagger took 2 ms
2025-12-02 18:49:20,328 [I/O dispatcher 6] INFO  marytts.R 5    JPhonemiser took 5 ms
2025-12-02 18:49:20,328 [I/O dispatcher 6] INFO  marytts.R 5    Prosody took 5 ms
2025-12-02 18:49:20,329 [I/O dispatcher 6] INFO  marytts.R 5    PronunciationModel took 0 ms
2025-12-02 18:49:20,329 [I/O dispatcher 6] INFO  marytts.R 5    AcousticModeller took 60 ms
2025-12-02 18:49:20,329 [I/O dispatcher 6] INFO  marytts.R 5    Synthesis took 196 ms
2025-12-02 18:49:23,271 [I/O dispatcher 6] INFO  marytts.server Request handled successfully.
2025-12-02 18:49:28,301 [I/O dispatcher 6] INFO  marytts.server Connection closed: [closed]
2025-12-02 18:52:10,049 [I/O dispatcher 1] INFO  marytts.server Connection from null
2025-12-02 18:52:10,050 [I/O dispatcher 1] INFO  marytts.R 6 New request (input type "TEXT", output type "AUDIO", voice "cmu-slt-hsmm", effect "", audio "WAVE")
2025-12-02 18:52:10,050 [I/O dispatcher 1] INFO  marytts.server Read: This is a cover letter from Tarek Ben Abdeljelil applying for the Hospital Director position. He highlights his 20+ years of healthcare administration experience and his success in improving patient wait times and satisfaction scores as an Operations Manager. He emphasizes his skills in project management, optimizing systems, and collaborating with teams. He is drawn to the hospital's values of compassion, innovation, and excellence, and is particularly interested in contributing to data-driven strategies for patient care. He hopes to discuss how his experience and vision align with the hospital's strategic goals.

2025-12-02 18:52:10,051 [I/O dispatcher 1] INFO  marytts.R 6 Handling request using the following modules:
2025-12-02 18:52:10,051 [I/O dispatcher 1] INFO  marytts.R 6 - TextToMaryXML (marytts.modules.TextToMaryXML)
2025-12-02 18:52:10,051 [I/O dispatcher 1] INFO  marytts.R 6 Next module: TextToMaryXML
2025-12-02 18:52:10,052 [I/O dispatcher 1] INFO  marytts.R 6 Handling request using the following modules:
2025-12-02 18:52:10,052 [I/O dispatcher 1] INFO  marytts.R 6 - JTokeniser (marytts.language.en.JTokeniser)
2025-12-02 18:52:10,052 [I/O dispatcher 1] INFO  marytts.R 6 - Preprocess (marytts.language.en.Preprocess)
2025-12-02 18:52:10,052 [I/O dispatcher 1] INFO  marytts.R 6 - OpenNLPPosTagger (marytts.modules.OpenNLPPosTagger)
2025-12-02 18:52:10,052 [I/O dispatcher 1] INFO  marytts.R 6 - JPhonemiser (marytts.modules.JPhonemiser)
2025-12-02 18:52:10,052 [I/O dispatcher 1] INFO  marytts.R 6 - Prosody (marytts.language.en.Prosody)
2025-12-02 18:52:10,052 [I/O dispatcher 1] INFO  marytts.R 6 - PronunciationModel (marytts.language.en.PronunciationModel)
2025-12-02 18:52:10,052 [I/O dispatcher 1] INFO  marytts.R 6 - AcousticModeller (marytts.modules.AcousticModeller)
2025-12-02 18:52:10,052 [I/O dispatcher 1] INFO  marytts.R 6 - Synthesis (marytts.modules.Synthesis)
2025-12-02 18:52:10,052 [I/O dispatcher 1] INFO  marytts.R 6 Next module: JTokeniser
2025-12-02 18:52:10,053 [I/O dispatcher 1] INFO  marytts.R 6 Next module: Preprocess
2025-12-02 18:52:10,059 [I/O dispatcher 1] INFO  marytts.R 6 Next module: OpenNLPPosTagger
2025-12-02 18:52:10,061 [I/O dispatcher 1] INFO  marytts.R 6 Next module: JPhonemiser
2025-12-02 18:52:10,066 [I/O dispatcher 1] INFO  marytts.R 6 Next module: Prosody
2025-12-02 18:52:10,072 [I/O dispatcher 1] INFO  marytts.R 6 Next module: PronunciationModel
2025-12-02 18:52:10,073 [I/O dispatcher 1] INFO  marytts.R 6 Next module: AcousticModeller
2025-12-02 18:52:10,128 [I/O dispatcher 1] INFO  marytts.ParameterGeneration Parameter generation for LF0: 
2025-12-02 18:52:10,129 [I/O dispatcher 1] INFO  marytts.PStream Context-dependent global variance optimization: gvLength = 4722
2025-12-02 18:52:10,132 [I/O dispatcher 1] INFO  marytts.PStream Gradient GV optimization for feature: (0)  number of iterations=24
2025-12-02 18:52:10,145 [I/O dispatcher 1] INFO  marytts.R 6 Next module: Synthesis
2025-12-02 18:52:10,145 [I/O dispatcher 1] INFO  marytts.HMMSynthesizer Synthesizing one sentence.
2025-12-02 18:52:10,145 [I/O dispatcher 1] INFO  marytts.HTSEngine Using prosody from acoustparams.
2025-12-02 18:52:10,147 [I/O dispatcher 1] INFO  marytts.HTSEngine Number of models in sentence numModel=69  Total number of states numState=345
2025-12-02 18:52:10,147 [I/O dispatcher 1] INFO  marytts.HTSEngine Total number of frames=1105  Number of voiced frames=731
2025-12-02 18:52:10,148 [I/O dispatcher 1] INFO  marytts.ParameterGeneration Parameter generation for MGC: 
2025-12-02 18:52:10,149 [I/O dispatcher 1] INFO  marytts.PStream Context-dependent global variance optimization: gvLength = 1026
2025-12-02 18:52:10,150 [I/O dispatcher 1] INFO  marytts.PStream Gradient GV optimization for feature: (0)  number of iterations=45
2025-12-02 18:52:10,150 [I/O dispatcher 1] INFO  marytts.PStream Gradient GV optimization for feature: (1)  number of iterations=24
2025-12-02 18:52:10,151 [I/O dispatcher 1] INFO  marytts.PStream Gradient GV optimization for feature: (2)  number of iterations=24
2025-12-02 18:52:10,151 [I/O dispatcher 1] INFO  marytts.PStream Gradient GV optimization for feature: (3)  number of iterations=2
2025-12-02 18:52:10,151 [I/O dispatcher 1] INFO  marytts.PStream Gradient GV optimization for feature: (4)  number of iterations=22
2025-12-02 18:52:10,152 [I/O dispatcher 1] INFO  marytts.PStream Gradient GV optimization for feature: (5)  number of iterations=31
2025-12-02 18:52:10,152 [I/O dispatcher 1] INFO  marytts.PStream Gradient GV optimization for feature: (6)  number of iterations=2
2025-12-02 18:52:10,153 [I/O dispatcher 1] INFO  marytts.PStream Gradient GV optimization for feature: (7)  number of iterations=21
2025-12-02 18:52:10,153 [I/O dispatcher 1] INFO  marytts.PStream Gradient GV optimization for feature: (8)  number of iterations=20
2025-12-02 18:52:10,154 [I/O dispatcher 1] INFO  marytts.PStream Gradient GV optimization for feature: (9)  number of iterations=25
2025-12-02 18:52:10,154 [I/O dispatcher 1] INFO  marytts.PStream Gradient GV optimization for feature: (10)  number of iterations=17
2025-12-02 18:52:10,155 [I/O dispatcher 1] INFO  marytts.PStream Gradient GV optimization for feature: (11)  number of iterations=18
2025-12-02 18:52:10,155 [I/O dispatcher 1] INFO  marytts.PStream Gradient GV optimization for feature: (12)  number of iterations=4
2025-12-02 18:52:10,155 [I/O dispatcher 1] INFO  marytts.PStream Gradient GV optimization for feature: (13)  number of iterations=21
2025-12-02 18:52:10,156 [I/O dispatcher 1] INFO  marytts.PStream Gradient GV optimization for feature: (14)  number of iterations=19
2025-12-02 18:52:10,156 [I/O dispatcher 1] INFO  marytts.PStream Gradient GV optimization for feature: (15)  number of iterations=16
2025-12-02 18:52:10,156 [I/O dispatcher 1] INFO  marytts.PStream Gradient GV optimization for feature: (16)  number of iterations=20
2025-12-02 18:52:10,157 [I/O dispatcher 1] INFO  marytts.PStream Gradient GV optimization for feature: (17)  number of iterations=32
2025-12-02 18:52:10,157 [I/O dispatcher 1] INFO  marytts.PStream Gradient GV optimization for feature: (18)  number of iterations=17
2025-12-02 18:52:10,158 [I/O dispatcher 1] INFO  marytts.PStream Gradient GV optimization for feature: (19)  number of iterations=36
2025-12-02 18:52:10,158 [I/O dispatcher 1] INFO  marytts.PStream Gradient GV optimization for feature: (20)  number of iterations=14
2025-12-02 18:52:10,160 [I/O dispatcher 1] INFO  marytts.PStream Gradient GV optimization for feature: (21)  number of iterations=18
2025-12-02 18:52:10,160 [I/O dispatcher 1] INFO  marytts.PStream Gradient GV optimization for feature: (22)  number of iterations=19
2025-12-02 18:52:10,161 [I/O dispatcher 1] INFO  marytts.PStream Gradient GV optimization for feature: (23)  number of iterations=15
2025-12-02 18:52:10,161 [I/O dispatcher 1] INFO  marytts.PStream Gradient GV optimization for feature: (24)  number of iterations=16
2025-12-02 18:52:10,162 [I/O dispatcher 1] INFO  marytts.PStream Gradient GV optimization for feature: (25)  number of iterations=12
2025-12-02 18:52:10,163 [I/O dispatcher 1] INFO  marytts.PStream Gradient GV optimization for feature: (26)  number of iterations=14
2025-12-02 18:52:10,163 [I/O dispatcher 1] INFO  marytts.PStream Gradient GV optimization for feature: (27)  number of iterations=13
2025-12-02 18:52:10,164 [I/O dispatcher 1] INFO  marytts.PStream Gradient GV optimization for feature: (28)  number of iterations=16
2025-12-02 18:52:10,165 [I/O dispatcher 1] INFO  marytts.PStream Gradient GV optimization for feature: (29)  number of iterations=17
2025-12-02 18:52:10,165 [I/O dispatcher 1] INFO  marytts.PStream Gradient GV optimization for feature: (30)  number of iterations=13
2025-12-02 18:52:10,166 [I/O dispatcher 1] INFO  marytts.PStream Gradient GV optimization for feature: (31)  number of iterations=13
2025-12-02 18:52:10,167 [I/O dispatcher 1] INFO  marytts.PStream Gradient GV optimization for feature: (32)  number of iterations=10
2025-12-02 18:52:10,167 [I/O dispatcher 1] INFO  marytts.PStream Gradient GV optimization for feature: (33)  number of iterations=14
2025-12-02 18:52:10,168 [I/O dispatcher 1] INFO  marytts.PStream Gradient GV optimization for feature: (34)  number of iterations=42
2025-12-02 18:52:10,168 [I/O dispatcher 1] INFO  marytts.ParameterGeneration Using f0 from maryXML acoustparams
2025-12-02 18:52:10,170 [I/O dispatcher 1] INFO  marytts.PStream Context-dependent global variance optimization: gvLength = 1026
2025-12-02 18:52:10,171 [I/O dispatcher 1] INFO  marytts.PStream Gradient GV optimization for feature: (0)  number of iterations=20
2025-12-02 18:52:10,172 [I/O dispatcher 1] INFO  marytts.PStream Gradient GV optimization for feature: (1)  number of iterations=21
2025-12-02 18:52:10,173 [I/O dispatcher 1] INFO  marytts.PStream Gradient GV optimization for feature: (2)  number of iterations=3
2025-12-02 18:52:10,173 [I/O dispatcher 1] INFO  marytts.PStream Gradient GV optimization for feature: (3)  number of iterations=12
2025-12-02 18:52:10,173 [I/O dispatcher 1] INFO  marytts.PStream Gradient GV optimization for feature: (4)  number of iterations=2
2025-12-02 18:52:10,174 [I/O dispatcher 1] INFO  marytts.HMMSynthesizer Synthesizing one sentence.
2025-12-02 18:52:10,174 [I/O dispatcher 1] INFO  marytts.HTSEngine Using prosody from acoustparams.
2025-12-02 18:52:10,175 [I/O dispatcher 1] INFO  marytts.HTSEngine Number of models in sentence numModel=130  Total number of states numState=650
2025-12-02 18:52:10,175 [I/O dispatcher 1] INFO  marytts.HTSEngine Total number of frames=2071  Number of voiced frames=1261
2025-12-02 18:52:10,180 [I/O dispatcher 1] INFO  marytts.ParameterGeneration Parameter generation for MGC: 
2025-12-02 18:52:10,180 [I/O dispatcher 1] INFO  marytts.PStream Context-dependent global variance optimization: gvLength = 1992
2025-12-02 18:52:10,184 [I/O dispatcher 1] INFO  marytts.PStream Gradient GV optimization for feature: (0)  number of iterations=65
2025-12-02 18:52:10,185 [I/O dispatcher 1] INFO  marytts.PStream Gradient GV optimization for feature: (1)  number of iterations=2
2025-12-02 18:52:10,186 [I/O dispatcher 1] INFO  marytts.PStream Gradient GV optimization for feature: (2)  number of iterations=2
2025-12-02 18:52:10,187 [I/O dispatcher 1] INFO  marytts.PStream Gradient GV optimization for feature: (3)  number of iterations=4
2025-12-02 18:52:10,188 [I/O dispatcher 1] INFO  marytts.PStream Gradient GV optimization for feature: (4)  number of iterations=5
2025-12-02 18:52:10,188 [I/O dispatcher 1] INFO  marytts.PStream Gradient GV optimization for feature: (5)  number of iterations=4
2025-12-02 18:52:10,191 [I/O dispatcher 1] INFO  marytts.PStream Gradient GV optimization for feature: (6)  number of iterations=23
2025-12-02 18:52:10,192 [I/O dispatcher 1] INFO  marytts.PStream Gradient GV optimization for feature: (7)  number of iterations=23
2025-12-02 18:52:10,195 [I/O dispatcher 1] INFO  marytts.PStream Gradient GV optimization for feature: (8)  number of iterations=20
2025-12-02 18:52:10,197 [I/O dispatcher 1] INFO  marytts.PStream Gradient GV optimization for feature: (9)  number of iterations=20
2025-12-02 18:52:10,199 [I/O dispatcher 1] INFO  marytts.PStream Gradient GV optimization for feature: (10)  number of iterations=19
2025-12-02 18:52:10,201 [I/O dispatcher 1] INFO  marytts.PStream Gradient GV optimization for feature: (11)  number of iterations=19
2025-12-02 18:52:10,203 [I/O dispatcher 1] INFO  marytts.PStream Gradient GV optimization for feature: (12)  number of iterations=17
2025-12-02 18:52:10,205 [I/O dispatcher 1] INFO  marytts.PStream Gradient GV optimization for feature: (13)  number of iterations=25
2025-12-02 18:52:10,207 [I/O dispatcher 1] INFO  marytts.PStream Gradient GV optimization for feature: (14)  number of iterations=21
2025-12-02 18:52:10,209 [I/O dispatcher 1] INFO  marytts.PStream Gradient GV optimization for feature: (15)  number of iterations=17
2025-12-02 18:52:10,211 [I/O dispatcher 1] INFO  marytts.PStream Gradient GV optimization for feature: (16)  number of iterations=20
2025-12-02 18:52:10,213 [I/O dispatcher 1] INFO  marytts.PStream Gradient GV optimization for feature: (17)  number of iterations=24
2025-12-02 18:52:10,214 [I/O dispatcher 1] INFO  marytts.PStream Gradient GV optimization for feature: (18)  number of iterations=17
2025-12-02 18:52:10,216 [I/O dispatcher 1] INFO  marytts.PStream Gradient GV optimization for feature: (19)  number of iterations=15
2025-12-02 18:52:10,218 [I/O dispatcher 1] INFO  marytts.PStream Gradient GV optimization for feature: (20)  number of iterations=15
2025-12-02 18:52:10,219 [I/O dispatcher 1] INFO  marytts.PStream Gradient GV optimization for feature: (21)  number of iterations=15
2025-12-02 18:52:10,220 [I/O dispatcher 1] INFO  marytts.PStream Gradient GV optimization for feature: (22)  number of iterations=20
2025-12-02 18:52:10,223 [I/O dispatcher 1] INFO  marytts.PStream Gradient GV optimization for feature: (23)  number of iterations=15
2025-12-02 18:52:10,224 [I/O dispatcher 1] INFO  marytts.PStream Gradient GV optimization for feature: (24)  number of iterations=10
2025-12-02 18:52:10,225 [I/O dispatcher 1] INFO  marytts.PStream Gradient GV optimization for feature: (25)  number of iterations=12
2025-12-02 18:52:10,226 [I/O dispatcher 1] INFO  marytts.PStream Gradient GV optimization for feature: (26)  number of iterations=11
2025-12-02 18:52:10,228 [I/O dispatcher 1] INFO  marytts.PStream Gradient GV optimization for feature: (27)  number of iterations=13
2025-12-02 18:52:10,230 [I/O dispatcher 1] INFO  marytts.PStream Gradient GV optimization for feature: (28)  number of iterations=20
2025-12-02 18:52:10,231 [I/O dispatcher 1] INFO  marytts.PStream Gradient GV optimization for feature: (29)  number of iterations=14
2025-12-02 18:52:10,232 [I/O dispatcher 1] INFO  marytts.PStream Gradient GV optimization for feature: (30)  number of iterations=12
2025-12-02 18:52:10,233 [I/O dispatcher 1] INFO  marytts.PStream Gradient GV optimization for feature: (31)  number of iterations=12
2025-12-02 18:52:10,234 [I/O dispatcher 1] INFO  marytts.PStream Gradient GV optimization for feature: (32)  number of iterations=3
2025-12-02 18:52:10,236 [I/O dispatcher 1] INFO  marytts.PStream Gradient GV optimization for feature: (33)  number of iterations=16
2025-12-02 18:52:10,237 [I/O dispatcher 1] INFO  marytts.PStream Gradient GV optimization for feature: (34)  number of iterations=14
2025-12-02 18:52:10,237 [I/O dispatcher 1] INFO  marytts.ParameterGeneration Using f0 from maryXML acoustparams
2025-12-02 18:52:10,237 [I/O dispatcher 1] INFO  marytts.PStream Context-dependent global variance optimization: gvLength = 1992
2025-12-02 18:52:10,240 [I/O dispatcher 1] INFO  marytts.PStream Gradient GV optimization for feature: (0)  number of iterations=47
2025-12-02 18:52:10,241 [I/O dispatcher 1] INFO  marytts.PStream Gradient GV optimization for feature: (1)  number of iterations=9
2025-12-02 18:52:10,243 [I/O dispatcher 1] INFO  marytts.PStream Gradient GV optimization for feature: (2)  number of iterations=22
2025-12-02 18:52:10,243 [I/O dispatcher 1] INFO  marytts.PStream Gradient GV optimization for feature: (3)  number of iterations=4
2025-12-02 18:52:10,244 [I/O dispatcher 1] INFO  marytts.PStream Gradient GV optimization for feature: (4)  number of iterations=5
2025-12-02 18:52:10,244 [I/O dispatcher 1] INFO  marytts.HMMSynthesizer Synthesizing one sentence.
2025-12-02 18:52:10,245 [I/O dispatcher 1] INFO  marytts.HTSEngine Using prosody from acoustparams.
2025-12-02 18:52:10,245 [I/O dispatcher 1] INFO  marytts.HTSEngine Number of models in sentence numModel=76  Total number of states numState=380
2025-12-02 18:52:10,245 [I/O dispatcher 1] INFO  marytts.HTSEngine Total number of frames=1414  Number of voiced frames=780
2025-12-02 18:52:10,249 [I/O dispatcher 1] INFO  marytts.ParameterGeneration Parameter generation for MGC: 
2025-12-02 18:52:10,249 [I/O dispatcher 1] INFO  marytts.PStream Context-dependent global variance optimization: gvLength = 1175
2025-12-02 18:52:10,250 [I/O dispatcher 1] INFO  marytts.PStream Gradient GV optimization for feature: (0)  number of iterations=31
2025-12-02 18:52:10,251 [I/O dispatcher 1] INFO  marytts.PStream Gradient GV optimization for feature: (1)  number of iterations=23
2025-12-02 18:52:10,252 [I/O dispatcher 1] INFO  marytts.PStream Gradient GV optimization for feature: (2)  number of iterations=7
2025-12-02 18:52:10,252 [I/O dispatcher 1] INFO  marytts.PStream Gradient GV optimization for feature: (3)  number of iterations=2
2025-12-02 18:52:10,253 [I/O dispatcher 1] INFO  marytts.PStream Gradient GV optimization for feature: (4)  number of iterations=2
2025-12-02 18:52:10,253 [I/O dispatcher 1] INFO  marytts.PStream Gradient GV optimization for feature: (5)  number of iterations=3
2025-12-02 18:52:10,254 [I/O dispatcher 1] INFO  marytts.PStream Gradient GV optimization for feature: (6)  number of iterations=5
2025-12-02 18:52:10,255 [I/O dispatcher 1] INFO  marytts.PStream Gradient GV optimization for feature: (7)  number of iterations=21
2025-12-02 18:52:10,256 [I/O dispatcher 1] INFO  marytts.PStream Gradient GV optimization for feature: (8)  number of iterations=23
2025-12-02 18:52:10,257 [I/O dispatcher 1] INFO  marytts.PStream Gradient GV optimization for feature: (9)  number of iterations=18
2025-12-02 18:52:10,258 [I/O dispatcher 1] INFO  marytts.PStream Gradient GV optimization for feature: (10)  number of iterations=17
2025-12-02 18:52:10,259 [I/O dispatcher 1] INFO  marytts.PStream Gradient GV optimization for feature: (11)  number of iterations=17
2025-12-02 18:52:10,259 [I/O dispatcher 1] INFO  marytts.PStream Gradient GV optimization for feature: (12)  number of iterations=17
2025-12-02 18:52:10,261 [I/O dispatcher 1] INFO  marytts.PStream Gradient GV optimization for feature: (13)  number of iterations=25
2025-12-02 18:52:10,262 [I/O dispatcher 1] INFO  marytts.PStream Gradient GV optimization for feature: (14)  number of iterations=18
2025-12-02 18:52:10,263 [I/O dispatcher 1] INFO  marytts.PStream Gradient GV optimization for feature: (15)  number of iterations=14
2025-12-02 18:52:10,264 [I/O dispatcher 1] INFO  marytts.PStream Gradient GV optimization for feature: (16)  number of iterations=24
2025-12-02 18:52:10,265 [I/O dispatcher 1] INFO  marytts.PStream Gradient GV optimization for feature: (17)  number of iterations=18
2025-12-02 18:52:10,265 [I/O dispatcher 1] INFO  marytts.PStream Gradient GV optimization for feature: (18)  number of iterations=17
2025-12-02 18:52:10,266 [I/O dispatcher 1] INFO  marytts.PStream Gradient GV optimization for feature: (19)  number of iterations=12
2025-12-02 18:52:10,266 [I/O dispatcher 1] INFO  marytts.PStream Gradient GV optimization for feature: (20)  number of iterations=14
2025-12-02 18:52:10,267 [I/O dispatcher 1] INFO  marytts.PStream Gradient GV optimization for feature: (21)  number of iterations=16
2025-12-02 18:52:10,267 [I/O dispatcher 1] INFO  marytts.PStream Gradient GV optimization for feature: (22)  number of iterations=5
2025-12-02 18:52:10,267 [I/O dispatcher 1] INFO  marytts.PStream Gradient GV optimization for feature: (23)  number of iterations=14
2025-12-02 18:52:10,267 [I/O dispatcher 1] INFO  marytts.PStream Gradient GV optimization for feature: (24)  number of iterations=10
2025-12-02 18:52:10,268 [I/O dispatcher 1] INFO  marytts.PStream Gradient GV optimization for feature: (25)  number of iterations=10
2025-12-02 18:52:10,269 [I/O dispatcher 1] INFO  marytts.PStream Gradient GV optimization for feature: (26)  number of iterations=12
2025-12-02 18:52:10,269 [I/O dispatcher 1] INFO  marytts.PStream Gradient GV optimization for feature: (27)  number of iterations=13
2025-12-02 18:52:10,269 [I/O dispatcher 1] INFO  marytts.PStream Gradient GV optimization for feature: (28)  number of iterations=8
2025-12-02 18:52:10,269 [I/O dispatcher 1] INFO  marytts.PStream Gradient GV optimization for feature: (29)  number of iterations=14
2025-12-02 18:52:10,271 [I/O dispatcher 1] INFO  marytts.PStream Gradient GV optimization for feature: (30)  number of iterations=13
2025-12-02 18:52:10,272 [I/O dispatcher 1] INFO  marytts.PStream Gradient GV optimization for feature: (31)  number of iterations=14
2025-12-02 18:52:10,272 [I/O dispatcher 1] INFO  marytts.PStream Gradient GV optimization for feature: (32)  number of iterations=6
2025-12-02 18:52:10,272 [I/O dispatcher 1] INFO  marytts.PStream Gradient GV optimization for feature: (33)  number of iterations=9
2025-12-02 18:52:10,273 [I/O dispatcher 1] INFO  marytts.PStream Gradient GV optimization for feature: (34)  number of iterations=12
2025-12-02 18:52:10,273 [I/O dispatcher 1] INFO  marytts.ParameterGeneration Using f0 from maryXML acoustparams
2025-12-02 18:52:10,273 [I/O dispatcher 1] INFO  marytts.PStream Context-dependent global variance optimization: gvLength = 1175
2025-12-02 18:52:10,273 [I/O dispatcher 1] INFO  marytts.PStream Gradient GV optimization for feature: (0)  number of iterations=17
2025-12-02 18:52:10,274 [I/O dispatcher 1] INFO  marytts.PStream Gradient GV optimization for feature: (1)  number of iterations=16
2025-12-02 18:52:10,275 [I/O dispatcher 1] INFO  marytts.PStream Gradient GV optimization for feature: (2)  number of iterations=32
2025-12-02 18:52:10,277 [I/O dispatcher 1] INFO  marytts.PStream Gradient GV optimization for feature: (3)  number of iterations=18
2025-12-02 18:52:10,277 [I/O dispatcher 1] INFO  marytts.PStream Gradient GV optimization for feature: (4)  number of iterations=12
2025-12-02 18:52:10,278 [I/O dispatcher 1] INFO  marytts.HMMSynthesizer Synthesizing one sentence.
2025-12-02 18:52:10,279 [I/O dispatcher 1] INFO  marytts.HTSEngine Using prosody from acoustparams.
2025-12-02 18:52:10,280 [I/O dispatcher 1] INFO  marytts.HTSEngine Number of models in sentence numModel=133  Total number of states numState=665
2025-12-02 18:52:10,280 [I/O dispatcher 1] INFO  marytts.HTSEngine Total number of frames=2216  Number of voiced frames=1294
2025-12-02 18:52:10,285 [I/O dispatcher 1] INFO  marytts.ParameterGeneration Parameter generation for MGC: 
2025-12-02 18:52:10,285 [I/O dispatcher 1] INFO  marytts.PStream Context-dependent global variance optimization: gvLength = 1896
2025-12-02 18:52:10,290 [I/O dispatcher 1] INFO  marytts.PStream    optimization stopped by reaching max number of iterations (no global variance applied)
2025-12-02 18:52:10,290 [I/O dispatcher 1] INFO  marytts.PStream Gradient GV optimization for feature: (0)  number of iterations=101
2025-12-02 18:52:10,291 [I/O dispatcher 1] INFO  marytts.PStream Gradient GV optimization for feature: (1)  number of iterations=2
2025-12-02 18:52:10,291 [I/O dispatcher 1] INFO  marytts.PStream Gradient GV optimization for feature: (2)  number of iterations=2
2025-12-02 18:52:10,292 [I/O dispatcher 1] INFO  marytts.PStream Gradient GV optimization for feature: (3)  number of iterations=5
2025-12-02 18:52:10,292 [I/O dispatcher 1] INFO  marytts.PStream Gradient GV optimization for feature: (4)  number of iterations=7
2025-12-02 18:52:10,293 [I/O dispatcher 1] INFO  marytts.PStream Gradient GV optimization for feature: (5)  number of iterations=6
2025-12-02 18:52:10,293 [I/O dispatcher 1] INFO  marytts.PStream Gradient GV optimization for feature: (6)  number of iterations=22
2025-12-02 18:52:10,294 [I/O dispatcher 1] INFO  marytts.PStream Gradient GV optimization for feature: (7)  number of iterations=21
2025-12-02 18:52:10,295 [I/O dispatcher 1] INFO  marytts.PStream Gradient GV optimization for feature: (8)  number of iterations=20
2025-12-02 18:52:10,297 [I/O dispatcher 1] INFO  marytts.PStream Gradient GV optimization for feature: (9)  number of iterations=18
2025-12-02 18:52:10,298 [I/O dispatcher 1] INFO  marytts.PStream Gradient GV optimization for feature: (10)  number of iterations=20
2025-12-02 18:52:10,299 [I/O dispatcher 1] INFO  marytts.PStream Gradient GV optimization for feature: (11)  number of iterations=19
2025-12-02 18:52:10,300 [I/O dispatcher 1] INFO  marytts.PStream Gradient GV optimization for feature: (12)  number of iterations=20
2025-12-02 18:52:10,301 [I/O dispatcher 1] INFO  marytts.PStream Gradient GV optimization for feature: (13)  number of iterations=23
2025-12-02 18:52:10,302 [I/O dispatcher 1] INFO  marytts.PStream Gradient GV optimization for feature: (14)  number of iterations=19
2025-12-02 18:52:10,304 [I/O dispatcher 1] INFO  marytts.PStream Gradient GV optimization for feature: (15)  number of iterations=26
2025-12-02 18:52:10,305 [I/O dispatcher 1] INFO  marytts.PStream Gradient GV optimization for feature: (16)  number of iterations=19
2025-12-02 18:52:10,306 [I/O dispatcher 1] INFO  marytts.PStream Gradient GV optimization for feature: (17)  number of iterations=17
2025-12-02 18:52:10,306 [I/O dispatcher 1] INFO  marytts.PStream Gradient GV optimization for feature: (18)  number of iterations=17
2025-12-02 18:52:10,307 [I/O dispatcher 1] INFO  marytts.PStream Gradient GV optimization for feature: (19)  number of iterations=10
2025-12-02 18:52:10,308 [I/O dispatcher 1] INFO  marytts.PStream Gradient GV optimization for feature: (20)  number of iterations=16
2025-12-02 18:52:10,309 [I/O dispatcher 1] INFO  marytts.PStream Gradient GV optimization for feature: (21)  number of iterations=14
2025-12-02 18:52:10,310 [I/O dispatcher 1] INFO  marytts.PStream Gradient GV optimization for feature: (22)  number of iterations=19
2025-12-02 18:52:10,312 [I/O dispatcher 1] INFO  marytts.PStream Gradient GV optimization for feature: (23)  number of iterations=23
2025-12-02 18:52:10,312 [I/O dispatcher 1] INFO  marytts.PStream Gradient GV optimization for feature: (24)  number of iterations=12
2025-12-02 18:52:10,313 [I/O dispatcher 1] INFO  marytts.PStream Gradient GV optimization for feature: (25)  number of iterations=10
2025-12-02 18:52:10,314 [I/O dispatcher 1] INFO  marytts.PStream Gradient GV optimization for feature: (26)  number of iterations=11
2025-12-02 18:52:10,315 [I/O dispatcher 1] INFO  marytts.PStream Gradient GV optimization for feature: (27)  number of iterations=14
2025-12-02 18:52:10,316 [I/O dispatcher 1] INFO  marytts.PStream Gradient GV optimization for feature: (28)  number of iterations=8
2025-12-02 18:52:10,317 [I/O dispatcher 1] INFO  marytts.PStream Gradient GV optimization for feature: (29)  number of iterations=14
2025-12-02 18:52:10,318 [I/O dispatcher 1] INFO  marytts.PStream Gradient GV optimization for feature: (30)  number of iterations=13
2025-12-02 18:52:10,320 [I/O dispatcher 1] INFO  marytts.PStream Gradient GV optimization for feature: (31)  number of iterations=13
2025-12-02 18:52:10,321 [I/O dispatcher 1] INFO  marytts.PStream Gradient GV optimization for feature: (32)  number of iterations=8
2025-12-02 18:52:10,322 [I/O dispatcher 1] INFO  marytts.PStream Gradient GV optimization for feature: (33)  number of iterations=8
2025-12-02 18:52:10,325 [I/O dispatcher 1] INFO  marytts.PStream Gradient GV optimization for feature: (34)  number of iterations=28
2025-12-02 18:52:10,325 [I/O dispatcher 1] INFO  marytts.ParameterGeneration Using f0 from maryXML acoustparams
2025-12-02 18:52:10,326 [I/O dispatcher 1] INFO  marytts.PStream Context-dependent global variance optimization: gvLength = 1896
2025-12-02 18:52:10,327 [I/O dispatcher 1] INFO  marytts.PStream Gradient GV optimization for feature: (0)  number of iterations=3
2025-12-02 18:52:10,330 [I/O dispatcher 1] INFO  marytts.PStream Gradient GV optimization for feature: (1)  number of iterations=3
2025-12-02 18:52:10,331 [I/O dispatcher 1] INFO  marytts.PStream Gradient GV optimization for feature: (2)  number of iterations=48
2025-12-02 18:52:10,332 [I/O dispatcher 1] INFO  marytts.PStream Gradient GV optimization for feature: (3)  number of iterations=4
2025-12-02 18:52:10,333 [I/O dispatcher 1] INFO  marytts.PStream Gradient GV optimization for feature: (4)  number of iterations=5
2025-12-02 18:52:10,333 [I/O dispatcher 1] INFO  marytts.HMMSynthesizer Synthesizing one sentence.
2025-12-02 18:52:10,334 [I/O dispatcher 1] INFO  marytts.HTSEngine Using prosody from acoustparams.
2025-12-02 18:52:10,334 [I/O dispatcher 1] INFO  marytts.HTSEngine Number of models in sentence numModel=69  Total number of states numState=345
2025-12-02 18:52:10,334 [I/O dispatcher 1] INFO  marytts.HTSEngine Total number of frames=1120  Number of voiced frames=666
2025-12-02 18:52:10,336 [I/O dispatcher 1] INFO  marytts.ParameterGeneration Parameter generation for MGC: 
2025-12-02 18:52:10,336 [I/O dispatcher 1] INFO  marytts.PStream Context-dependent global variance optimization: gvLength = 1039
2025-12-02 18:52:10,337 [I/O dispatcher 1] INFO  marytts.PStream Gradient GV optimization for feature: (0)  number of iterations=58
2025-12-02 18:52:10,338 [I/O dispatcher 1] INFO  marytts.PStream Gradient GV optimization for feature: (1)  number of iterations=24
2025-12-02 18:52:10,338 [I/O dispatcher 1] INFO  marytts.PStream Gradient GV optimization for feature: (2)  number of iterations=4
2025-12-02 18:52:10,338 [I/O dispatcher 1] INFO  marytts.PStream Gradient GV optimization for feature: (3)  number of iterations=6
2025-12-02 18:52:10,339 [I/O dispatcher 1] INFO  marytts.PStream Gradient GV optimization for feature: (4)  number of iterations=2
2025-12-02 18:52:10,339 [I/O dispatcher 1] INFO  marytts.PStream Gradient GV optimization for feature: (5)  number of iterations=2
2025-12-02 18:52:10,340 [I/O dispatcher 1] INFO  marytts.PStream Gradient GV optimization for feature: (6)  number of iterations=5
2025-12-02 18:52:10,340 [I/O dispatcher 1] INFO  marytts.PStream Gradient GV optimization for feature: (7)  number of iterations=6
2025-12-02 18:52:10,341 [I/O dispatcher 1] INFO  marytts.PStream Gradient GV optimization for feature: (8)  number of iterations=20
2025-12-02 18:52:10,341 [I/O dispatcher 1] INFO  marytts.PStream Gradient GV optimization for feature: (9)  number of iterations=21
2025-12-02 18:52:10,341 [I/O dispatcher 1] INFO  marytts.PStream Gradient GV optimization for feature: (10)  number of iterations=19
2025-12-02 18:52:10,342 [I/O dispatcher 1] INFO  marytts.PStream Gradient GV optimization for feature: (11)  number of iterations=26
2025-12-02 18:52:10,342 [I/O dispatcher 1] INFO  marytts.PStream Gradient GV optimization for feature: (12)  number of iterations=17
2025-12-02 18:52:10,343 [I/O dispatcher 1] INFO  marytts.PStream Gradient GV optimization for feature: (13)  number of iterations=31
2025-12-02 18:52:10,343 [I/O dispatcher 1] INFO  marytts.PStream Gradient GV optimization for feature: (14)  number of iterations=19
2025-12-02 18:52:10,344 [I/O dispatcher 1] INFO  marytts.PStream Gradient GV optimization for feature: (15)  number of iterations=16
2025-12-02 18:52:10,344 [I/O dispatcher 1] INFO  marytts.PStream Gradient GV optimization for feature: (16)  number of iterations=19
2025-12-02 18:52:10,345 [I/O dispatcher 1] INFO  marytts.PStream Gradient GV optimization for feature: (17)  number of iterations=18
2025-12-02 18:52:10,346 [I/O dispatcher 1] INFO  marytts.PStream Gradient GV optimization for feature: (18)  number of iterations=16
2025-12-02 18:52:10,346 [I/O dispatcher 1] INFO  marytts.PStream Gradient GV optimization for feature: (19)  number of iterations=24
2025-12-02 18:52:10,347 [I/O dispatcher 1] INFO  marytts.PStream Gradient GV optimization for feature: (20)  number of iterations=16
2025-12-02 18:52:10,348 [I/O dispatcher 1] INFO  marytts.PStream Gradient GV optimization for feature: (21)  number of iterations=17
2025-12-02 18:52:10,349 [I/O dispatcher 1] INFO  marytts.PStream Gradient GV optimization for feature: (22)  number of iterations=19
2025-12-02 18:52:10,349 [I/O dispatcher 1] INFO  marytts.PStream Gradient GV optimization for feature: (23)  number of iterations=18
2025-12-02 18:52:10,350 [I/O dispatcher 1] INFO  marytts.PStream Gradient GV optimization for feature: (24)  number of iterations=10
2025-12-02 18:52:10,351 [I/O dispatcher 1] INFO  marytts.PStream Gradient GV optimization for feature: (25)  number of iterations=12
2025-12-02 18:52:10,351 [I/O dispatcher 1] INFO  marytts.PStream Gradient GV optimization for feature: (26)  number of iterations=15
2025-12-02 18:52:10,353 [I/O dispatcher 1] INFO  marytts.PStream Gradient GV optimization for feature: (27)  number of iterations=13
2025-12-02 18:52:10,354 [I/O dispatcher 1] INFO  marytts.PStream Gradient GV optimization for feature: (28)  number of iterations=28
2025-12-02 18:52:10,354 [I/O dispatcher 1] INFO  marytts.PStream Gradient GV optimization for feature: (29)  number of iterations=16
2025-12-02 18:52:10,355 [I/O dispatcher 1] INFO  marytts.PStream Gradient GV optimization for feature: (30)  number of iterations=12
2025-12-02 18:52:10,356 [I/O dispatcher 1] INFO  marytts.PStream Gradient GV optimization for feature: (31)  number of iterations=13
2025-12-02 18:52:10,356 [I/O dispatcher 1] INFO  marytts.PStream Gradient GV optimization for feature: (32)  number of iterations=4
2025-12-02 18:52:10,357 [I/O dispatcher 1] INFO  marytts.PStream Gradient GV optimization for feature: (33)  number of iterations=14
2025-12-02 18:52:10,358 [I/O dispatcher 1] INFO  marytts.PStream Gradient GV optimization for feature: (34)  number of iterations=11
2025-12-02 18:52:10,358 [I/O dispatcher 1] INFO  marytts.ParameterGeneration Using f0 from maryXML acoustparams
2025-12-02 18:52:10,358 [I/O dispatcher 1] INFO  marytts.PStream Context-dependent global variance optimization: gvLength = 1039
2025-12-02 18:52:10,359 [I/O dispatcher 1] INFO  marytts.PStream Gradient GV optimization for feature: (0)  number of iterations=5
2025-12-02 18:52:10,360 [I/O dispatcher 1] INFO  marytts.PStream Gradient GV optimization for feature: (1)  number of iterations=20
2025-12-02 18:52:10,360 [I/O dispatcher 1] INFO  marytts.PStream Gradient GV optimization for feature: (2)  number of iterations=22
2025-12-02 18:52:10,361 [I/O dispatcher 1] INFO  marytts.PStream Gradient GV optimization for feature: (3)  number of iterations=8
2025-12-02 18:52:10,362 [I/O dispatcher 1] INFO  marytts.PStream Gradient GV optimization for feature: (4)  number of iterations=2
2025-12-02 18:52:10,362 [I/O dispatcher 1] INFO  marytts.R 6 Request processed in 311 ms.
2025-12-02 18:52:10,362 [I/O dispatcher 1] INFO  marytts.R 6    TextToMaryXML took 0 ms
2025-12-02 18:52:10,362 [I/O dispatcher 1] INFO  marytts.R 6    JTokeniser took 1 ms
2025-12-02 18:52:10,362 [I/O dispatcher 1] INFO  marytts.R 6    Preprocess took 6 ms
2025-12-02 18:52:10,362 [I/O dispatcher 1] INFO  marytts.R 6    OpenNLPPosTagger took 2 ms
2025-12-02 18:52:10,362 [I/O dispatcher 1] INFO  marytts.R 6    JPhonemiser took 5 ms
2025-12-02 18:52:10,362 [I/O dispatcher 1] INFO  marytts.R 6    Prosody took 6 ms
2025-12-02 18:52:10,362 [I/O dispatcher 1] INFO  marytts.R 6    PronunciationModel took 1 ms
2025-12-02 18:52:10,362 [I/O dispatcher 1] INFO  marytts.R 6    AcousticModeller took 72 ms
2025-12-02 18:52:10,362 [I/O dispatcher 1] INFO  marytts.R 6    Synthesis took 217 ms
2025-12-02 18:52:13,292 [I/O dispatcher 1] INFO  marytts.server Request handled successfully.
2025-12-02 18:52:18,324 [I/O dispatcher 1] INFO  marytts.server Connection closed: [closed]
2025-12-02 19:07:36,519 [I/O dispatcher 2] INFO  marytts.server Connection from null
2025-12-02 19:07:36,520 [I/O dispatcher 2] INFO  marytts.R 7 New request (input type "TEXT", output type "AUDIO", voice "cmu-slt-hsmm", effect "", audio "WAVE")
2025-12-02 19:07:36,520 [I/O dispatcher 2] INFO  marytts.server Read: You're likely thinking of **Lamine Yamal**.

There is no widely known person named "Yemen Yamal."

**Lamine Yamal** is a very promising young football (soccer) player who plays as a right winger for FC Barcelona and the Spanish national team. He's gained a lot of attention for his skill and potential.

2025-12-02 19:07:36,520 [I/O dispatcher 2] INFO  marytts.R 7 Handling request using the following modules:
2025-12-02 19:07:36,520 [I/O dispatcher 2] INFO  marytts.R 7 - TextToMaryXML (marytts.modules.TextToMaryXML)
2025-12-02 19:07:36,520 [I/O dispatcher 2] INFO  marytts.R 7 Next module: TextToMaryXML
2025-12-02 19:07:36,520 [I/O dispatcher 2] INFO  marytts.R 7 Handling request using the following modules:
2025-12-02 19:07:36,520 [I/O dispatcher 2] INFO  marytts.R 7 - JTokeniser (marytts.language.en.JTokeniser)
2025-12-02 19:07:36,520 [I/O dispatcher 2] INFO  marytts.R 7 - Preprocess (marytts.language.en.Preprocess)
2025-12-02 19:07:36,520 [I/O dispatcher 2] INFO  marytts.R 7 - OpenNLPPosTagger (marytts.modules.OpenNLPPosTagger)
2025-12-02 19:07:36,520 [I/O dispatcher 2] INFO  marytts.R 7 - JPhonemiser (marytts.modules.JPhonemiser)
2025-12-02 19:07:36,520 [I/O dispatcher 2] INFO  marytts.R 7 - Prosody (marytts.language.en.Prosody)
2025-12-02 19:07:36,520 [I/O dispatcher 2] INFO  marytts.R 7 - PronunciationModel (marytts.language.en.PronunciationModel)
2025-12-02 19:07:36,520 [I/O dispatcher 2] INFO  marytts.R 7 - AcousticModeller (marytts.modules.AcousticModeller)
2025-12-02 19:07:36,520 [I/O dispatcher 2] INFO  marytts.R 7 - Synthesis (marytts.modules.Synthesis)
2025-12-02 19:07:36,520 [I/O dispatcher 2] INFO  marytts.R 7 Next module: JTokeniser
2025-12-02 19:07:36,521 [I/O dispatcher 2] INFO  marytts.R 7 Next module: Preprocess
2025-12-02 19:07:36,521 [I/O dispatcher 2] INFO  marytts.R 7 Next module: OpenNLPPosTagger
2025-12-02 19:07:36,522 [I/O dispatcher 2] INFO  marytts.R 7 Next module: JPhonemiser
2025-12-02 19:07:36,522 [I/O dispatcher 2] INFO  marytts.R 7 Next module: Prosody
2025-12-02 19:07:36,522 [I/O dispatcher 2] INFO  marytts.R 7 Next module: PronunciationModel
2025-12-02 19:07:36,522 [I/O dispatcher 2] INFO  marytts.R 7 Next module: AcousticModeller
2025-12-02 19:07:36,525 [I/O dispatcher 2] INFO  marytts.ParameterGeneration Parameter generation for LF0: 
2025-12-02 19:07:36,525 [I/O dispatcher 2] INFO  marytts.PStream Context-dependent global variance optimization: gvLength = 362
2025-12-02 19:07:36,525 [I/O dispatcher 2] INFO  marytts.PStream Gradient GV optimization for feature: (0)  number of iterations=1
2025-12-02 19:07:36,525 [I/O dispatcher 2] INFO  marytts.R 7 Next module: Synthesis
2025-12-02 19:07:36,526 [I/O dispatcher 2] INFO  marytts.HMMSynthesizer Synthesizing one sentence.
2025-12-02 19:07:36,526 [I/O dispatcher 2] INFO  marytts.HTSEngine Using prosody from acoustparams.
2025-12-02 19:07:36,526 [I/O dispatcher 2] INFO  marytts.HTSEngine Number of models in sentence numModel=28  Total number of states numState=140
2025-12-02 19:07:36,526 [I/O dispatcher 2] INFO  marytts.HTSEngine Total number of frames=597  Number of voiced frames=363
2025-12-02 19:07:36,527 [I/O dispatcher 2] INFO  marytts.ParameterGeneration Parameter generation for MGC: 
2025-12-02 19:07:36,527 [I/O dispatcher 2] INFO  marytts.PStream Context-dependent global variance optimization: gvLength = 438
2025-12-02 19:07:36,528 [I/O dispatcher 2] INFO  marytts.PStream    optimization stopped by reaching max number of iterations (no global variance applied)
2025-12-02 19:07:36,528 [I/O dispatcher 2] INFO  marytts.PStream Gradient GV optimization for feature: (0)  number of iterations=101
2025-12-02 19:07:36,528 [I/O dispatcher 2] INFO  marytts.PStream Gradient GV optimization for feature: (1)  number of iterations=43
2025-12-02 19:07:36,528 [I/O dispatcher 2] INFO  marytts.PStream Gradient GV optimization for feature: (2)  number of iterations=34
2025-12-02 19:07:36,528 [I/O dispatcher 2] INFO  marytts.PStream Gradient GV optimization for feature: (3)  number of iterations=21
2025-12-02 19:07:36,530 [I/O dispatcher 2] INFO  marytts.PStream Gradient GV optimization for feature: (4)  number of iterations=5
2025-12-02 19:07:36,530 [I/O dispatcher 2] INFO  marytts.PStream Gradient GV optimization for feature: (5)  number of iterations=2
2025-12-02 19:07:36,530 [I/O dispatcher 2] INFO  marytts.PStream Gradient GV optimization for feature: (6)  number of iterations=5
2025-12-02 19:07:36,530 [I/O dispatcher 2] INFO  marytts.PStream Gradient GV optimization for feature: (7)  number of iterations=17
2025-12-02 19:07:36,530 [I/O dispatcher 2] INFO  marytts.PStream Gradient GV optimization for feature: (8)  number of iterations=21
2025-12-02 19:07:36,530 [I/O dispatcher 2] INFO  marytts.PStream Gradient GV optimization for feature: (9)  number of iterations=19
2025-12-02 19:07:36,531 [I/O dispatcher 2] INFO  marytts.PStream Gradient GV optimization for feature: (10)  number of iterations=17
2025-12-02 19:07:36,531 [I/O dispatcher 2] INFO  marytts.PStream Gradient GV optimization for feature: (11)  number of iterations=20
2025-12-02 19:07:36,531 [I/O dispatcher 2] INFO  marytts.PStream Gradient GV optimization for feature: (12)  number of iterations=8
2025-12-02 19:07:36,531 [I/O dispatcher 2] INFO  marytts.PStream Gradient GV optimization for feature: (13)  number of iterations=17
2025-12-02 19:07:36,531 [I/O dispatcher 2] INFO  marytts.PStream Gradient GV optimization for feature: (14)  number of iterations=13
2025-12-02 19:07:36,532 [I/O dispatcher 2] INFO  marytts.PStream Gradient GV optimization for feature: (15)  number of iterations=16
2025-12-02 19:07:36,532 [I/O dispatcher 2] INFO  marytts.PStream Gradient GV optimization for feature: (16)  number of iterations=19
2025-12-02 19:07:36,532 [I/O dispatcher 2] INFO  marytts.PStream Gradient GV optimization for feature: (17)  number of iterations=20
2025-12-02 19:07:36,532 [I/O dispatcher 2] INFO  marytts.PStream Gradient GV optimization for feature: (18)  number of iterations=17
2025-12-02 19:07:36,533 [I/O dispatcher 2] INFO  marytts.PStream Gradient GV optimization for feature: (19)  number of iterations=14
2025-12-02 19:07:36,533 [I/O dispatcher 2] INFO  marytts.PStream Gradient GV optimization for feature: (20)  number of iterations=16
2025-12-02 19:07:36,533 [I/O dispatcher 2] INFO  marytts.PStream Gradient GV optimization for feature: (21)  number of iterations=19
2025-12-02 19:07:36,533 [I/O dispatcher 2] INFO  marytts.PStream Gradient GV optimization for feature: (22)  number of iterations=16
2025-12-02 19:07:36,533 [I/O dispatcher 2] INFO  marytts.PStream Gradient GV optimization for feature: (23)  number of iterations=14
2025-12-02 19:07:36,533 [I/O dispatcher 2] INFO  marytts.PStream Gradient GV optimization for feature: (24)  number of iterations=10
2025-12-02 19:07:36,534 [I/O dispatcher 2] INFO  marytts.PStream Gradient GV optimization for feature: (25)  number of iterations=14
2025-12-02 19:07:36,534 [I/O dispatcher 2] INFO  marytts.PStream Gradient GV optimization for feature: (26)  number of iterations=12
2025-12-02 19:07:36,534 [I/O dispatcher 2] INFO  marytts.PStream Gradient GV optimization for feature: (27)  number of iterations=13
2025-12-02 19:07:36,534 [I/O dispatcher 2] INFO  marytts.PStream Gradient GV optimization for feature: (28)  number of iterations=16
2025-12-02 19:07:36,534 [I/O dispatcher 2] INFO  marytts.PStream Gradient GV optimization for feature: (29)  number of iterations=16
2025-12-02 19:07:36,535 [I/O dispatcher 2] INFO  marytts.PStream Gradient GV optimization for feature: (30)  number of iterations=11
2025-12-02 19:07:36,535 [I/O dispatcher 2] INFO  marytts.PStream Gradient GV optimization for feature: (31)  number of iterations=13
2025-12-02 19:07:36,535 [I/O dispatcher 2] INFO  marytts.PStream Gradient GV optimization for feature: (32)  number of iterations=10
2025-12-02 19:07:36,535 [I/O dispatcher 2] INFO  marytts.PStream Gradient GV optimization for feature: (33)  number of iterations=10
2025-12-02 19:07:36,535 [I/O dispatcher 2] INFO  marytts.PStream Gradient GV optimization for feature: (34)  number of iterations=13
2025-12-02 19:07:36,535 [I/O dispatcher 2] INFO  marytts.ParameterGeneration Using f0 from maryXML acoustparams
2025-12-02 19:07:36,536 [I/O dispatcher 2] INFO  marytts.PStream Context-dependent global variance optimization: gvLength = 438
2025-12-02 19:07:36,537 [I/O dispatcher 2] INFO  marytts.PStream    optimization stopped by reaching max number of iterations (no global variance applied)
2025-12-02 19:07:36,537 [I/O dispatcher 2] INFO  marytts.PStream Gradient GV optimization for feature: (0)  number of iterations=101
2025-12-02 19:07:36,537 [I/O dispatcher 2] INFO  marytts.PStream Gradient GV optimization for feature: (1)  number of iterations=8
2025-12-02 19:07:36,537 [I/O dispatcher 2] INFO  marytts.PStream Gradient GV optimization for feature: (2)  number of iterations=10
2025-12-02 19:07:36,537 [I/O dispatcher 2] INFO  marytts.PStream Gradient GV optimization for feature: (3)  number of iterations=6
2025-12-02 19:07:36,537 [I/O dispatcher 2] INFO  marytts.PStream Gradient GV optimization for feature: (4)  number of iterations=8
2025-12-02 19:07:36,537 [I/O dispatcher 2] INFO  marytts.R 7 Handling request using the following modules:
2025-12-02 19:07:36,537 [I/O dispatcher 2] INFO  marytts.R 7 - JTokeniser (marytts.language.en.JTokeniser)
2025-12-02 19:07:36,537 [I/O dispatcher 2] INFO  marytts.R 7 - Preprocess (marytts.language.en.Preprocess)
2025-12-02 19:07:36,537 [I/O dispatcher 2] INFO  marytts.R 7 - OpenNLPPosTagger (marytts.modules.OpenNLPPosTagger)
2025-12-02 19:07:36,537 [I/O dispatcher 2] INFO  marytts.R 7 - JPhonemiser (marytts.modules.JPhonemiser)
2025-12-02 19:07:36,537 [I/O dispatcher 2] INFO  marytts.R 7 - Prosody (marytts.language.en.Prosody)
2025-12-02 19:07:36,537 [I/O dispatcher 2] INFO  marytts.R 7 - PronunciationModel (marytts.language.en.PronunciationModel)
2025-12-02 19:07:36,537 [I/O dispatcher 2] INFO  marytts.R 7 - AcousticModeller (marytts.modules.AcousticModeller)
2025-12-02 19:07:36,537 [I/O dispatcher 2] INFO  marytts.R 7 - Synthesis (marytts.modules.Synthesis)
2025-12-02 19:07:36,537 [I/O dispatcher 2] INFO  marytts.R 7 Next module: JTokeniser
2025-12-02 19:07:36,538 [I/O dispatcher 2] INFO  marytts.R 7 Next module: Preprocess
2025-12-02 19:07:36,539 [I/O dispatcher 2] INFO  marytts.R 7 Next module: OpenNLPPosTagger
2025-12-02 19:07:36,540 [I/O dispatcher 2] INFO  marytts.R 7 Next module: JPhonemiser
2025-12-02 19:07:36,540 [I/O dispatcher 2] INFO  marytts.R 7 Next module: Prosody
2025-12-02 19:07:36,540 [I/O dispatcher 2] INFO  marytts.R 7 Next module: PronunciationModel
2025-12-02 19:07:36,540 [I/O dispatcher 2] INFO  marytts.R 7 Next module: AcousticModeller
2025-12-02 19:07:36,542 [I/O dispatcher 2] INFO  marytts.ParameterGeneration Parameter generation for LF0: 
2025-12-02 19:07:36,542 [I/O dispatcher 2] INFO  marytts.PStream Context-dependent global variance optimization: gvLength = 479
2025-12-02 19:07:36,542 [I/O dispatcher 2] INFO  marytts.PStream Gradient GV optimization for feature: (0)  number of iterations=13
2025-12-02 19:07:36,542 [I/O dispatcher 2] INFO  marytts.R 7 Next module: Synthesis
2025-12-02 19:07:36,542 [I/O dispatcher 2] INFO  marytts.HMMSynthesizer Synthesizing one sentence.
2025-12-02 19:07:36,542 [I/O dispatcher 2] INFO  marytts.HTSEngine Using prosody from acoustparams.
2025-12-02 19:07:36,543 [I/O dispatcher 2] INFO  marytts.HTSEngine Number of models in sentence numModel=35  Total number of states numState=175
2025-12-02 19:07:36,543 [I/O dispatcher 2] INFO  marytts.HTSEngine Total number of frames=609  Number of voiced frames=479
2025-12-02 19:07:36,543 [I/O dispatcher 2] INFO  marytts.ParameterGeneration Parameter generation for MGC: 
2025-12-02 19:07:36,543 [I/O dispatcher 2] INFO  marytts.PStream Context-dependent global variance optimization: gvLength = 529
2025-12-02 19:07:36,544 [I/O dispatcher 2] INFO  marytts.PStream Gradient GV optimization for feature: (0)  number of iterations=50
2025-12-02 19:07:36,544 [I/O dispatcher 2] INFO  marytts.PStream Gradient GV optimization for feature: (1)  number of iterations=39
2025-12-02 19:07:36,545 [I/O dispatcher 2] INFO  marytts.PStream Gradient GV optimization for feature: (2)  number of iterations=27
2025-12-02 19:07:36,545 [I/O dispatcher 2] INFO  marytts.PStream Gradient GV optimization for feature: (3)  number of iterations=3
2025-12-02 19:07:36,545 [I/O dispatcher 2] INFO  marytts.PStream Gradient GV optimization for feature: (4)  number of iterations=18
2025-12-02 19:07:36,545 [I/O dispatcher 2] INFO  marytts.PStream Gradient GV optimization for feature: (5)  number of iterations=18
2025-12-02 19:07:36,545 [I/O dispatcher 2] INFO  marytts.PStream Gradient GV optimization for feature: (6)  number of iterations=2
2025-12-02 19:07:36,546 [I/O dispatcher 2] INFO  marytts.PStream Gradient GV optimization for feature: (7)  number of iterations=17
2025-12-02 19:07:36,546 [I/O dispatcher 2] INFO  marytts.PStream Gradient GV optimization for feature: (8)  number of iterations=20
2025-12-02 19:07:36,546 [I/O dispatcher 2] INFO  marytts.PStream Gradient GV optimization for feature: (9)  number of iterations=21
2025-12-02 19:07:36,546 [I/O dispatcher 2] INFO  marytts.PStream Gradient GV optimization for feature: (10)  number of iterations=18
2025-12-02 19:07:36,546 [I/O dispatcher 2] INFO  marytts.PStream Gradient GV optimization for feature: (11)  number of iterations=4
2025-12-02 19:07:36,547 [I/O dispatcher 2] INFO  marytts.PStream Gradient GV optimization for feature: (12)  number of iterations=17
2025-12-02 19:07:36,547 [I/O dispatcher 2] INFO  marytts.PStream Gradient GV optimization for feature: (13)  number of iterations=17
2025-12-02 19:07:36,547 [I/O dispatcher 2] INFO  marytts.PStream Gradient GV optimization for feature: (14)  number of iterations=19
2025-12-02 19:07:36,547 [I/O dispatcher 2] INFO  marytts.PStream Gradient GV optimization for feature: (15)  number of iterations=30
2025-12-02 19:07:36,548 [I/O dispatcher 2] INFO  marytts.PStream Gradient GV optimization for feature: (16)  number of iterations=18
2025-12-02 19:07:36,548 [I/O dispatcher 2] INFO  marytts.PStream Gradient GV optimization for feature: (17)  number of iterations=18
2025-12-02 19:07:36,548 [I/O dispatcher 2] INFO  marytts.PStream Gradient GV optimization for feature: (18)  number of iterations=17
2025-12-02 19:07:36,548 [I/O dispatcher 2] INFO  marytts.PStream Gradient GV optimization for feature: (19)  number of iterations=13
2025-12-02 19:07:36,548 [I/O dispatcher 2] INFO  marytts.PStream Gradient GV optimization for feature: (20)  number of iterations=17
2025-12-02 19:07:36,549 [I/O dispatcher 2] INFO  marytts.PStream Gradient GV optimization for feature: (21)  number of iterations=14
2025-12-02 19:07:36,549 [I/O dispatcher 2] INFO  marytts.PStream Gradient GV optimization for feature: (22)  number of iterations=20
2025-12-02 19:07:36,549 [I/O dispatcher 2] INFO  marytts.PStream Gradient GV optimization for feature: (23)  number of iterations=16
2025-12-02 19:07:36,549 [I/O dispatcher 2] INFO  marytts.PStream Gradient GV optimization for feature: (24)  number of iterations=12
2025-12-02 19:07:36,549 [I/O dispatcher 2] INFO  marytts.PStream Gradient GV optimization for feature: (25)  number of iterations=13
2025-12-02 19:07:36,549 [I/O dispatcher 2] INFO  marytts.PStream Gradient GV optimization for feature: (26)  number of iterations=13
2025-12-02 19:07:36,549 [I/O dispatcher 2] INFO  marytts.PStream Gradient GV optimization for feature: (27)  number of iterations=13
2025-12-02 19:07:36,549 [I/O dispatcher 2] INFO  marytts.PStream Gradient GV optimization for feature: (28)  number of iterations=24
2025-12-02 19:07:36,551 [I/O dispatcher 2] INFO  marytts.PStream Gradient GV optimization for feature: (29)  number of iterations=18
2025-12-02 19:07:36,551 [I/O dispatcher 2] INFO  marytts.PStream Gradient GV optimization for feature: (30)  number of iterations=13
2025-12-02 19:07:36,551 [I/O dispatcher 2] INFO  marytts.PStream Gradient GV optimization for feature: (31)  number of iterations=13
2025-12-02 19:07:36,551 [I/O dispatcher 2] INFO  marytts.PStream Gradient GV optimization for feature: (32)  number of iterations=12
2025-12-02 19:07:36,551 [I/O dispatcher 2] INFO  marytts.PStream Gradient GV optimization for feature: (33)  number of iterations=13
2025-12-02 19:07:36,552 [I/O dispatcher 2] INFO  marytts.PStream Gradient GV optimization for feature: (34)  number of iterations=32
2025-12-02 19:07:36,552 [I/O dispatcher 2] INFO  marytts.ParameterGeneration Using f0 from maryXML acoustparams
2025-12-02 19:07:36,552 [I/O dispatcher 2] INFO  marytts.PStream Context-dependent global variance optimization: gvLength = 529
2025-12-02 19:07:36,553 [I/O dispatcher 2] INFO  marytts.PStream Gradient GV optimization for feature: (0)  number of iterations=62
2025-12-02 19:07:36,553 [I/O dispatcher 2] INFO  marytts.PStream Gradient GV optimization for feature: (1)  number of iterations=18
2025-12-02 19:07:36,553 [I/O dispatcher 2] INFO  marytts.PStream Gradient GV optimization for feature: (2)  number of iterations=19
2025-12-02 19:07:36,553 [I/O dispatcher 2] INFO  marytts.PStream Gradient GV optimization for feature: (3)  number of iterations=2
2025-12-02 19:07:36,553 [I/O dispatcher 2] INFO  marytts.PStream Gradient GV optimization for feature: (4)  number of iterations=2
2025-12-02 19:07:36,554 [I/O dispatcher 2] INFO  marytts.R 7 Handling request using the following modules:
2025-12-02 19:07:36,554 [I/O dispatcher 2] INFO  marytts.R 7 - JTokeniser (marytts.language.en.JTokeniser)
2025-12-02 19:07:36,554 [I/O dispatcher 2] INFO  marytts.R 7 - Preprocess (marytts.language.en.Preprocess)
2025-12-02 19:07:36,554 [I/O dispatcher 2] INFO  marytts.R 7 - OpenNLPPosTagger (marytts.modules.OpenNLPPosTagger)
2025-12-02 19:07:36,554 [I/O dispatcher 2] INFO  marytts.R 7 - JPhonemiser (marytts.modules.JPhonemiser)
2025-12-02 19:07:36,554 [I/O dispatcher 2] INFO  marytts.R 7 - Prosody (marytts.language.en.Prosody)
2025-12-02 19:07:36,554 [I/O dispatcher 2] INFO  marytts.R 7 - PronunciationModel (marytts.language.en.PronunciationModel)
2025-12-02 19:07:36,554 [I/O dispatcher 2] INFO  marytts.R 7 - AcousticModeller (marytts.modules.AcousticModeller)
2025-12-02 19:07:36,554 [I/O dispatcher 2] INFO  marytts.R 7 - Synthesis (marytts.modules.Synthesis)
2025-12-02 19:07:36,554 [I/O dispatcher 2] INFO  marytts.R 7 Next module: JTokeniser
2025-12-02 19:07:36,554 [I/O dispatcher 2] INFO  marytts.R 7 Next module: Preprocess
2025-12-02 19:07:36,582 [I/O dispatcher 2] INFO  marytts.R 7 Next module: OpenNLPPosTagger
2025-12-02 19:07:36,583 [I/O dispatcher 2] INFO  marytts.R 7 Next module: JPhonemiser
2025-12-02 19:07:36,585 [I/O dispatcher 2] INFO  marytts.R 7 Next module: Prosody
2025-12-02 19:07:36,587 [I/O dispatcher 2] INFO  marytts.R 7 Next module: PronunciationModel
2025-12-02 19:07:36,588 [I/O dispatcher 2] INFO  marytts.R 7 Next module: AcousticModeller
2025-12-02 19:07:36,602 [I/O dispatcher 2] INFO  marytts.ParameterGeneration Parameter generation for LF0: 
2025-12-02 19:07:36,602 [I/O dispatcher 2] INFO  marytts.PStream Context-dependent global variance optimization: gvLength = 1600
2025-12-02 19:07:36,603 [I/O dispatcher 2] INFO  marytts.PStream Gradient GV optimization for feature: (0)  number of iterations=45
2025-12-02 19:07:36,609 [I/O dispatcher 2] INFO  marytts.R 7 Next module: Synthesis
2025-12-02 19:07:36,609 [I/O dispatcher 2] INFO  marytts.HMMSynthesizer Synthesizing one sentence.
2025-12-02 19:07:36,609 [I/O dispatcher 2] INFO  marytts.HTSEngine Using prosody from acoustparams.
2025-12-02 19:07:36,610 [I/O dispatcher 2] INFO  marytts.HTSEngine Number of models in sentence numModel=100  Total number of states numState=500
2025-12-02 19:07:36,610 [I/O dispatcher 2] INFO  marytts.HTSEngine Total number of frames=2026  Number of voiced frames=1204
2025-12-02 19:07:36,613 [I/O dispatcher 2] INFO  marytts.ParameterGeneration Parameter generation for MGC: 
2025-12-02 19:07:36,613 [I/O dispatcher 2] INFO  marytts.PStream Context-dependent global variance optimization: gvLength = 1629
2025-12-02 19:07:36,618 [I/O dispatcher 2] INFO  marytts.PStream    optimization stopped by reaching max number of iterations (no global variance applied)
2025-12-02 19:07:36,618 [I/O dispatcher 2] INFO  marytts.PStream Gradient GV optimization for feature: (0)  number of iterations=101
2025-12-02 19:07:36,618 [I/O dispatcher 2] INFO  marytts.PStream Gradient GV optimization for feature: (1)  number of iterations=2
2025-12-02 19:07:36,620 [I/O dispatcher 2] INFO  marytts.PStream Gradient GV optimization for feature: (2)  number of iterations=9
2025-12-02 19:07:36,620 [I/O dispatcher 2] INFO  marytts.PStream Gradient GV optimization for feature: (3)  number of iterations=6
2025-12-02 19:07:36,621 [I/O dispatcher 2] INFO  marytts.PStream Gradient GV optimization for feature: (4)  number of iterations=2
2025-12-02 19:07:36,621 [I/O dispatcher 2] INFO  marytts.PStream Gradient GV optimization for feature: (5)  number of iterations=2
2025-12-02 19:07:36,621 [I/O dispatcher 2] INFO  marytts.PStream Gradient GV optimization for feature: (6)  number of iterations=2
2025-12-02 19:07:36,622 [I/O dispatcher 2] INFO  marytts.PStream Gradient GV optimization for feature: (7)  number of iterations=21
2025-12-02 19:07:36,622 [I/O dispatcher 2] INFO  marytts.PStream Gradient GV optimization for feature: (8)  number of iterations=7
2025-12-02 19:07:36,623 [I/O dispatcher 2] INFO  marytts.PStream Gradient GV optimization for feature: (9)  number of iterations=21
2025-12-02 19:07:36,624 [I/O dispatcher 2] INFO  marytts.PStream Gradient GV optimization for feature: (10)  number of iterations=17
2025-12-02 19:07:36,624 [I/O dispatcher 2] INFO  marytts.PStream Gradient GV optimization for feature: (11)  number of iterations=18
2025-12-02 19:07:36,625 [I/O dispatcher 2] INFO  marytts.PStream Gradient GV optimization for feature: (12)  number of iterations=20
2025-12-02 19:07:36,626 [I/O dispatcher 2] INFO  marytts.PStream Gradient GV optimization for feature: (13)  number of iterations=19
2025-12-02 19:07:36,627 [I/O dispatcher 2] INFO  marytts.PStream Gradient GV optimization for feature: (14)  number of iterations=19
2025-12-02 19:07:36,628 [I/O dispatcher 2] INFO  marytts.PStream Gradient GV optimization for feature: (15)  number of iterations=22
2025-12-02 19:07:36,628 [I/O dispatcher 2] INFO  marytts.PStream Gradient GV optimization for feature: (16)  number of iterations=18
2025-12-02 19:07:36,629 [I/O dispatcher 2] INFO  marytts.PStream Gradient GV optimization for feature: (17)  number of iterations=18
2025-12-02 19:07:36,630 [I/O dispatcher 2] INFO  marytts.PStream Gradient GV optimization for feature: (18)  number of iterations=17
2025-12-02 19:07:36,631 [I/O dispatcher 2] INFO  marytts.PStream Gradient GV optimization for feature: (19)  number of iterations=13
2025-12-02 19:07:36,631 [I/O dispatcher 2] INFO  marytts.PStream Gradient GV optimization for feature: (20)  number of iterations=16
2025-12-02 19:07:36,632 [I/O dispatcher 2] INFO  marytts.PStream Gradient GV optimization for feature: (21)  number of iterations=17
2025-12-02 19:07:36,634 [I/O dispatcher 2] INFO  marytts.PStream Gradient GV optimization for feature: (22)  number of iterations=20
2025-12-02 19:07:36,634 [I/O dispatcher 2] INFO  marytts.PStream Gradient GV optimization for feature: (23)  number of iterations=16
2025-12-02 19:07:36,635 [I/O dispatcher 2] INFO  marytts.PStream Gradient GV optimization for feature: (24)  number of iterations=10
2025-12-02 19:07:36,635 [I/O dispatcher 2] INFO  marytts.PStream Gradient GV optimization for feature: (25)  number of iterations=12
2025-12-02 19:07:36,636 [I/O dispatcher 2] INFO  marytts.PStream Gradient GV optimization for feature: (26)  number of iterations=11
2025-12-02 19:07:36,637 [I/O dispatcher 2] INFO  marytts.PStream Gradient GV optimization for feature: (27)  number of iterations=12
2025-12-02 19:07:36,637 [I/O dispatcher 2] INFO  marytts.PStream Gradient GV optimization for feature: (28)  number of iterations=17
2025-12-02 19:07:36,638 [I/O dispatcher 2] INFO  marytts.PStream Gradient GV optimization for feature: (29)  number of iterations=16
2025-12-02 19:07:36,639 [I/O dispatcher 2] INFO  marytts.PStream Gradient GV optimization for feature: (30)  number of iterations=12
2025-12-02 19:07:36,639 [I/O dispatcher 2] INFO  marytts.PStream Gradient GV optimization for feature: (31)  number of iterations=13
2025-12-02 19:07:36,640 [I/O dispatcher 2] INFO  marytts.PStream Gradient GV optimization for feature: (32)  number of iterations=10
2025-12-02 19:07:36,640 [I/O dispatcher 2] INFO  marytts.PStream Gradient GV optimization for feature: (33)  number of iterations=8
2025-12-02 19:07:36,641 [I/O dispatcher 2] INFO  marytts.PStream Gradient GV optimization for feature: (34)  number of iterations=25
2025-12-02 19:07:36,641 [I/O dispatcher 2] INFO  marytts.ParameterGeneration Using f0 from maryXML acoustparams
2025-12-02 19:07:36,642 [I/O dispatcher 2] INFO  marytts.PStream Context-dependent global variance optimization: gvLength = 1629
2025-12-02 19:07:36,643 [I/O dispatcher 2] INFO  marytts.PStream Gradient GV optimization for feature: (0)  number of iterations=42
2025-12-02 19:07:36,644 [I/O dispatcher 2] INFO  marytts.PStream Gradient GV optimization for feature: (1)  number of iterations=6
2025-12-02 19:07:36,644 [I/O dispatcher 2] INFO  marytts.PStream Gradient GV optimization for feature: (2)  number of iterations=14
2025-12-02 19:07:36,645 [I/O dispatcher 2] INFO  marytts.PStream Gradient GV optimization for feature: (3)  number of iterations=18
2025-12-02 19:07:36,645 [I/O dispatcher 2] INFO  marytts.PStream Gradient GV optimization for feature: (4)  number of iterations=8
2025-12-02 19:07:36,646 [I/O dispatcher 2] INFO  marytts.HMMSynthesizer Synthesizing one sentence.
2025-12-02 19:07:36,650 [I/O dispatcher 2] INFO  marytts.HTSEngine Using prosody from acoustparams.
2025-12-02 19:07:36,650 [I/O dispatcher 2] INFO  marytts.HTSEngine Number of models in sentence numModel=42  Total number of states numState=210
2025-12-02 19:07:36,651 [I/O dispatcher 2] INFO  marytts.HTSEngine Total number of frames=705  Number of voiced frames=391
2025-12-02 19:07:36,651 [I/O dispatcher 2] INFO  marytts.ParameterGeneration Parameter generation for MGC: 
2025-12-02 19:07:36,651 [I/O dispatcher 2] INFO  marytts.PStream Context-dependent global variance optimization: gvLength = 625
2025-12-02 19:07:36,652 [I/O dispatcher 2] INFO  marytts.PStream Gradient GV optimization for feature: (0)  number of iterations=26
2025-12-02 19:07:36,652 [I/O dispatcher 2] INFO  marytts.PStream Gradient GV optimization for feature: (1)  number of iterations=2
2025-12-02 19:07:36,652 [I/O dispatcher 2] INFO  marytts.PStream Gradient GV optimization for feature: (2)  number of iterations=1
2025-12-02 19:07:36,652 [I/O dispatcher 2] INFO  marytts.PStream Gradient GV optimization for feature: (3)  number of iterations=4
2025-12-02 19:07:36,652 [I/O dispatcher 2] INFO  marytts.PStream Gradient GV optimization for feature: (4)  number of iterations=2
2025-12-02 19:07:36,652 [I/O dispatcher 2] INFO  marytts.PStream Gradient GV optimization for feature: (5)  number of iterations=21
2025-12-02 19:07:36,653 [I/O dispatcher 2] INFO  marytts.PStream Gradient GV optimization for feature: (6)  number of iterations=2
2025-12-02 19:07:36,653 [I/O dispatcher 2] INFO  marytts.PStream Gradient GV optimization for feature: (7)  number of iterations=19
2025-12-02 19:07:36,653 [I/O dispatcher 2] INFO  marytts.PStream Gradient GV optimization for feature: (8)  number of iterations=21
2025-12-02 19:07:36,653 [I/O dispatcher 2] INFO  marytts.PStream Gradient GV optimization for feature: (9)  number of iterations=26
2025-12-02 19:07:36,654 [I/O dispatcher 2] INFO  marytts.PStream Gradient GV optimization for feature: (10)  number of iterations=23
2025-12-02 19:07:36,654 [I/O dispatcher 2] INFO  marytts.PStream Gradient GV optimization for feature: (11)  number of iterations=17
2025-12-02 19:07:36,654 [I/O dispatcher 2] INFO  marytts.PStream Gradient GV optimization for feature: (12)  number of iterations=17
2025-12-02 19:07:36,654 [I/O dispatcher 2] INFO  marytts.PStream Gradient GV optimization for feature: (13)  number of iterations=19
2025-12-02 19:07:36,655 [I/O dispatcher 2] INFO  marytts.PStream Gradient GV optimization for feature: (14)  number of iterations=25
2025-12-02 19:07:36,655 [I/O dispatcher 2] INFO  marytts.PStream Gradient GV optimization for feature: (15)  number of iterations=15
2025-12-02 19:07:36,655 [I/O dispatcher 2] INFO  marytts.PStream Gradient GV optimization for feature: (16)  number of iterations=20
2025-12-02 19:07:36,656 [I/O dispatcher 2] INFO  marytts.PStream Gradient GV optimization for feature: (17)  number of iterations=20
2025-12-02 19:07:36,656 [I/O dispatcher 2] INFO  marytts.PStream Gradient GV optimization for feature: (18)  number of iterations=17
2025-12-02 19:07:36,656 [I/O dispatcher 2] INFO  marytts.PStream Gradient GV optimization for feature: (19)  number of iterations=10
2025-12-02 19:07:36,656 [I/O dispatcher 2] INFO  marytts.PStream Gradient GV optimization for feature: (20)  number of iterations=17
2025-12-02 19:07:36,656 [I/O dispatcher 2] INFO  marytts.PStream Gradient GV optimization for feature: (21)  number of iterations=15
2025-12-02 19:07:36,657 [I/O dispatcher 2] INFO  marytts.PStream Gradient GV optimization for feature: (22)  number of iterations=16
2025-12-02 19:07:36,657 [I/O dispatcher 2] INFO  marytts.PStream Gradient GV optimization for feature: (23)  number of iterations=15
2025-12-02 19:07:36,657 [I/O dispatcher 2] INFO  marytts.PStream Gradient GV optimization for feature: (24)  number of iterations=10
2025-12-02 19:07:36,657 [I/O dispatcher 2] INFO  marytts.PStream Gradient GV optimization for feature: (25)  number of iterations=12
2025-12-02 19:07:36,658 [I/O dispatcher 2] INFO  marytts.PStream Gradient GV optimization for feature: (26)  number of iterations=12
2025-12-02 19:07:36,658 [I/O dispatcher 2] INFO  marytts.PStream Gradient GV optimization for feature: (27)  number of iterations=13
2025-12-02 19:07:36,658 [I/O dispatcher 2] INFO  marytts.PStream Gradient GV optimization for feature: (28)  number of iterations=16
2025-12-02 19:07:36,658 [I/O dispatcher 2] INFO  marytts.PStream Gradient GV optimization for feature: (29)  number of iterations=14
2025-12-02 19:07:36,658 [I/O dispatcher 2] INFO  marytts.PStream Gradient GV optimization for feature: (30)  number of iterations=13
2025-12-02 19:07:36,659 [I/O dispatcher 2] INFO  marytts.PStream Gradient GV optimization for feature: (31)  number of iterations=13
2025-12-02 19:07:36,659 [I/O dispatcher 2] INFO  marytts.PStream Gradient GV optimization for feature: (32)  number of iterations=3
2025-12-02 19:07:36,659 [I/O dispatcher 2] INFO  marytts.PStream Gradient GV optimization for feature: (33)  number of iterations=8
2025-12-02 19:07:36,659 [I/O dispatcher 2] INFO  marytts.PStream Gradient GV optimization for feature: (34)  number of iterations=13
2025-12-02 19:07:36,659 [I/O dispatcher 2] INFO  marytts.ParameterGeneration Using f0 from maryXML acoustparams
2025-12-02 19:07:36,659 [I/O dispatcher 2] INFO  marytts.PStream Context-dependent global variance optimization: gvLength = 625
2025-12-02 19:07:36,660 [I/O dispatcher 2] INFO  marytts.PStream    optimization stopped by reaching max number of iterations (no global variance applied)
2025-12-02 19:07:36,660 [I/O dispatcher 2] INFO  marytts.PStream Gradient GV optimization for feature: (0)  number of iterations=101
2025-12-02 19:07:36,661 [I/O dispatcher 2] INFO  marytts.PStream Gradient GV optimization for feature: (1)  number of iterations=21
2025-12-02 19:07:36,661 [I/O dispatcher 2] INFO  marytts.PStream Gradient GV optimization for feature: (2)  number of iterations=9
2025-12-02 19:07:36,661 [I/O dispatcher 2] INFO  marytts.PStream Gradient GV optimization for feature: (3)  number of iterations=13
2025-12-02 19:07:36,661 [I/O dispatcher 2] INFO  marytts.PStream Gradient GV optimization for feature: (4)  number of iterations=2
2025-12-02 19:07:36,662 [I/O dispatcher 2] INFO  marytts.R 7 Request processed in 142 ms.
2025-12-02 19:07:36,662 [I/O dispatcher 2] INFO  marytts.R 7    TextToMaryXML took 0 ms
2025-12-02 19:07:36,662 [I/O dispatcher 2] INFO  marytts.R 7    JTokeniser took 2 ms
2025-12-02 19:07:36,662 [I/O dispatcher 2] INFO  marytts.R 7    Preprocess took 29 ms
2025-12-02 19:07:36,662 [I/O dispatcher 2] INFO  marytts.R 7    OpenNLPPosTagger took 3 ms
2025-12-02 19:07:36,662 [I/O dispatcher 2] INFO  marytts.R 7    JPhonemiser took 2 ms
2025-12-02 19:07:36,662 [I/O dispatcher 2] INFO  marytts.R 7    Prosody took 2 ms
2025-12-02 19:07:36,662 [I/O dispatcher 2] INFO  marytts.R 7    PronunciationModel took 1 ms
2025-12-02 19:07:36,662 [I/O dispatcher 2] INFO  marytts.R 7    AcousticModeller took 26 ms
2025-12-02 19:07:36,662 [I/O dispatcher 2] INFO  marytts.R 7    Synthesis took 77 ms
2025-12-02 19:07:38,119 [I/O dispatcher 2] INFO  marytts.server Request handled successfully.
2025-12-02 19:07:43,148 [I/O dispatcher 2] INFO  marytts.server Connection closed: [closed]
2025-12-02 19:08:45,399 [I/O dispatcher 3] INFO  marytts.server Connection from null
2025-12-02 19:08:45,399 [I/O dispatcher 3] INFO  marytts.R 8 New request (input type "TEXT", output type "AUDIO", voice "cmu-slt-hsmm", effect "", audio "WAVE")
2025-12-02 19:08:45,399 [I/O dispatcher 3] INFO  marytts.server Read: HTML stands for **HyperText Markup Language**. Let's break that down:

*   **HyperText:**  Text that contains links to other text or documents.  It's the foundation of the web, allowing you to jump from one page to another.

*   **Markup Language:**  A system for annotating text in a way that makes it understandable to a computer.  HTML uses tags (like `<p>` for paragraph or `<h1>` for heading) to tell the browser how to structure and display the content.  It's *not* a programming language in the traditional sense; it doesn't execute code or perform complex calculations. Instead, it *describes* the content.

**In a nutshell, HTML is the standard markup language for creating web pages.**  It's the code that browsers interpret to display text, images, videos, and other content on the internet. It's like the skeleton and basic structure of a website, while CSS styles its appearance and JavaScript adds interactivity.

2025-12-02 19:08:45,399 [I/O dispatcher 3] INFO  marytts.R 8 Handling request using the following modules:
2025-12-02 19:08:45,399 [I/O dispatcher 3] INFO  marytts.R 8 - TextToMaryXML (marytts.modules.TextToMaryXML)
2025-12-02 19:08:45,399 [I/O dispatcher 3] INFO  marytts.R 8 Next module: TextToMaryXML
2025-12-02 19:08:45,400 [I/O dispatcher 3] INFO  marytts.R 8 Handling request using the following modules:
2025-12-02 19:08:45,400 [I/O dispatcher 3] INFO  marytts.R 8 - JTokeniser (marytts.language.en.JTokeniser)
2025-12-02 19:08:45,400 [I/O dispatcher 3] INFO  marytts.R 8 - Preprocess (marytts.language.en.Preprocess)
2025-12-02 19:08:45,400 [I/O dispatcher 3] INFO  marytts.R 8 - OpenNLPPosTagger (marytts.modules.OpenNLPPosTagger)
2025-12-02 19:08:45,400 [I/O dispatcher 3] INFO  marytts.R 8 - JPhonemiser (marytts.modules.JPhonemiser)
2025-12-02 19:08:45,400 [I/O dispatcher 3] INFO  marytts.R 8 - Prosody (marytts.language.en.Prosody)
2025-12-02 19:08:45,400 [I/O dispatcher 3] INFO  marytts.R 8 - PronunciationModel (marytts.language.en.PronunciationModel)
2025-12-02 19:08:45,400 [I/O dispatcher 3] INFO  marytts.R 8 - AcousticModeller (marytts.modules.AcousticModeller)
2025-12-02 19:08:45,400 [I/O dispatcher 3] INFO  marytts.R 8 - Synthesis (marytts.modules.Synthesis)
2025-12-02 19:08:45,400 [I/O dispatcher 3] INFO  marytts.R 8 Next module: JTokeniser
2025-12-02 19:08:45,400 [I/O dispatcher 3] INFO  marytts.R 8 Next module: Preprocess
2025-12-02 19:08:45,401 [I/O dispatcher 3] INFO  marytts.R 8 Next module: OpenNLPPosTagger
2025-12-02 19:08:45,403 [I/O dispatcher 3] INFO  marytts.R 8 Next module: JPhonemiser
2025-12-02 19:08:45,403 [I/O dispatcher 3] INFO  marytts.R 8 Next module: Prosody
2025-12-02 19:08:45,403 [I/O dispatcher 3] INFO  marytts.R 8 Next module: PronunciationModel
2025-12-02 19:08:45,403 [I/O dispatcher 3] INFO  marytts.R 8 Next module: AcousticModeller
2025-12-02 19:08:45,406 [I/O dispatcher 3] INFO  marytts.ParameterGeneration Parameter generation for LF0: 
2025-12-02 19:08:45,406 [I/O dispatcher 3] INFO  marytts.PStream Context-dependent global variance optimization: gvLength = 611
2025-12-02 19:08:45,408 [I/O dispatcher 3] INFO  marytts.PStream Gradient GV optimization for feature: (0)  number of iterations=9
2025-12-02 19:08:45,409 [I/O dispatcher 3] INFO  marytts.R 8 Next module: Synthesis
2025-12-02 19:08:45,409 [I/O dispatcher 3] INFO  marytts.HMMSynthesizer Synthesizing one sentence.
2025-12-02 19:08:45,409 [I/O dispatcher 3] INFO  marytts.HTSEngine Using prosody from acoustparams.
2025-12-02 19:08:45,409 [I/O dispatcher 3] INFO  marytts.HTSEngine Number of models in sentence numModel=41  Total number of states numState=205
2025-12-02 19:08:45,409 [I/O dispatcher 3] INFO  marytts.HTSEngine Total number of frames=889  Number of voiced frames=464
2025-12-02 19:08:45,410 [I/O dispatcher 3] INFO  marytts.ParameterGeneration Parameter generation for MGC: 
2025-12-02 19:08:45,410 [I/O dispatcher 3] INFO  marytts.PStream Context-dependent global variance optimization: gvLength = 730
2025-12-02 19:08:45,410 [I/O dispatcher 3] INFO  marytts.PStream Gradient GV optimization for feature: (0)  number of iterations=30
2025-12-02 19:08:45,410 [I/O dispatcher 3] INFO  marytts.PStream Gradient GV optimization for feature: (1)  number of iterations=2
2025-12-02 19:08:45,410 [I/O dispatcher 3] INFO  marytts.PStream Gradient GV optimization for feature: (2)  number of iterations=6
2025-12-02 19:08:45,412 [I/O dispatcher 3] INFO  marytts.PStream Gradient GV optimization for feature: (3)  number of iterations=21
2025-12-02 19:08:45,412 [I/O dispatcher 3] INFO  marytts.PStream Gradient GV optimization for feature: (4)  number of iterations=4
2025-12-02 19:08:45,412 [I/O dispatcher 3] INFO  marytts.PStream Gradient GV optimization for feature: (5)  number of iterations=6
2025-12-02 19:08:45,412 [I/O dispatcher 3] INFO  marytts.PStream Gradient GV optimization for feature: (6)  number of iterations=6
2025-12-02 19:08:45,413 [I/O dispatcher 3] INFO  marytts.PStream Gradient GV optimization for feature: (7)  number of iterations=20
2025-12-02 19:08:45,413 [I/O dispatcher 3] INFO  marytts.PStream Gradient GV optimization for feature: (8)  number of iterations=19
2025-12-02 19:08:45,413 [I/O dispatcher 3] INFO  marytts.PStream Gradient GV optimization for feature: (9)  number of iterations=17
2025-12-02 19:08:45,414 [I/O dispatcher 3] INFO  marytts.PStream Gradient GV optimization for feature: (10)  number of iterations=20
2025-12-02 19:08:45,414 [I/O dispatcher 3] INFO  marytts.PStream Gradient GV optimization for feature: (11)  number of iterations=18
2025-12-02 19:08:45,414 [I/O dispatcher 3] INFO  marytts.PStream Gradient GV optimization for feature: (12)  number of iterations=17
2025-12-02 19:08:45,414 [I/O dispatcher 3] INFO  marytts.PStream Gradient GV optimization for feature: (13)  number of iterations=24
2025-12-02 19:08:45,415 [I/O dispatcher 3] INFO  marytts.PStream Gradient GV optimization for feature: (14)  number of iterations=19
2025-12-02 19:08:45,415 [I/O dispatcher 3] INFO  marytts.PStream Gradient GV optimization for feature: (15)  number of iterations=14
2025-12-02 19:08:45,415 [I/O dispatcher 3] INFO  marytts.PStream Gradient GV optimization for feature: (16)  number of iterations=19
2025-12-02 19:08:45,415 [I/O dispatcher 3] INFO  marytts.PStream Gradient GV optimization for feature: (17)  number of iterations=19
2025-12-02 19:08:45,415 [I/O dispatcher 3] INFO  marytts.PStream Gradient GV optimization for feature: (18)  number of iterations=17
2025-12-02 19:08:45,416 [I/O dispatcher 3] INFO  marytts.PStream Gradient GV optimization for feature: (19)  number of iterations=20
2025-12-02 19:08:45,416 [I/O dispatcher 3] INFO  marytts.PStream Gradient GV optimization for feature: (20)  number of iterations=14
2025-12-02 19:08:45,417 [I/O dispatcher 3] INFO  marytts.PStream Gradient GV optimization for feature: (21)  number of iterations=16
2025-12-02 19:08:45,417 [I/O dispatcher 3] INFO  marytts.PStream Gradient GV optimization for feature: (22)  number of iterations=4
2025-12-02 19:08:45,417 [I/O dispatcher 3] INFO  marytts.PStream Gradient GV optimization for feature: (23)  number of iterations=14
2025-12-02 19:08:45,418 [I/O dispatcher 3] INFO  marytts.PStream Gradient GV optimization for feature: (24)  number of iterations=10
2025-12-02 19:08:45,418 [I/O dispatcher 3] INFO  marytts.PStream Gradient GV optimization for feature: (25)  number of iterations=12
2025-12-02 19:08:45,419 [I/O dispatcher 3] INFO  marytts.PStream Gradient GV optimization for feature: (26)  number of iterations=12
2025-12-02 19:08:45,420 [I/O dispatcher 3] INFO  marytts.PStream Gradient GV optimization for feature: (27)  number of iterations=12
2025-12-02 19:08:45,420 [I/O dispatcher 3] INFO  marytts.PStream Gradient GV optimization for feature: (28)  number of iterations=16
2025-12-02 19:08:45,421 [I/O dispatcher 3] INFO  marytts.PStream Gradient GV optimization for feature: (29)  number of iterations=15
2025-12-02 19:08:45,421 [I/O dispatcher 3] INFO  marytts.PStream Gradient GV optimization for feature: (30)  number of iterations=13
2025-12-02 19:08:45,421 [I/O dispatcher 3] INFO  marytts.PStream Gradient GV optimization for feature: (31)  number of iterations=12
2025-12-02 19:08:45,422 [I/O dispatcher 3] INFO  marytts.PStream Gradient GV optimization for feature: (32)  number of iterations=4
2025-12-02 19:08:45,422 [I/O dispatcher 3] INFO  marytts.PStream Gradient GV optimization for feature: (33)  number of iterations=8
2025-12-02 19:08:45,423 [I/O dispatcher 3] INFO  marytts.PStream Gradient GV optimization for feature: (34)  number of iterations=16
2025-12-02 19:08:45,423 [I/O dispatcher 3] INFO  marytts.ParameterGeneration Using f0 from maryXML acoustparams
2025-12-02 19:08:45,423 [I/O dispatcher 3] INFO  marytts.PStream Context-dependent global variance optimization: gvLength = 730
2025-12-02 19:08:45,424 [I/O dispatcher 3] INFO  marytts.PStream Gradient GV optimization for feature: (0)  number of iterations=24
2025-12-02 19:08:45,424 [I/O dispatcher 3] INFO  marytts.PStream Gradient GV optimization for feature: (1)  number of iterations=16
2025-12-02 19:08:45,425 [I/O dispatcher 3] INFO  marytts.PStream Gradient GV optimization for feature: (2)  number of iterations=8
2025-12-02 19:08:45,425 [I/O dispatcher 3] INFO  marytts.PStream Gradient GV optimization for feature: (3)  number of iterations=4
2025-12-02 19:08:45,425 [I/O dispatcher 3] INFO  marytts.PStream Gradient GV optimization for feature: (4)  number of iterations=6
2025-12-02 19:08:45,426 [I/O dispatcher 3] INFO  marytts.HMMSynthesizer Synthesizing one sentence.
2025-12-02 19:08:45,426 [I/O dispatcher 3] INFO  marytts.HTSEngine Using prosody from acoustparams.
2025-12-02 19:08:45,426 [I/O dispatcher 3] INFO  marytts.HTSEngine Number of models in sentence numModel=15  Total number of states numState=75
2025-12-02 19:08:45,426 [I/O dispatcher 3] INFO  marytts.HTSEngine Total number of frames=319  Number of voiced frames=149
2025-12-02 19:08:45,426 [I/O dispatcher 3] INFO  marytts.ParameterGeneration Parameter generation for MGC: 
2025-12-02 19:08:45,426 [I/O dispatcher 3] INFO  marytts.PStream Context-dependent global variance optimization: gvLength = 240
2025-12-02 19:08:45,427 [I/O dispatcher 3] INFO  marytts.PStream Gradient GV optimization for feature: (0)  number of iterations=33
2025-12-02 19:08:45,427 [I/O dispatcher 3] INFO  marytts.PStream Gradient GV optimization for feature: (1)  number of iterations=1
2025-12-02 19:08:45,427 [I/O dispatcher 3] INFO  marytts.PStream Gradient GV optimization for feature: (2)  number of iterations=34
2025-12-02 19:08:45,427 [I/O dispatcher 3] INFO  marytts.PStream Gradient GV optimization for feature: (3)  number of iterations=22
2025-12-02 19:08:45,427 [I/O dispatcher 3] INFO  marytts.PStream Gradient GV optimization for feature: (4)  number of iterations=21
2025-12-02 19:08:45,427 [I/O dispatcher 3] INFO  marytts.PStream Gradient GV optimization for feature: (5)  number of iterations=18
2025-12-02 19:08:45,427 [I/O dispatcher 3] INFO  marytts.PStream Gradient GV optimization for feature: (6)  number of iterations=4
2025-12-02 19:08:45,427 [I/O dispatcher 3] INFO  marytts.PStream Gradient GV optimization for feature: (7)  number of iterations=21
2025-12-02 19:08:45,428 [I/O dispatcher 3] INFO  marytts.PStream Gradient GV optimization for feature: (8)  number of iterations=21
2025-12-02 19:08:45,428 [I/O dispatcher 3] INFO  marytts.PStream Gradient GV optimization for feature: (9)  number of iterations=19
2025-12-02 19:08:45,428 [I/O dispatcher 3] INFO  marytts.PStream Gradient GV optimization for feature: (10)  number of iterations=17
2025-12-02 19:08:45,428 [I/O dispatcher 3] INFO  marytts.PStream Gradient GV optimization for feature: (11)  number of iterations=3
2025-12-02 19:08:45,428 [I/O dispatcher 3] INFO  marytts.PStream Gradient GV optimization for feature: (12)  number of iterations=3
2025-12-02 19:08:45,428 [I/O dispatcher 3] INFO  marytts.PStream Gradient GV optimization for feature: (13)  number of iterations=18
2025-12-02 19:08:45,428 [I/O dispatcher 3] INFO  marytts.PStream Gradient GV optimization for feature: (14)  number of iterations=19
2025-12-02 19:08:45,428 [I/O dispatcher 3] INFO  marytts.PStream Gradient GV optimization for feature: (15)  number of iterations=16
2025-12-02 19:08:45,428 [I/O dispatcher 3] INFO  marytts.PStream Gradient GV optimization for feature: (16)  number of iterations=18
2025-12-02 19:08:45,428 [I/O dispatcher 3] INFO  marytts.PStream Gradient GV optimization for feature: (17)  number of iterations=20
2025-12-02 19:08:45,429 [I/O dispatcher 3] INFO  marytts.PStream Gradient GV optimization for feature: (18)  number of iterations=17
2025-12-02 19:08:45,429 [I/O dispatcher 3] INFO  marytts.PStream Gradient GV optimization for feature: (19)  number of iterations=20
2025-12-02 19:08:45,429 [I/O dispatcher 3] INFO  marytts.PStream Gradient GV optimization for feature: (20)  number of iterations=16
2025-12-02 19:08:45,429 [I/O dispatcher 3] INFO  marytts.PStream Gradient GV optimization for feature: (21)  number of iterations=11
2025-12-02 19:08:45,429 [I/O dispatcher 3] INFO  marytts.PStream Gradient GV optimization for feature: (22)  number of iterations=12
2025-12-02 19:08:45,429 [I/O dispatcher 3] INFO  marytts.PStream Gradient GV optimization for feature: (23)  number of iterations=17
2025-12-02 19:08:45,429 [I/O dispatcher 3] INFO  marytts.PStream Gradient GV optimization for feature: (24)  number of iterations=11
2025-12-02 19:08:45,429 [I/O dispatcher 3] INFO  marytts.PStream Gradient GV optimization for feature: (25)  number of iterations=3
2025-12-02 19:08:45,429 [I/O dispatcher 3] INFO  marytts.PStream Gradient GV optimization for feature: (26)  number of iterations=4
2025-12-02 19:08:45,429 [I/O dispatcher 3] INFO  marytts.PStream Gradient GV optimization for feature: (27)  number of iterations=12
2025-12-02 19:08:45,429 [I/O dispatcher 3] INFO  marytts.PStream Gradient GV optimization for feature: (28)  number of iterations=8
2025-12-02 19:08:45,429 [I/O dispatcher 3] INFO  marytts.PStream Gradient GV optimization for feature: (29)  number of iterations=3
2025-12-02 19:08:45,430 [I/O dispatcher 3] INFO  marytts.PStream Gradient GV optimization for feature: (30)  number of iterations=14
2025-12-02 19:08:45,430 [I/O dispatcher 3] INFO  marytts.PStream Gradient GV optimization for feature: (31)  number of iterations=11
2025-12-02 19:08:45,430 [I/O dispatcher 3] INFO  marytts.PStream Gradient GV optimization for feature: (32)  number of iterations=8
2025-12-02 19:08:45,430 [I/O dispatcher 3] INFO  marytts.PStream Gradient GV optimization for feature: (33)  number of iterations=10
2025-12-02 19:08:45,430 [I/O dispatcher 3] INFO  marytts.PStream Gradient GV optimization for feature: (34)  number of iterations=14
2025-12-02 19:08:45,430 [I/O dispatcher 3] INFO  marytts.ParameterGeneration Using f0 from maryXML acoustparams
2025-12-02 19:08:45,430 [I/O dispatcher 3] INFO  marytts.PStream Context-dependent global variance optimization: gvLength = 240
2025-12-02 19:08:45,430 [I/O dispatcher 3] INFO  marytts.PStream Gradient GV optimization for feature: (0)  number of iterations=34
2025-12-02 19:08:45,430 [I/O dispatcher 3] INFO  marytts.PStream Gradient GV optimization for feature: (1)  number of iterations=16
2025-12-02 19:08:45,430 [I/O dispatcher 3] INFO  marytts.PStream Gradient GV optimization for feature: (2)  number of iterations=4
2025-12-02 19:08:45,430 [I/O dispatcher 3] INFO  marytts.PStream Gradient GV optimization for feature: (3)  number of iterations=16
2025-12-02 19:08:45,430 [I/O dispatcher 3] INFO  marytts.PStream Gradient GV optimization for feature: (4)  number of iterations=14
2025-12-02 19:08:45,431 [I/O dispatcher 3] INFO  marytts.R 8 Handling request using the following modules:
2025-12-02 19:08:45,431 [I/O dispatcher 3] INFO  marytts.R 8 - JTokeniser (marytts.language.en.JTokeniser)
2025-12-02 19:08:45,431 [I/O dispatcher 3] INFO  marytts.R 8 - Preprocess (marytts.language.en.Preprocess)
2025-12-02 19:08:45,431 [I/O dispatcher 3] INFO  marytts.R 8 - OpenNLPPosTagger (marytts.modules.OpenNLPPosTagger)
2025-12-02 19:08:45,431 [I/O dispatcher 3] INFO  marytts.R 8 - JPhonemiser (marytts.modules.JPhonemiser)
2025-12-02 19:08:45,431 [I/O dispatcher 3] INFO  marytts.R 8 - Prosody (marytts.language.en.Prosody)
2025-12-02 19:08:45,431 [I/O dispatcher 3] INFO  marytts.R 8 - PronunciationModel (marytts.language.en.PronunciationModel)
2025-12-02 19:08:45,431 [I/O dispatcher 3] INFO  marytts.R 8 - AcousticModeller (marytts.modules.AcousticModeller)
2025-12-02 19:08:45,431 [I/O dispatcher 3] INFO  marytts.R 8 - Synthesis (marytts.modules.Synthesis)
2025-12-02 19:08:45,431 [I/O dispatcher 3] INFO  marytts.R 8 Next module: JTokeniser
2025-12-02 19:08:45,431 [I/O dispatcher 3] INFO  marytts.R 8 Next module: Preprocess
2025-12-02 19:08:45,433 [I/O dispatcher 3] INFO  marytts.R 8 Next module: OpenNLPPosTagger
2025-12-02 19:08:45,434 [I/O dispatcher 3] INFO  marytts.R 8 Next module: JPhonemiser
2025-12-02 19:08:45,435 [I/O dispatcher 3] INFO  marytts.R 8 Next module: Prosody
2025-12-02 19:08:45,436 [I/O dispatcher 3] INFO  marytts.R 8 Next module: PronunciationModel
2025-12-02 19:08:45,436 [I/O dispatcher 3] INFO  marytts.R 8 Next module: AcousticModeller
2025-12-02 19:08:45,445 [I/O dispatcher 3] INFO  marytts.ParameterGeneration Parameter generation for LF0: 
2025-12-02 19:08:45,445 [I/O dispatcher 3] INFO  marytts.PStream Context-dependent global variance optimization: gvLength = 998
2025-12-02 19:08:45,446 [I/O dispatcher 3] INFO  marytts.PStream Gradient GV optimization for feature: (0)  number of iterations=16
2025-12-02 19:08:45,448 [I/O dispatcher 3] INFO  marytts.R 8 Next module: Synthesis
2025-12-02 19:08:45,448 [I/O dispatcher 3] INFO  marytts.HMMSynthesizer Synthesizing one sentence.
2025-12-02 19:08:45,449 [I/O dispatcher 3] INFO  marytts.HTSEngine Using prosody from acoustparams.
2025-12-02 19:08:45,449 [I/O dispatcher 3] INFO  marytts.HTSEngine Number of models in sentence numModel=54  Total number of states numState=270
2025-12-02 19:08:45,449 [I/O dispatcher 3] INFO  marytts.HTSEngine Total number of frames=1034  Number of voiced frames=409
2025-12-02 19:08:45,449 [I/O dispatcher 3] INFO  marytts.ParameterGeneration Parameter generation for MGC: 
2025-12-02 19:08:45,449 [I/O dispatcher 3] INFO  marytts.PStream Context-dependent global variance optimization: gvLength = 797
2025-12-02 19:08:45,452 [I/O dispatcher 3] INFO  marytts.PStream Gradient GV optimization for feature: (0)  number of iterations=45
2025-12-02 19:08:45,452 [I/O dispatcher 3] INFO  marytts.PStream Gradient GV optimization for feature: (1)  number of iterations=23
2025-12-02 19:08:45,453 [I/O dispatcher 3] INFO  marytts.PStream Gradient GV optimization for feature: (2)  number of iterations=2
2025-12-02 19:08:45,453 [I/O dispatcher 3] INFO  marytts.PStream Gradient GV optimization for feature: (3)  number of iterations=21
2025-12-02 19:08:45,454 [I/O dispatcher 3] INFO  marytts.PStream Gradient GV optimization for feature: (4)  number of iterations=5
2025-12-02 19:08:45,454 [I/O dispatcher 3] INFO  marytts.PStream Gradient GV optimization for feature: (5)  number of iterations=23
2025-12-02 19:08:45,455 [I/O dispatcher 3] INFO  marytts.PStream Gradient GV optimization for feature: (6)  number of iterations=24
2025-12-02 19:08:45,456 [I/O dispatcher 3] INFO  marytts.PStream Gradient GV optimization for feature: (7)  number of iterations=20
2025-12-02 19:08:45,456 [I/O dispatcher 3] INFO  marytts.PStream Gradient GV optimization for feature: (8)  number of iterations=20
2025-12-02 19:08:45,457 [I/O dispatcher 3] INFO  marytts.PStream Gradient GV optimization for feature: (9)  number of iterations=21
2025-12-02 19:08:45,458 [I/O dispatcher 3] INFO  marytts.PStream Gradient GV optimization for feature: (10)  number of iterations=20
2025-12-02 19:08:45,458 [I/O dispatcher 3] INFO  marytts.PStream Gradient GV optimization for feature: (11)  number of iterations=17
2025-12-02 19:08:45,459 [I/O dispatcher 3] INFO  marytts.PStream Gradient GV optimization for feature: (12)  number of iterations=17
2025-12-02 19:08:45,459 [I/O dispatcher 3] INFO  marytts.PStream Gradient GV optimization for feature: (13)  number of iterations=17
2025-12-02 19:08:45,460 [I/O dispatcher 3] INFO  marytts.PStream Gradient GV optimization for feature: (14)  number of iterations=18
2025-12-02 19:08:45,460 [I/O dispatcher 3] INFO  marytts.PStream Gradient GV optimization for feature: (15)  number of iterations=22
2025-12-02 19:08:45,461 [I/O dispatcher 3] INFO  marytts.PStream Gradient GV optimization for feature: (16)  number of iterations=20
2025-12-02 19:08:45,462 [I/O dispatcher 3] INFO  marytts.PStream Gradient GV optimization for feature: (17)  number of iterations=18
2025-12-02 19:08:45,462 [I/O dispatcher 3] INFO  marytts.PStream Gradient GV optimization for feature: (18)  number of iterations=19
2025-12-02 19:08:45,463 [I/O dispatcher 3] INFO  marytts.PStream Gradient GV optimization for feature: (19)  number of iterations=12
2025-12-02 19:08:45,463 [I/O dispatcher 3] INFO  marytts.PStream Gradient GV optimization for feature: (20)  number of iterations=14
2025-12-02 19:08:45,464 [I/O dispatcher 3] INFO  marytts.PStream Gradient GV optimization for feature: (21)  number of iterations=14
2025-12-02 19:08:45,465 [I/O dispatcher 3] INFO  marytts.PStream Gradient GV optimization for feature: (22)  number of iterations=19
2025-12-02 19:08:45,465 [I/O dispatcher 3] INFO  marytts.PStream Gradient GV optimization for feature: (23)  number of iterations=13
2025-12-02 19:08:45,465 [I/O dispatcher 3] INFO  marytts.PStream Gradient GV optimization for feature: (24)  number of iterations=8
2025-12-02 19:08:45,466 [I/O dispatcher 3] INFO  marytts.PStream Gradient GV optimization for feature: (25)  number of iterations=10
2025-12-02 19:08:45,466 [I/O dispatcher 3] INFO  marytts.PStream Gradient GV optimization for feature: (26)  number of iterations=12
2025-12-02 19:08:45,467 [I/O dispatcher 3] INFO  marytts.PStream Gradient GV optimization for feature: (27)  number of iterations=14
2025-12-02 19:08:45,467 [I/O dispatcher 3] INFO  marytts.PStream Gradient GV optimization for feature: (28)  number of iterations=8
2025-12-02 19:08:45,468 [I/O dispatcher 3] INFO  marytts.PStream Gradient GV optimization for feature: (29)  number of iterations=8
2025-12-02 19:08:45,468 [I/O dispatcher 3] INFO  marytts.PStream Gradient GV optimization for feature: (30)  number of iterations=12
2025-12-02 19:08:45,469 [I/O dispatcher 3] INFO  marytts.PStream Gradient GV optimization for feature: (31)  number of iterations=13
2025-12-02 19:08:45,469 [I/O dispatcher 3] INFO  marytts.PStream Gradient GV optimization for feature: (32)  number of iterations=4
2025-12-02 19:08:45,469 [I/O dispatcher 3] INFO  marytts.PStream Gradient GV optimization for feature: (33)  number of iterations=8
2025-12-02 19:08:45,470 [I/O dispatcher 3] INFO  marytts.PStream Gradient GV optimization for feature: (34)  number of iterations=12
2025-12-02 19:08:45,470 [I/O dispatcher 3] INFO  marytts.ParameterGeneration Using f0 from maryXML acoustparams
2025-12-02 19:08:45,470 [I/O dispatcher 3] INFO  marytts.PStream Context-dependent global variance optimization: gvLength = 797
2025-12-02 19:08:45,471 [I/O dispatcher 3] INFO  marytts.PStream Gradient GV optimization for feature: (0)  number of iterations=18
2025-12-02 19:08:45,471 [I/O dispatcher 3] INFO  marytts.PStream Gradient GV optimization for feature: (1)  number of iterations=16
2025-12-02 19:08:45,472 [I/O dispatcher 3] INFO  marytts.PStream Gradient GV optimization for feature: (2)  number of iterations=3
2025-12-02 19:08:45,472 [I/O dispatcher 3] INFO  marytts.PStream Gradient GV optimization for feature: (3)  number of iterations=4
2025-12-02 19:08:45,472 [I/O dispatcher 3] INFO  marytts.PStream Gradient GV optimization for feature: (4)  number of iterations=6
2025-12-02 19:08:45,472 [I/O dispatcher 3] INFO  marytts.HMMSynthesizer Synthesizing one sentence.
2025-12-02 19:08:45,473 [I/O dispatcher 3] INFO  marytts.HTSEngine Using prosody from acoustparams.
2025-12-02 19:08:45,473 [I/O dispatcher 3] INFO  marytts.HTSEngine Number of models in sentence numModel=52  Total number of states numState=260
2025-12-02 19:08:45,473 [I/O dispatcher 3] INFO  marytts.HTSEngine Total number of frames=960  Number of voiced frames=591
2025-12-02 19:08:45,474 [I/O dispatcher 3] INFO  marytts.ParameterGeneration Parameter generation for MGC: 
2025-12-02 19:08:45,474 [I/O dispatcher 3] INFO  marytts.PStream Context-dependent global variance optimization: gvLength = 800
2025-12-02 19:08:45,476 [I/O dispatcher 3] INFO  marytts.PStream Gradient GV optimization for feature: (0)  number of iterations=61
2025-12-02 19:08:45,476 [I/O dispatcher 3] INFO  marytts.PStream Gradient GV optimization for feature: (1)  number of iterations=2
2025-12-02 19:08:45,476 [I/O dispatcher 3] INFO  marytts.PStream Gradient GV optimization for feature: (2)  number of iterations=1
2025-12-02 19:08:45,477 [I/O dispatcher 3] INFO  marytts.PStream Gradient GV optimization for feature: (3)  number of iterations=21
2025-12-02 19:08:45,478 [I/O dispatcher 3] INFO  marytts.PStream Gradient GV optimization for feature: (4)  number of iterations=23
2025-12-02 19:08:45,478 [I/O dispatcher 3] INFO  marytts.PStream Gradient GV optimization for feature: (5)  number of iterations=22
2025-12-02 19:08:45,479 [I/O dispatcher 3] INFO  marytts.PStream Gradient GV optimization for feature: (6)  number of iterations=21
2025-12-02 19:08:45,480 [I/O dispatcher 3] INFO  marytts.PStream Gradient GV optimization for feature: (7)  number of iterations=21
2025-12-02 19:08:45,480 [I/O dispatcher 3] INFO  marytts.PStream Gradient GV optimization for feature: (8)  number of iterations=21
2025-12-02 19:08:45,481 [I/O dispatcher 3] INFO  marytts.PStream Gradient GV optimization for feature: (9)  number of iterations=20
2025-12-02 19:08:45,481 [I/O dispatcher 3] INFO  marytts.PStream Gradient GV optimization for feature: (10)  number of iterations=17
2025-12-02 19:08:45,481 [I/O dispatcher 3] INFO  marytts.PStream Gradient GV optimization for feature: (11)  number of iterations=17
2025-12-02 19:08:45,482 [I/O dispatcher 3] INFO  marytts.PStream Gradient GV optimization for feature: (12)  number of iterations=18
2025-12-02 19:08:45,483 [I/O dispatcher 3] INFO  marytts.PStream Gradient GV optimization for feature: (13)  number of iterations=25
2025-12-02 19:08:45,484 [I/O dispatcher 3] INFO  marytts.PStream Gradient GV optimization for feature: (14)  number of iterations=19
2025-12-02 19:08:45,484 [I/O dispatcher 3] INFO  marytts.PStream Gradient GV optimization for feature: (15)  number of iterations=18
2025-12-02 19:08:45,485 [I/O dispatcher 3] INFO  marytts.PStream Gradient GV optimization for feature: (16)  number of iterations=18
2025-12-02 19:08:45,485 [I/O dispatcher 3] INFO  marytts.PStream Gradient GV optimization for feature: (17)  number of iterations=18
2025-12-02 19:08:45,486 [I/O dispatcher 3] INFO  marytts.PStream Gradient GV optimization for feature: (18)  number of iterations=23
2025-12-02 19:08:45,487 [I/O dispatcher 3] INFO  marytts.PStream Gradient GV optimization for feature: (19)  number of iterations=24
2025-12-02 19:08:45,487 [I/O dispatcher 3] INFO  marytts.PStream Gradient GV optimization for feature: (20)  number of iterations=17
2025-12-02 19:08:45,488 [I/O dispatcher 3] INFO  marytts.PStream Gradient GV optimization for feature: (21)  number of iterations=16
2025-12-02 19:08:45,488 [I/O dispatcher 3] INFO  marytts.PStream Gradient GV optimization for feature: (22)  number of iterations=20
2025-12-02 19:08:45,489 [I/O dispatcher 3] INFO  marytts.PStream Gradient GV optimization for feature: (23)  number of iterations=13
2025-12-02 19:08:45,489 [I/O dispatcher 3] INFO  marytts.PStream Gradient GV optimization for feature: (24)  number of iterations=10
2025-12-02 19:08:45,490 [I/O dispatcher 3] INFO  marytts.PStream Gradient GV optimization for feature: (25)  number of iterations=10
2025-12-02 19:08:45,490 [I/O dispatcher 3] INFO  marytts.PStream Gradient GV optimization for feature: (26)  number of iterations=12
2025-12-02 19:08:45,491 [I/O dispatcher 3] INFO  marytts.PStream Gradient GV optimization for feature: (27)  number of iterations=14
2025-12-02 19:08:45,491 [I/O dispatcher 3] INFO  marytts.PStream Gradient GV optimization for feature: (28)  number of iterations=17
2025-12-02 19:08:45,492 [I/O dispatcher 3] INFO  marytts.PStream Gradient GV optimization for feature: (29)  number of iterations=16
2025-12-02 19:08:45,492 [I/O dispatcher 3] INFO  marytts.PStream Gradient GV optimization for feature: (30)  number of iterations=13
2025-12-02 19:08:45,493 [I/O dispatcher 3] INFO  marytts.PStream Gradient GV optimization for feature: (31)  number of iterations=13
2025-12-02 19:08:45,493 [I/O dispatcher 3] INFO  marytts.PStream Gradient GV optimization for feature: (32)  number of iterations=10
2025-12-02 19:08:45,493 [I/O dispatcher 3] INFO  marytts.PStream Gradient GV optimization for feature: (33)  number of iterations=10
2025-12-02 19:08:45,494 [I/O dispatcher 3] INFO  marytts.PStream Gradient GV optimization for feature: (34)  number of iterations=13
2025-12-02 19:08:45,494 [I/O dispatcher 3] INFO  marytts.ParameterGeneration Using f0 from maryXML acoustparams
2025-12-02 19:08:45,494 [I/O dispatcher 3] INFO  marytts.PStream Context-dependent global variance optimization: gvLength = 800
2025-12-02 19:08:45,495 [I/O dispatcher 3] INFO  marytts.PStream Gradient GV optimization for feature: (0)  number of iterations=54
2025-12-02 19:08:45,496 [I/O dispatcher 3] INFO  marytts.PStream Gradient GV optimization for feature: (1)  number of iterations=20
2025-12-02 19:08:45,496 [I/O dispatcher 3] INFO  marytts.PStream Gradient GV optimization for feature: (2)  number of iterations=22
2025-12-02 19:08:45,496 [I/O dispatcher 3] INFO  marytts.PStream Gradient GV optimization for feature: (3)  number of iterations=4
2025-12-02 19:08:45,497 [I/O dispatcher 3] INFO  marytts.PStream Gradient GV optimization for feature: (4)  number of iterations=16
2025-12-02 19:08:45,497 [I/O dispatcher 3] INFO  marytts.R 8 Handling request using the following modules:
2025-12-02 19:08:45,497 [I/O dispatcher 3] INFO  marytts.R 8 - JTokeniser (marytts.language.en.JTokeniser)
2025-12-02 19:08:45,497 [I/O dispatcher 3] INFO  marytts.R 8 - Preprocess (marytts.language.en.Preprocess)
2025-12-02 19:08:45,497 [I/O dispatcher 3] INFO  marytts.R 8 - OpenNLPPosTagger (marytts.modules.OpenNLPPosTagger)
2025-12-02 19:08:45,497 [I/O dispatcher 3] INFO  marytts.R 8 - JPhonemiser (marytts.modules.JPhonemiser)
2025-12-02 19:08:45,497 [I/O dispatcher 3] INFO  marytts.R 8 - Prosody (marytts.language.en.Prosody)
2025-12-02 19:08:45,497 [I/O dispatcher 3] INFO  marytts.R 8 - PronunciationModel (marytts.language.en.PronunciationModel)
2025-12-02 19:08:45,497 [I/O dispatcher 3] INFO  marytts.R 8 - AcousticModeller (marytts.modules.AcousticModeller)
2025-12-02 19:08:45,497 [I/O dispatcher 3] INFO  marytts.R 8 - Synthesis (marytts.modules.Synthesis)
2025-12-02 19:08:45,497 [I/O dispatcher 3] INFO  marytts.R 8 Next module: JTokeniser
2025-12-02 19:08:45,498 [I/O dispatcher 3] INFO  marytts.R 8 Next module: Preprocess
2025-12-02 19:08:45,501 [I/O dispatcher 3] INFO  marytts.R 8 Next module: OpenNLPPosTagger
2025-12-02 19:08:45,504 [I/O dispatcher 3] INFO  marytts.R 8 Next module: JPhonemiser
2025-12-02 19:08:45,506 [I/O dispatcher 3] INFO  marytts.R 8 Next module: Prosody
2025-12-02 19:08:45,510 [I/O dispatcher 3] INFO  marytts.R 8 Next module: PronunciationModel
2025-12-02 19:08:45,510 [I/O dispatcher 3] INFO  marytts.R 8 Next module: AcousticModeller
2025-12-02 19:08:45,539 [I/O dispatcher 3] INFO  marytts.ParameterGeneration Parameter generation for LF0: 
2025-12-02 19:08:45,539 [I/O dispatcher 3] INFO  marytts.PStream Context-dependent global variance optimization: gvLength = 3339
2025-12-02 19:08:45,541 [I/O dispatcher 3] INFO  marytts.PStream Gradient GV optimization for feature: (0)  number of iterations=21
2025-12-02 19:08:45,547 [I/O dispatcher 3] INFO  marytts.R 8 Next module: Synthesis
2025-12-02 19:08:45,547 [I/O dispatcher 3] INFO  marytts.HMMSynthesizer Synthesizing one sentence.
2025-12-02 19:08:45,548 [I/O dispatcher 3] INFO  marytts.HTSEngine Using prosody from acoustparams.
2025-12-02 19:08:45,548 [I/O dispatcher 3] INFO  marytts.HTSEngine Number of models in sentence numModel=77  Total number of states numState=385
2025-12-02 19:08:45,548 [I/O dispatcher 3] INFO  marytts.HTSEngine Total number of frames=1386  Number of voiced frames=781
2025-12-02 19:08:45,549 [I/O dispatcher 3] INFO  marytts.ParameterGeneration Parameter generation for MGC: 
2025-12-02 19:08:45,549 [I/O dispatcher 3] INFO  marytts.PStream Context-dependent global variance optimization: gvLength = 1147
2025-12-02 19:08:45,553 [I/O dispatcher 3] INFO  marytts.PStream    optimization stopped by reaching max number of iterations (no global variance applied)
2025-12-02 19:08:45,553 [I/O dispatcher 3] INFO  marytts.PStream Gradient GV optimization for feature: (0)  number of iterations=101
2025-12-02 19:08:45,553 [I/O dispatcher 3] INFO  marytts.PStream Gradient GV optimization for feature: (1)  number of iterations=2
2025-12-02 19:08:45,553 [I/O dispatcher 3] INFO  marytts.PStream Gradient GV optimization for feature: (2)  number of iterations=1
2025-12-02 19:08:45,555 [I/O dispatcher 3] INFO  marytts.PStream Gradient GV optimization for feature: (3)  number of iterations=22
2025-12-02 19:08:45,555 [I/O dispatcher 3] INFO  marytts.PStream Gradient GV optimization for feature: (4)  number of iterations=5
2025-12-02 19:08:45,557 [I/O dispatcher 3] INFO  marytts.PStream Gradient GV optimization for feature: (5)  number of iterations=25
2025-12-02 19:08:45,560 [I/O dispatcher 3] INFO  marytts.PStream Gradient GV optimization for feature: (6)  number of iterations=24
2025-12-02 19:08:45,562 [I/O dispatcher 3] INFO  marytts.PStream Gradient GV optimization for feature: (7)  number of iterations=20
2025-12-02 19:08:45,563 [I/O dispatcher 3] INFO  marytts.PStream Gradient GV optimization for feature: (8)  number of iterations=22
2025-12-02 19:08:45,564 [I/O dispatcher 3] INFO  marytts.PStream Gradient GV optimization for feature: (9)  number of iterations=18
2025-12-02 19:08:45,564 [I/O dispatcher 3] INFO  marytts.PStream Gradient GV optimization for feature: (10)  number of iterations=20
2025-12-02 19:08:45,565 [I/O dispatcher 3] INFO  marytts.PStream Gradient GV optimization for feature: (11)  number of iterations=18
2025-12-02 19:08:45,566 [I/O dispatcher 3] INFO  marytts.PStream Gradient GV optimization for feature: (12)  number of iterations=20
2025-12-02 19:08:45,567 [I/O dispatcher 3] INFO  marytts.PStream Gradient GV optimization for feature: (13)  number of iterations=16
2025-12-02 19:08:45,568 [I/O dispatcher 3] INFO  marytts.PStream Gradient GV optimization for feature: (14)  number of iterations=18
2025-12-02 19:08:45,568 [I/O dispatcher 3] INFO  marytts.PStream Gradient GV optimization for feature: (15)  number of iterations=14
2025-12-02 19:08:45,569 [I/O dispatcher 3] INFO  marytts.PStream Gradient GV optimization for feature: (16)  number of iterations=20
2025-12-02 19:08:45,570 [I/O dispatcher 3] INFO  marytts.PStream Gradient GV optimization for feature: (17)  number of iterations=19
2025-12-02 19:08:45,571 [I/O dispatcher 3] INFO  marytts.PStream Gradient GV optimization for feature: (18)  number of iterations=19
2025-12-02 19:08:45,571 [I/O dispatcher 3] INFO  marytts.PStream Gradient GV optimization for feature: (19)  number of iterations=12
2025-12-02 19:08:45,572 [I/O dispatcher 3] INFO  marytts.PStream Gradient GV optimization for feature: (20)  number of iterations=16
2025-12-02 19:08:45,572 [I/O dispatcher 3] INFO  marytts.PStream Gradient GV optimization for feature: (21)  number of iterations=16
2025-12-02 19:08:45,572 [I/O dispatcher 3] INFO  marytts.PStream Gradient GV optimization for feature: (22)  number of iterations=20
2025-12-02 19:08:45,574 [I/O dispatcher 3] INFO  marytts.PStream Gradient GV optimization for feature: (23)  number of iterations=15
2025-12-02 19:08:45,574 [I/O dispatcher 3] INFO  marytts.PStream Gradient GV optimization for feature: (24)  number of iterations=10
2025-12-02 19:08:45,575 [I/O dispatcher 3] INFO  marytts.PStream Gradient GV optimization for feature: (25)  number of iterations=12
2025-12-02 19:08:45,576 [I/O dispatcher 3] INFO  marytts.PStream Gradient GV optimization for feature: (26)  number of iterations=12
2025-12-02 19:08:45,576 [I/O dispatcher 3] INFO  marytts.PStream Gradient GV optimization for feature: (27)  number of iterations=13
2025-12-02 19:08:45,576 [I/O dispatcher 3] INFO  marytts.PStream Gradient GV optimization for feature: (28)  number of iterations=8
2025-12-02 19:08:45,577 [I/O dispatcher 3] INFO  marytts.PStream Gradient GV optimization for feature: (29)  number of iterations=16
2025-12-02 19:08:45,577 [I/O dispatcher 3] INFO  marytts.PStream Gradient GV optimization for feature: (30)  number of iterations=12
2025-12-02 19:08:45,578 [I/O dispatcher 3] INFO  marytts.PStream Gradient GV optimization for feature: (31)  number of iterations=12
2025-12-02 19:08:45,578 [I/O dispatcher 3] INFO  marytts.PStream Gradient GV optimization for feature: (32)  number of iterations=4
2025-12-02 19:08:45,579 [I/O dispatcher 3] INFO  marytts.PStream Gradient GV optimization for feature: (33)  number of iterations=8
2025-12-02 19:08:45,579 [I/O dispatcher 3] INFO  marytts.PStream Gradient GV optimization for feature: (34)  number of iterations=12
2025-12-02 19:08:45,580 [I/O dispatcher 3] INFO  marytts.ParameterGeneration Using f0 from maryXML acoustparams
2025-12-02 19:08:45,580 [I/O dispatcher 3] INFO  marytts.PStream Context-dependent global variance optimization: gvLength = 1147
2025-12-02 19:08:45,584 [I/O dispatcher 3] INFO  marytts.PStream Gradient GV optimization for feature: (0)  number of iterations=94
2025-12-02 19:08:45,584 [I/O dispatcher 3] INFO  marytts.PStream Gradient GV optimization for feature: (1)  number of iterations=16
2025-12-02 19:08:45,585 [I/O dispatcher 3] INFO  marytts.PStream Gradient GV optimization for feature: (2)  number of iterations=14
2025-12-02 19:08:45,586 [I/O dispatcher 3] INFO  marytts.PStream Gradient GV optimization for feature: (3)  number of iterations=18
2025-12-02 19:08:45,586 [I/O dispatcher 3] INFO  marytts.PStream Gradient GV optimization for feature: (4)  number of iterations=12
2025-12-02 19:08:45,587 [I/O dispatcher 3] INFO  marytts.HMMSynthesizer Synthesizing one sentence.
2025-12-02 19:08:45,588 [I/O dispatcher 3] INFO  marytts.HTSEngine Using prosody from acoustparams.
2025-12-02 19:08:45,588 [I/O dispatcher 3] INFO  marytts.HTSEngine Number of models in sentence numModel=124  Total number of states numState=620
2025-12-02 19:08:45,588 [I/O dispatcher 3] INFO  marytts.HTSEngine Total number of frames=2621  Number of voiced frames=1472
2025-12-02 19:08:45,593 [I/O dispatcher 3] INFO  marytts.ParameterGeneration Parameter generation for MGC: 
2025-12-02 19:08:45,593 [I/O dispatcher 3] INFO  marytts.PStream Context-dependent global variance optimization: gvLength = 2061
2025-12-02 19:08:45,597 [I/O dispatcher 3] INFO  marytts.PStream Gradient GV optimization for feature: (0)  number of iterations=45
2025-12-02 19:08:45,597 [I/O dispatcher 3] INFO  marytts.PStream Gradient GV optimization for feature: (1)  number of iterations=2
2025-12-02 19:08:45,598 [I/O dispatcher 3] INFO  marytts.PStream Gradient GV optimization for feature: (2)  number of iterations=2
2025-12-02 19:08:45,598 [I/O dispatcher 3] INFO  marytts.PStream Gradient GV optimization for feature: (3)  number of iterations=5
2025-12-02 19:08:45,599 [I/O dispatcher 3] INFO  marytts.PStream Gradient GV optimization for feature: (4)  number of iterations=23
2025-12-02 19:08:45,600 [I/O dispatcher 3] INFO  marytts.PStream Gradient GV optimization for feature: (5)  number of iterations=5
2025-12-02 19:08:45,600 [I/O dispatcher 3] INFO  marytts.PStream Gradient GV optimization for feature: (6)  number of iterations=3
2025-12-02 19:08:45,602 [I/O dispatcher 3] INFO  marytts.PStream Gradient GV optimization for feature: (7)  number of iterations=22
2025-12-02 19:08:45,603 [I/O dispatcher 3] INFO  marytts.PStream Gradient GV optimization for feature: (8)  number of iterations=20
2025-12-02 19:08:45,606 [I/O dispatcher 3] INFO  marytts.PStream Gradient GV optimization for feature: (9)  number of iterations=18
2025-12-02 19:08:45,607 [I/O dispatcher 3] INFO  marytts.PStream Gradient GV optimization for feature: (10)  number of iterations=18
2025-12-02 19:08:45,608 [I/O dispatcher 3] INFO  marytts.PStream Gradient GV optimization for feature: (11)  number of iterations=18
2025-12-02 19:08:45,609 [I/O dispatcher 3] INFO  marytts.PStream Gradient GV optimization for feature: (12)  number of iterations=18
2025-12-02 19:08:45,610 [I/O dispatcher 3] INFO  marytts.PStream Gradient GV optimization for feature: (13)  number of iterations=17
2025-12-02 19:08:45,613 [I/O dispatcher 3] INFO  marytts.PStream Gradient GV optimization for feature: (14)  number of iterations=19
2025-12-02 19:08:45,615 [I/O dispatcher 3] INFO  marytts.PStream Gradient GV optimization for feature: (15)  number of iterations=16
2025-12-02 19:08:45,616 [I/O dispatcher 3] INFO  marytts.PStream Gradient GV optimization for feature: (16)  number of iterations=18
2025-12-02 19:08:45,618 [I/O dispatcher 3] INFO  marytts.PStream Gradient GV optimization for feature: (17)  number of iterations=18
2025-12-02 19:08:45,620 [I/O dispatcher 3] INFO  marytts.PStream Gradient GV optimization for feature: (18)  number of iterations=19
2025-12-02 19:08:45,621 [I/O dispatcher 3] INFO  marytts.PStream Gradient GV optimization for feature: (19)  number of iterations=10
2025-12-02 19:08:45,623 [I/O dispatcher 3] INFO  marytts.PStream Gradient GV optimization for feature: (20)  number of iterations=15
2025-12-02 19:08:45,624 [I/O dispatcher 3] INFO  marytts.PStream Gradient GV optimization for feature: (21)  number of iterations=14
2025-12-02 19:08:45,626 [I/O dispatcher 3] INFO  marytts.PStream Gradient GV optimization for feature: (22)  number of iterations=20
2025-12-02 19:08:45,628 [I/O dispatcher 3] INFO  marytts.PStream Gradient GV optimization for feature: (23)  number of iterations=14
2025-12-02 19:08:45,629 [I/O dispatcher 3] INFO  marytts.PStream Gradient GV optimization for feature: (24)  number of iterations=10
2025-12-02 19:08:45,630 [I/O dispatcher 3] INFO  marytts.PStream Gradient GV optimization for feature: (25)  number of iterations=10
2025-12-02 19:08:45,631 [I/O dispatcher 3] INFO  marytts.PStream Gradient GV optimization for feature: (26)  number of iterations=10
2025-12-02 19:08:45,632 [I/O dispatcher 3] INFO  marytts.PStream Gradient GV optimization for feature: (27)  number of iterations=13
2025-12-02 19:08:45,634 [I/O dispatcher 3] INFO  marytts.PStream Gradient GV optimization for feature: (28)  number of iterations=19
2025-12-02 19:08:45,636 [I/O dispatcher 3] INFO  marytts.PStream Gradient GV optimization for feature: (29)  number of iterations=14
2025-12-02 19:08:45,636 [I/O dispatcher 3] INFO  marytts.PStream Gradient GV optimization for feature: (30)  number of iterations=14
2025-12-02 19:08:45,637 [I/O dispatcher 3] INFO  marytts.PStream Gradient GV optimization for feature: (31)  number of iterations=12
2025-12-02 19:08:45,638 [I/O dispatcher 3] INFO  marytts.PStream Gradient GV optimization for feature: (32)  number of iterations=8
2025-12-02 19:08:45,639 [I/O dispatcher 3] INFO  marytts.PStream Gradient GV optimization for feature: (33)  number of iterations=9
2025-12-02 19:08:45,640 [I/O dispatcher 3] INFO  marytts.PStream Gradient GV optimization for feature: (34)  number of iterations=12
2025-12-02 19:08:45,640 [I/O dispatcher 3] INFO  marytts.ParameterGeneration Using f0 from maryXML acoustparams
2025-12-02 19:08:45,640 [I/O dispatcher 3] INFO  marytts.PStream Context-dependent global variance optimization: gvLength = 2061
2025-12-02 19:08:45,641 [I/O dispatcher 3] INFO  marytts.PStream Gradient GV optimization for feature: (0)  number of iterations=4
2025-12-02 19:08:45,642 [I/O dispatcher 3] INFO  marytts.PStream Gradient GV optimization for feature: (1)  number of iterations=8
2025-12-02 19:08:45,643 [I/O dispatcher 3] INFO  marytts.PStream Gradient GV optimization for feature: (2)  number of iterations=5
2025-12-02 19:08:45,644 [I/O dispatcher 3] INFO  marytts.PStream Gradient GV optimization for feature: (3)  number of iterations=10
2025-12-02 19:08:45,645 [I/O dispatcher 3] INFO  marytts.PStream Gradient GV optimization for feature: (4)  number of iterations=8
2025-12-02 19:08:45,646 [I/O dispatcher 3] INFO  marytts.HMMSynthesizer Synthesizing one sentence.
2025-12-02 19:08:45,646 [I/O dispatcher 3] INFO  marytts.HTSEngine Using prosody from acoustparams.
2025-12-02 19:08:45,648 [I/O dispatcher 3] INFO  marytts.HTSEngine Number of models in sentence numModel=91  Total number of states numState=455
2025-12-02 19:08:45,648 [I/O dispatcher 3] INFO  marytts.HTSEngine Total number of frames=1683  Number of voiced frames=837
2025-12-02 19:08:45,649 [I/O dispatcher 3] INFO  marytts.ParameterGeneration Parameter generation for MGC: 
2025-12-02 19:08:45,649 [I/O dispatcher 3] INFO  marytts.PStream Context-dependent global variance optimization: gvLength = 1362
2025-12-02 19:08:45,652 [I/O dispatcher 3] INFO  marytts.PStream Gradient GV optimization for feature: (0)  number of iterations=57
2025-12-02 19:08:45,653 [I/O dispatcher 3] INFO  marytts.PStream Gradient GV optimization for feature: (1)  number of iterations=5
2025-12-02 19:08:45,653 [I/O dispatcher 3] INFO  marytts.PStream Gradient GV optimization for feature: (2)  number of iterations=2
2025-12-02 19:08:45,654 [I/O dispatcher 3] INFO  marytts.PStream Gradient GV optimization for feature: (3)  number of iterations=21
2025-12-02 19:08:45,655 [I/O dispatcher 3] INFO  marytts.PStream Gradient GV optimization for feature: (4)  number of iterations=3
2025-12-02 19:08:45,656 [I/O dispatcher 3] INFO  marytts.PStream Gradient GV optimization for feature: (5)  number of iterations=23
2025-12-02 19:08:45,656 [I/O dispatcher 3] INFO  marytts.PStream Gradient GV optimization for feature: (6)  number of iterations=4
2025-12-02 19:08:45,657 [I/O dispatcher 3] INFO  marytts.PStream Gradient GV optimization for feature: (7)  number of iterations=20
2025-12-02 19:08:45,658 [I/O dispatcher 3] INFO  marytts.PStream Gradient GV optimization for feature: (8)  number of iterations=20
2025-12-02 19:08:45,658 [I/O dispatcher 3] INFO  marytts.PStream Gradient GV optimization for feature: (9)  number of iterations=18
2025-12-02 19:08:45,659 [I/O dispatcher 3] INFO  marytts.PStream Gradient GV optimization for feature: (10)  number of iterations=17
2025-12-02 19:08:45,660 [I/O dispatcher 3] INFO  marytts.PStream Gradient GV optimization for feature: (11)  number of iterations=17
2025-12-02 19:08:45,661 [I/O dispatcher 3] INFO  marytts.PStream Gradient GV optimization for feature: (12)  number of iterations=17
2025-12-02 19:08:45,662 [I/O dispatcher 3] INFO  marytts.PStream Gradient GV optimization for feature: (13)  number of iterations=23
2025-12-02 19:08:45,663 [I/O dispatcher 3] INFO  marytts.PStream Gradient GV optimization for feature: (14)  number of iterations=18
2025-12-02 19:08:45,663 [I/O dispatcher 3] INFO  marytts.PStream Gradient GV optimization for feature: (15)  number of iterations=18
2025-12-02 19:08:45,664 [I/O dispatcher 3] INFO  marytts.PStream Gradient GV optimization for feature: (16)  number of iterations=20
2025-12-02 19:08:45,665 [I/O dispatcher 3] INFO  marytts.PStream Gradient GV optimization for feature: (17)  number of iterations=19
2025-12-02 19:08:45,666 [I/O dispatcher 3] INFO  marytts.PStream Gradient GV optimization for feature: (18)  number of iterations=18
2025-12-02 19:08:45,666 [I/O dispatcher 3] INFO  marytts.PStream Gradient GV optimization for feature: (19)  number of iterations=12
2025-12-02 19:08:45,667 [I/O dispatcher 3] INFO  marytts.PStream Gradient GV optimization for feature: (20)  number of iterations=16
2025-12-02 19:08:45,667 [I/O dispatcher 3] INFO  marytts.PStream Gradient GV optimization for feature: (21)  number of iterations=16
2025-12-02 19:08:45,667 [I/O dispatcher 3] INFO  marytts.PStream Gradient GV optimization for feature: (22)  number of iterations=19
2025-12-02 19:08:45,668 [I/O dispatcher 3] INFO  marytts.PStream Gradient GV optimization for feature: (23)  number of iterations=14
2025-12-02 19:08:45,668 [I/O dispatcher 3] INFO  marytts.PStream Gradient GV optimization for feature: (24)  number of iterations=10
2025-12-02 19:08:45,669 [I/O dispatcher 3] INFO  marytts.PStream Gradient GV optimization for feature: (25)  number of iterations=10
2025-12-02 19:08:45,669 [I/O dispatcher 3] INFO  marytts.PStream Gradient GV optimization for feature: (26)  number of iterations=12
2025-12-02 19:08:45,670 [I/O dispatcher 3] INFO  marytts.PStream Gradient GV optimization for feature: (27)  number of iterations=13
2025-12-02 19:08:45,670 [I/O dispatcher 3] INFO  marytts.PStream Gradient GV optimization for feature: (28)  number of iterations=8
2025-12-02 19:08:45,671 [I/O dispatcher 3] INFO  marytts.PStream Gradient GV optimization for feature: (29)  number of iterations=14
2025-12-02 19:08:45,671 [I/O dispatcher 3] INFO  marytts.PStream Gradient GV optimization for feature: (30)  number of iterations=12
2025-12-02 19:08:45,672 [I/O dispatcher 3] INFO  marytts.PStream Gradient GV optimization for feature: (31)  number of iterations=13
2025-12-02 19:08:45,672 [I/O dispatcher 3] INFO  marytts.PStream Gradient GV optimization for feature: (32)  number of iterations=8
2025-12-02 19:08:45,672 [I/O dispatcher 3] INFO  marytts.PStream Gradient GV optimization for feature: (33)  number of iterations=8
2025-12-02 19:08:45,673 [I/O dispatcher 3] INFO  marytts.PStream Gradient GV optimization for feature: (34)  number of iterations=16
2025-12-02 19:08:45,673 [I/O dispatcher 3] INFO  marytts.ParameterGeneration Using f0 from maryXML acoustparams
2025-12-02 19:08:45,673 [I/O dispatcher 3] INFO  marytts.PStream Context-dependent global variance optimization: gvLength = 1362
2025-12-02 19:08:45,674 [I/O dispatcher 3] INFO  marytts.PStream Gradient GV optimization for feature: (0)  number of iterations=20
2025-12-02 19:08:45,674 [I/O dispatcher 3] INFO  marytts.PStream Gradient GV optimization for feature: (1)  number of iterations=12
2025-12-02 19:08:45,675 [I/O dispatcher 3] INFO  marytts.PStream Gradient GV optimization for feature: (2)  number of iterations=14
2025-12-02 19:08:45,675 [I/O dispatcher 3] INFO  marytts.PStream Gradient GV optimization for feature: (3)  number of iterations=10
2025-12-02 19:08:45,676 [I/O dispatcher 3] INFO  marytts.PStream Gradient GV optimization for feature: (4)  number of iterations=8
2025-12-02 19:08:45,676 [I/O dispatcher 3] INFO  marytts.HMMSynthesizer Synthesizing one sentence.
2025-12-02 19:08:45,677 [I/O dispatcher 3] INFO  marytts.HTSEngine Using prosody from acoustparams.
2025-12-02 19:08:45,677 [I/O dispatcher 3] INFO  marytts.HTSEngine Number of models in sentence numModel=29  Total number of states numState=145
2025-12-02 19:08:45,677 [I/O dispatcher 3] INFO  marytts.HTSEngine Total number of frames=785  Number of voiced frames=284
2025-12-02 19:08:45,678 [I/O dispatcher 3] INFO  marytts.ParameterGeneration Parameter generation for MGC: 
2025-12-02 19:08:45,678 [I/O dispatcher 3] INFO  marytts.PStream Context-dependent global variance optimization: gvLength = 463
2025-12-02 19:08:45,678 [I/O dispatcher 3] INFO  marytts.PStream Gradient GV optimization for feature: (0)  number of iterations=22
2025-12-02 19:08:45,679 [I/O dispatcher 3] INFO  marytts.PStream Gradient GV optimization for feature: (1)  number of iterations=8
2025-12-02 19:08:45,679 [I/O dispatcher 3] INFO  marytts.PStream Gradient GV optimization for feature: (2)  number of iterations=23
2025-12-02 19:08:45,679 [I/O dispatcher 3] INFO  marytts.PStream Gradient GV optimization for feature: (3)  number of iterations=2
2025-12-02 19:08:45,680 [I/O dispatcher 3] INFO  marytts.PStream Gradient GV optimization for feature: (4)  number of iterations=22
2025-12-02 19:08:45,680 [I/O dispatcher 3] INFO  marytts.PStream Gradient GV optimization for feature: (5)  number of iterations=5
2025-12-02 19:08:45,680 [I/O dispatcher 3] INFO  marytts.PStream Gradient GV optimization for feature: (6)  number of iterations=3
2025-12-02 19:08:45,681 [I/O dispatcher 3] INFO  marytts.PStream Gradient GV optimization for feature: (7)  number of iterations=21
2025-12-02 19:08:45,681 [I/O dispatcher 3] INFO  marytts.PStream Gradient GV optimization for feature: (8)  number of iterations=19
2025-12-02 19:08:45,681 [I/O dispatcher 3] INFO  marytts.PStream Gradient GV optimization for feature: (9)  number of iterations=18
2025-12-02 19:08:45,681 [I/O dispatcher 3] INFO  marytts.PStream Gradient GV optimization for feature: (10)  number of iterations=18
2025-12-02 19:08:45,681 [I/O dispatcher 3] INFO  marytts.PStream Gradient GV optimization for feature: (11)  number of iterations=5
2025-12-02 19:08:45,681 [I/O dispatcher 3] INFO  marytts.PStream Gradient GV optimization for feature: (12)  number of iterations=13
2025-12-02 19:08:45,681 [I/O dispatcher 3] INFO  marytts.PStream Gradient GV optimization for feature: (13)  number of iterations=19
2025-12-02 19:08:45,683 [I/O dispatcher 3] INFO  marytts.PStream Gradient GV optimization for feature: (14)  number of iterations=18
2025-12-02 19:08:45,683 [I/O dispatcher 3] INFO  marytts.PStream Gradient GV optimization for feature: (15)  number of iterations=14
2025-12-02 19:08:45,683 [I/O dispatcher 3] INFO  marytts.PStream Gradient GV optimization for feature: (16)  number of iterations=17
2025-12-02 19:08:45,684 [I/O dispatcher 3] INFO  marytts.PStream Gradient GV optimization for feature: (17)  number of iterations=18
2025-12-02 19:08:45,684 [I/O dispatcher 3] INFO  marytts.PStream Gradient GV optimization for feature: (18)  number of iterations=17
2025-12-02 19:08:45,684 [I/O dispatcher 3] INFO  marytts.PStream Gradient GV optimization for feature: (19)  number of iterations=10
2025-12-02 19:08:45,684 [I/O dispatcher 3] INFO  marytts.PStream Gradient GV optimization for feature: (20)  number of iterations=14
2025-12-02 19:08:45,684 [I/O dispatcher 3] INFO  marytts.PStream Gradient GV optimization for feature: (21)  number of iterations=3
2025-12-02 19:08:45,685 [I/O dispatcher 3] INFO  marytts.PStream Gradient GV optimization for feature: (22)  number of iterations=19
2025-12-02 19:08:45,685 [I/O dispatcher 3] INFO  marytts.PStream Gradient GV optimization for feature: (23)  number of iterations=14
2025-12-02 19:08:45,685 [I/O dispatcher 3] INFO  marytts.PStream Gradient GV optimization for feature: (24)  number of iterations=10
2025-12-02 19:08:45,685 [I/O dispatcher 3] INFO  marytts.PStream Gradient GV optimization for feature: (25)  number of iterations=8
2025-12-02 19:08:45,686 [I/O dispatcher 3] INFO  marytts.PStream Gradient GV optimization for feature: (26)  number of iterations=12
2025-12-02 19:08:45,686 [I/O dispatcher 3] INFO  marytts.PStream Gradient GV optimization for feature: (27)  number of iterations=11
2025-12-02 19:08:45,686 [I/O dispatcher 3] INFO  marytts.PStream Gradient GV optimization for feature: (28)  number of iterations=8
2025-12-02 19:08:45,686 [I/O dispatcher 3] INFO  marytts.PStream Gradient GV optimization for feature: (29)  number of iterations=7
2025-12-02 19:08:45,686 [I/O dispatcher 3] INFO  marytts.PStream Gradient GV optimization for feature: (30)  number of iterations=12
2025-12-02 19:08:45,686 [I/O dispatcher 3] INFO  marytts.PStream Gradient GV optimization for feature: (31)  number of iterations=11
2025-12-02 19:08:45,687 [I/O dispatcher 3] INFO  marytts.PStream Gradient GV optimization for feature: (32)  number of iterations=6
2025-12-02 19:08:45,687 [I/O dispatcher 3] INFO  marytts.PStream Gradient GV optimization for feature: (33)  number of iterations=6
2025-12-02 19:08:45,687 [I/O dispatcher 3] INFO  marytts.PStream Gradient GV optimization for feature: (34)  number of iterations=12
2025-12-02 19:08:45,687 [I/O dispatcher 3] INFO  marytts.ParameterGeneration Using f0 from maryXML acoustparams
2025-12-02 19:08:45,687 [I/O dispatcher 3] INFO  marytts.PStream Context-dependent global variance optimization: gvLength = 463
2025-12-02 19:08:45,687 [I/O dispatcher 3] INFO  marytts.PStream Gradient GV optimization for feature: (0)  number of iterations=5
2025-12-02 19:08:45,687 [I/O dispatcher 3] INFO  marytts.PStream Gradient GV optimization for feature: (1)  number of iterations=4
2025-12-02 19:08:45,687 [I/O dispatcher 3] INFO  marytts.PStream Gradient GV optimization for feature: (2)  number of iterations=11
2025-12-02 19:08:45,687 [I/O dispatcher 3] INFO  marytts.PStream Gradient GV optimization for feature: (3)  number of iterations=2
2025-12-02 19:08:45,687 [I/O dispatcher 3] INFO  marytts.PStream Gradient GV optimization for feature: (4)  number of iterations=6
2025-12-02 19:08:45,689 [I/O dispatcher 3] INFO  marytts.R 8 Handling request using the following modules:
2025-12-02 19:08:45,689 [I/O dispatcher 3] INFO  marytts.R 8 - JTokeniser (marytts.language.en.JTokeniser)
2025-12-02 19:08:45,689 [I/O dispatcher 3] INFO  marytts.R 8 - Preprocess (marytts.language.en.Preprocess)
2025-12-02 19:08:45,689 [I/O dispatcher 3] INFO  marytts.R 8 - OpenNLPPosTagger (marytts.modules.OpenNLPPosTagger)
2025-12-02 19:08:45,689 [I/O dispatcher 3] INFO  marytts.R 8 - JPhonemiser (marytts.modules.JPhonemiser)
2025-12-02 19:08:45,689 [I/O dispatcher 3] INFO  marytts.R 8 - Prosody (marytts.language.en.Prosody)
2025-12-02 19:08:45,689 [I/O dispatcher 3] INFO  marytts.R 8 - PronunciationModel (marytts.language.en.PronunciationModel)
2025-12-02 19:08:45,689 [I/O dispatcher 3] INFO  marytts.R 8 - AcousticModeller (marytts.modules.AcousticModeller)
2025-12-02 19:08:45,689 [I/O dispatcher 3] INFO  marytts.R 8 - Synthesis (marytts.modules.Synthesis)
2025-12-02 19:08:45,689 [I/O dispatcher 3] INFO  marytts.R 8 Next module: JTokeniser
2025-12-02 19:08:45,689 [I/O dispatcher 3] INFO  marytts.R 8 Next module: Preprocess
2025-12-02 19:08:45,691 [I/O dispatcher 3] INFO  marytts.R 8 Next module: OpenNLPPosTagger
2025-12-02 19:08:45,692 [I/O dispatcher 3] INFO  marytts.R 8 Next module: JPhonemiser
2025-12-02 19:08:45,694 [I/O dispatcher 3] INFO  marytts.R 8 Next module: Prosody
2025-12-02 19:08:45,695 [I/O dispatcher 3] INFO  marytts.R 8 Next module: PronunciationModel
2025-12-02 19:08:45,695 [I/O dispatcher 3] INFO  marytts.R 8 Next module: AcousticModeller
2025-12-02 19:08:45,708 [I/O dispatcher 3] INFO  marytts.ParameterGeneration Parameter generation for LF0: 
2025-12-02 19:08:45,708 [I/O dispatcher 3] INFO  marytts.PStream Context-dependent global variance optimization: gvLength = 2384
2025-12-02 19:08:45,710 [I/O dispatcher 3] INFO  marytts.PStream Gradient GV optimization for feature: (0)  number of iterations=21
2025-12-02 19:08:45,714 [I/O dispatcher 3] INFO  marytts.R 8 Next module: Synthesis
2025-12-02 19:08:45,714 [I/O dispatcher 3] INFO  marytts.HMMSynthesizer Synthesizing one sentence.
2025-12-02 19:08:45,715 [I/O dispatcher 3] INFO  marytts.HTSEngine Using prosody from acoustparams.
2025-12-02 19:08:45,715 [I/O dispatcher 3] INFO  marytts.HTSEngine Number of models in sentence numModel=61  Total number of states numState=305
2025-12-02 19:08:45,715 [I/O dispatcher 3] INFO  marytts.HTSEngine Total number of frames=1221  Number of voiced frames=692
2025-12-02 19:08:45,717 [I/O dispatcher 3] INFO  marytts.ParameterGeneration Parameter generation for MGC: 
2025-12-02 19:08:45,717 [I/O dispatcher 3] INFO  marytts.PStream Context-dependent global variance optimization: gvLength = 979
2025-12-02 19:08:45,720 [I/O dispatcher 3] INFO  marytts.PStream Gradient GV optimization for feature: (0)  number of iterations=42
2025-12-02 19:08:45,720 [I/O dispatcher 3] INFO  marytts.PStream Gradient GV optimization for feature: (1)  number of iterations=3
2025-12-02 19:08:45,720 [I/O dispatcher 3] INFO  marytts.PStream Gradient GV optimization for feature: (2)  number of iterations=2
2025-12-02 19:08:45,722 [I/O dispatcher 3] INFO  marytts.PStream Gradient GV optimization for feature: (3)  number of iterations=5
2025-12-02 19:08:45,722 [I/O dispatcher 3] INFO  marytts.PStream Gradient GV optimization for feature: (4)  number of iterations=4
2025-12-02 19:08:45,723 [I/O dispatcher 3] INFO  marytts.PStream Gradient GV optimization for feature: (5)  number of iterations=6
2025-12-02 19:08:45,723 [I/O dispatcher 3] INFO  marytts.PStream Gradient GV optimization for feature: (6)  number of iterations=5
2025-12-02 19:08:45,724 [I/O dispatcher 3] INFO  marytts.PStream Gradient GV optimization for feature: (7)  number of iterations=21
2025-12-02 19:08:45,725 [I/O dispatcher 3] INFO  marytts.PStream Gradient GV optimization for feature: (8)  number of iterations=19
2025-12-02 19:08:45,725 [I/O dispatcher 3] INFO  marytts.PStream Gradient GV optimization for feature: (9)  number of iterations=18
2025-12-02 19:08:45,726 [I/O dispatcher 3] INFO  marytts.PStream Gradient GV optimization for feature: (10)  number of iterations=20
2025-12-02 19:08:45,727 [I/O dispatcher 3] INFO  marytts.PStream Gradient GV optimization for feature: (11)  number of iterations=17
2025-12-02 19:08:45,728 [I/O dispatcher 3] INFO  marytts.PStream Gradient GV optimization for feature: (12)  number of iterations=18
2025-12-02 19:08:45,729 [I/O dispatcher 3] INFO  marytts.PStream Gradient GV optimization for feature: (13)  number of iterations=20
2025-12-02 19:08:45,729 [I/O dispatcher 3] INFO  marytts.PStream Gradient GV optimization for feature: (14)  number of iterations=19
2025-12-02 19:08:45,730 [I/O dispatcher 3] INFO  marytts.PStream Gradient GV optimization for feature: (15)  number of iterations=16
2025-12-02 19:08:45,731 [I/O dispatcher 3] INFO  marytts.PStream Gradient GV optimization for feature: (16)  number of iterations=18
2025-12-02 19:08:45,731 [I/O dispatcher 3] INFO  marytts.PStream Gradient GV optimization for feature: (17)  number of iterations=20
2025-12-02 19:08:45,733 [I/O dispatcher 3] INFO  marytts.PStream Gradient GV optimization for feature: (18)  number of iterations=17
2025-12-02 19:08:45,733 [I/O dispatcher 3] INFO  marytts.PStream Gradient GV optimization for feature: (19)  number of iterations=10
2025-12-02 19:08:45,733 [I/O dispatcher 3] INFO  marytts.PStream Gradient GV optimization for feature: (20)  number of iterations=16
2025-12-02 19:08:45,734 [I/O dispatcher 3] INFO  marytts.PStream Gradient GV optimization for feature: (21)  number of iterations=17
2025-12-02 19:08:45,734 [I/O dispatcher 3] INFO  marytts.PStream Gradient GV optimization for feature: (22)  number of iterations=20
2025-12-02 19:08:45,735 [I/O dispatcher 3] INFO  marytts.PStream Gradient GV optimization for feature: (23)  number of iterations=16
2025-12-02 19:08:45,735 [I/O dispatcher 3] INFO  marytts.PStream Gradient GV optimization for feature: (24)  number of iterations=10
2025-12-02 19:08:45,735 [I/O dispatcher 3] INFO  marytts.PStream Gradient GV optimization for feature: (25)  number of iterations=12
2025-12-02 19:08:45,736 [I/O dispatcher 3] INFO  marytts.PStream Gradient GV optimization for feature: (26)  number of iterations=12
2025-12-02 19:08:45,736 [I/O dispatcher 3] INFO  marytts.PStream Gradient GV optimization for feature: (27)  number of iterations=13
2025-12-02 19:08:45,737 [I/O dispatcher 3] INFO  marytts.PStream Gradient GV optimization for feature: (28)  number of iterations=17
2025-12-02 19:08:45,737 [I/O dispatcher 3] INFO  marytts.PStream Gradient GV optimization for feature: (29)  number of iterations=16
2025-12-02 19:08:45,738 [I/O dispatcher 3] INFO  marytts.PStream Gradient GV optimization for feature: (30)  number of iterations=12
2025-12-02 19:08:45,738 [I/O dispatcher 3] INFO  marytts.PStream Gradient GV optimization for feature: (31)  number of iterations=14
2025-12-02 19:08:45,739 [I/O dispatcher 3] INFO  marytts.PStream Gradient GV optimization for feature: (32)  number of iterations=8
2025-12-02 19:08:45,739 [I/O dispatcher 3] INFO  marytts.PStream Gradient GV optimization for feature: (33)  number of iterations=8
2025-12-02 19:08:45,739 [I/O dispatcher 3] INFO  marytts.PStream Gradient GV optimization for feature: (34)  number of iterations=13
2025-12-02 19:08:45,739 [I/O dispatcher 3] INFO  marytts.ParameterGeneration Using f0 from maryXML acoustparams
2025-12-02 19:08:45,741 [I/O dispatcher 3] INFO  marytts.PStream Context-dependent global variance optimization: gvLength = 979
2025-12-02 19:08:45,741 [I/O dispatcher 3] INFO  marytts.PStream Gradient GV optimization for feature: (0)  number of iterations=13
2025-12-02 19:08:45,741 [I/O dispatcher 3] INFO  marytts.PStream Gradient GV optimization for feature: (1)  number of iterations=6
2025-12-02 19:08:45,742 [I/O dispatcher 3] INFO  marytts.PStream Gradient GV optimization for feature: (2)  number of iterations=3
2025-12-02 19:08:45,742 [I/O dispatcher 3] INFO  marytts.PStream Gradient GV optimization for feature: (3)  number of iterations=4
2025-12-02 19:08:45,742 [I/O dispatcher 3] INFO  marytts.PStream Gradient GV optimization for feature: (4)  number of iterations=12
2025-12-02 19:08:45,743 [I/O dispatcher 3] INFO  marytts.HMMSynthesizer Synthesizing one sentence.
2025-12-02 19:08:45,743 [I/O dispatcher 3] INFO  marytts.HTSEngine Using prosody from acoustparams.
2025-12-02 19:08:45,743 [I/O dispatcher 3] INFO  marytts.HTSEngine Number of models in sentence numModel=79  Total number of states numState=395
2025-12-02 19:08:45,743 [I/O dispatcher 3] INFO  marytts.HTSEngine Total number of frames=1650  Number of voiced frames=776
2025-12-02 19:08:45,745 [I/O dispatcher 3] INFO  marytts.ParameterGeneration Parameter generation for MGC: 
2025-12-02 19:08:45,745 [I/O dispatcher 3] INFO  marytts.PStream Context-dependent global variance optimization: gvLength = 1246
2025-12-02 19:08:45,747 [I/O dispatcher 3] INFO  marytts.PStream Gradient GV optimization for feature: (0)  number of iterations=95
2025-12-02 19:08:45,748 [I/O dispatcher 3] INFO  marytts.PStream Gradient GV optimization for feature: (1)  number of iterations=2
2025-12-02 19:08:45,748 [I/O dispatcher 3] INFO  marytts.PStream Gradient GV optimization for feature: (2)  number of iterations=7
2025-12-02 19:08:45,748 [I/O dispatcher 3] INFO  marytts.PStream Gradient GV optimization for feature: (3)  number of iterations=6
2025-12-02 19:08:45,749 [I/O dispatcher 3] INFO  marytts.PStream Gradient GV optimization for feature: (4)  number of iterations=23
2025-12-02 19:08:45,749 [I/O dispatcher 3] INFO  marytts.PStream Gradient GV optimization for feature: (5)  number of iterations=6
2025-12-02 19:08:45,751 [I/O dispatcher 3] INFO  marytts.PStream Gradient GV optimization for feature: (6)  number of iterations=23
2025-12-02 19:08:45,751 [I/O dispatcher 3] INFO  marytts.PStream Gradient GV optimization for feature: (7)  number of iterations=21
2025-12-02 19:08:45,752 [I/O dispatcher 3] INFO  marytts.PStream Gradient GV optimization for feature: (8)  number of iterations=19
2025-12-02 19:08:45,753 [I/O dispatcher 3] INFO  marytts.PStream Gradient GV optimization for feature: (9)  number of iterations=18
2025-12-02 19:08:45,753 [I/O dispatcher 3] INFO  marytts.PStream Gradient GV optimization for feature: (10)  number of iterations=18
2025-12-02 19:08:45,754 [I/O dispatcher 3] INFO  marytts.PStream Gradient GV optimization for feature: (11)  number of iterations=17
2025-12-02 19:08:45,755 [I/O dispatcher 3] INFO  marytts.PStream Gradient GV optimization for feature: (12)  number of iterations=18
2025-12-02 19:08:45,755 [I/O dispatcher 3] INFO  marytts.PStream Gradient GV optimization for feature: (13)  number of iterations=23
2025-12-02 19:08:45,756 [I/O dispatcher 3] INFO  marytts.PStream Gradient GV optimization for feature: (14)  number of iterations=19
2025-12-02 19:08:45,757 [I/O dispatcher 3] INFO  marytts.PStream Gradient GV optimization for feature: (15)  number of iterations=18
2025-12-02 19:08:45,757 [I/O dispatcher 3] INFO  marytts.PStream Gradient GV optimization for feature: (16)  number of iterations=18
2025-12-02 19:08:45,758 [I/O dispatcher 3] INFO  marytts.PStream Gradient GV optimization for feature: (17)  number of iterations=17
2025-12-02 19:08:45,758 [I/O dispatcher 3] INFO  marytts.PStream Gradient GV optimization for feature: (18)  number of iterations=19
2025-12-02 19:08:45,759 [I/O dispatcher 3] INFO  marytts.PStream Gradient GV optimization for feature: (19)  number of iterations=20
2025-12-02 19:08:45,759 [I/O dispatcher 3] INFO  marytts.PStream Gradient GV optimization for feature: (20)  number of iterations=14
2025-12-02 19:08:45,759 [I/O dispatcher 3] INFO  marytts.PStream Gradient GV optimization for feature: (21)  number of iterations=17
2025-12-02 19:08:45,761 [I/O dispatcher 3] INFO  marytts.PStream Gradient GV optimization for feature: (22)  number of iterations=21
2025-12-02 19:08:45,761 [I/O dispatcher 3] INFO  marytts.PStream Gradient GV optimization for feature: (23)  number of iterations=14
2025-12-02 19:08:45,762 [I/O dispatcher 3] INFO  marytts.PStream Gradient GV optimization for feature: (24)  number of iterations=12
2025-12-02 19:08:45,762 [I/O dispatcher 3] INFO  marytts.PStream Gradient GV optimization for feature: (25)  number of iterations=10
2025-12-02 19:08:45,763 [I/O dispatcher 3] INFO  marytts.PStream Gradient GV optimization for feature: (26)  number of iterations=12
2025-12-02 19:08:45,763 [I/O dispatcher 3] INFO  marytts.PStream Gradient GV optimization for feature: (27)  number of iterations=15
2025-12-02 19:08:45,764 [I/O dispatcher 3] INFO  marytts.PStream Gradient GV optimization for feature: (28)  number of iterations=20
2025-12-02 19:08:45,765 [I/O dispatcher 3] INFO  marytts.PStream Gradient GV optimization for feature: (29)  number of iterations=14
2025-12-02 19:08:45,765 [I/O dispatcher 3] INFO  marytts.PStream Gradient GV optimization for feature: (30)  number of iterations=12
2025-12-02 19:08:45,765 [I/O dispatcher 3] INFO  marytts.PStream Gradient GV optimization for feature: (31)  number of iterations=13
2025-12-02 19:08:45,766 [I/O dispatcher 3] INFO  marytts.PStream Gradient GV optimization for feature: (32)  number of iterations=6
2025-12-02 19:08:45,766 [I/O dispatcher 3] INFO  marytts.PStream Gradient GV optimization for feature: (33)  number of iterations=8
2025-12-02 19:08:45,766 [I/O dispatcher 3] INFO  marytts.PStream Gradient GV optimization for feature: (34)  number of iterations=12
2025-12-02 19:08:45,766 [I/O dispatcher 3] INFO  marytts.ParameterGeneration Using f0 from maryXML acoustparams
2025-12-02 19:08:45,767 [I/O dispatcher 3] INFO  marytts.PStream Context-dependent global variance optimization: gvLength = 1246
2025-12-02 19:08:45,769 [I/O dispatcher 3] INFO  marytts.PStream Gradient GV optimization for feature: (0)  number of iterations=80
2025-12-02 19:08:45,769 [I/O dispatcher 3] INFO  marytts.PStream Gradient GV optimization for feature: (1)  number of iterations=12
2025-12-02 19:08:45,769 [I/O dispatcher 3] INFO  marytts.PStream Gradient GV optimization for feature: (2)  number of iterations=2
2025-12-02 19:08:45,770 [I/O dispatcher 3] INFO  marytts.PStream Gradient GV optimization for feature: (3)  number of iterations=10
2025-12-02 19:08:45,770 [I/O dispatcher 3] INFO  marytts.PStream Gradient GV optimization for feature: (4)  number of iterations=8
2025-12-02 19:08:45,771 [I/O dispatcher 3] INFO  marytts.HMMSynthesizer Synthesizing one sentence.
2025-12-02 19:08:45,772 [I/O dispatcher 3] INFO  marytts.HTSEngine Using prosody from acoustparams.
2025-12-02 19:08:45,772 [I/O dispatcher 3] INFO  marytts.HTSEngine Number of models in sentence numModel=94  Total number of states numState=470
2025-12-02 19:08:45,772 [I/O dispatcher 3] INFO  marytts.HTSEngine Total number of frames=1653  Number of voiced frames=919
2025-12-02 19:08:45,783 [I/O dispatcher 3] INFO  marytts.ParameterGeneration Parameter generation for MGC: 
2025-12-02 19:08:45,783 [I/O dispatcher 3] INFO  marytts.PStream Context-dependent global variance optimization: gvLength = 1492
2025-12-02 19:08:45,785 [I/O dispatcher 3] INFO  marytts.PStream Gradient GV optimization for feature: (0)  number of iterations=45
2025-12-02 19:08:45,786 [I/O dispatcher 3] INFO  marytts.PStream Gradient GV optimization for feature: (1)  number of iterations=25
2025-12-02 19:08:45,788 [I/O dispatcher 3] INFO  marytts.PStream Gradient GV optimization for feature: (2)  number of iterations=23
2025-12-02 19:08:45,788 [I/O dispatcher 3] INFO  marytts.PStream Gradient GV optimization for feature: (3)  number of iterations=3
2025-12-02 19:08:45,788 [I/O dispatcher 3] INFO  marytts.PStream Gradient GV optimization for feature: (4)  number of iterations=2
2025-12-02 19:08:45,789 [I/O dispatcher 3] INFO  marytts.PStream Gradient GV optimization for feature: (5)  number of iterations=2
2025-12-02 19:08:45,789 [I/O dispatcher 3] INFO  marytts.PStream Gradient GV optimization for feature: (6)  number of iterations=5
2025-12-02 19:08:45,791 [I/O dispatcher 3] INFO  marytts.PStream Gradient GV optimization for feature: (7)  number of iterations=21
2025-12-02 19:08:45,791 [I/O dispatcher 3] INFO  marytts.PStream Gradient GV optimization for feature: (8)  number of iterations=20
2025-12-02 19:08:45,792 [I/O dispatcher 3] INFO  marytts.PStream Gradient GV optimization for feature: (9)  number of iterations=20
2025-12-02 19:08:45,793 [I/O dispatcher 3] INFO  marytts.PStream Gradient GV optimization for feature: (10)  number of iterations=20
2025-12-02 19:08:45,793 [I/O dispatcher 3] INFO  marytts.PStream Gradient GV optimization for feature: (11)  number of iterations=18
2025-12-02 19:08:45,794 [I/O dispatcher 3] INFO  marytts.PStream Gradient GV optimization for feature: (12)  number of iterations=17
2025-12-02 19:08:45,795 [I/O dispatcher 3] INFO  marytts.PStream Gradient GV optimization for feature: (13)  number of iterations=34
2025-12-02 19:08:45,795 [I/O dispatcher 3] INFO  marytts.PStream Gradient GV optimization for feature: (14)  number of iterations=21
2025-12-02 19:08:45,796 [I/O dispatcher 3] INFO  marytts.PStream Gradient GV optimization for feature: (15)  number of iterations=24
2025-12-02 19:08:45,797 [I/O dispatcher 3] INFO  marytts.PStream Gradient GV optimization for feature: (16)  number of iterations=19
2025-12-02 19:08:45,797 [I/O dispatcher 3] INFO  marytts.PStream Gradient GV optimization for feature: (17)  number of iterations=20
2025-12-02 19:08:45,798 [I/O dispatcher 3] INFO  marytts.PStream Gradient GV optimization for feature: (18)  number of iterations=23
2025-12-02 19:08:45,799 [I/O dispatcher 3] INFO  marytts.PStream Gradient GV optimization for feature: (19)  number of iterations=23
2025-12-02 19:08:45,799 [I/O dispatcher 3] INFO  marytts.PStream Gradient GV optimization for feature: (20)  number of iterations=16
2025-12-02 19:08:45,800 [I/O dispatcher 3] INFO  marytts.PStream Gradient GV optimization for feature: (21)  number of iterations=24
2025-12-02 19:08:45,801 [I/O dispatcher 3] INFO  marytts.PStream Gradient GV optimization for feature: (22)  number of iterations=19
2025-12-02 19:08:45,801 [I/O dispatcher 3] INFO  marytts.PStream Gradient GV optimization for feature: (23)  number of iterations=18
2025-12-02 19:08:45,801 [I/O dispatcher 3] INFO  marytts.PStream Gradient GV optimization for feature: (24)  number of iterations=9
2025-12-02 19:08:45,803 [I/O dispatcher 3] INFO  marytts.PStream Gradient GV optimization for feature: (25)  number of iterations=10
2025-12-02 19:08:45,804 [I/O dispatcher 3] INFO  marytts.PStream Gradient GV optimization for feature: (26)  number of iterations=12
2025-12-02 19:08:45,804 [I/O dispatcher 3] INFO  marytts.PStream Gradient GV optimization for feature: (27)  number of iterations=13
2025-12-02 19:08:45,806 [I/O dispatcher 3] INFO  marytts.PStream Gradient GV optimization for feature: (28)  number of iterations=26
2025-12-02 19:08:45,806 [I/O dispatcher 3] INFO  marytts.PStream Gradient GV optimization for feature: (29)  number of iterations=14
2025-12-02 19:08:45,806 [I/O dispatcher 3] INFO  marytts.PStream Gradient GV optimization for feature: (30)  number of iterations=12
2025-12-02 19:08:45,808 [I/O dispatcher 3] INFO  marytts.PStream Gradient GV optimization for feature: (31)  number of iterations=13
2025-12-02 19:08:45,809 [I/O dispatcher 3] INFO  marytts.PStream Gradient GV optimization for feature: (32)  number of iterations=8
2025-12-02 19:08:45,809 [I/O dispatcher 3] INFO  marytts.PStream Gradient GV optimization for feature: (33)  number of iterations=14
2025-12-02 19:08:45,810 [I/O dispatcher 3] INFO  marytts.PStream Gradient GV optimization for feature: (34)  number of iterations=14
2025-12-02 19:08:45,810 [I/O dispatcher 3] INFO  marytts.ParameterGeneration Using f0 from maryXML acoustparams
2025-12-02 19:08:45,811 [I/O dispatcher 3] INFO  marytts.PStream Context-dependent global variance optimization: gvLength = 1492
2025-12-02 19:08:45,812 [I/O dispatcher 3] INFO  marytts.PStream Gradient GV optimization for feature: (0)  number of iterations=58
2025-12-02 19:08:45,813 [I/O dispatcher 3] INFO  marytts.PStream Gradient GV optimization for feature: (1)  number of iterations=24
2025-12-02 19:08:45,814 [I/O dispatcher 3] INFO  marytts.PStream Gradient GV optimization for feature: (2)  number of iterations=29
2025-12-02 19:08:45,815 [I/O dispatcher 3] INFO  marytts.PStream Gradient GV optimization for feature: (3)  number of iterations=4
2025-12-02 19:08:45,815 [I/O dispatcher 3] INFO  marytts.PStream Gradient GV optimization for feature: (4)  number of iterations=20
2025-12-02 19:08:45,816 [I/O dispatcher 3] INFO  marytts.R 8 Request processed in 417 ms.
2025-12-02 19:08:45,816 [I/O dispatcher 3] INFO  marytts.R 8    TextToMaryXML took 0 ms
2025-12-02 19:08:45,816 [I/O dispatcher 3] INFO  marytts.R 8    JTokeniser took 1 ms
2025-12-02 19:08:45,816 [I/O dispatcher 3] INFO  marytts.R 8    Preprocess took 8 ms
2025-12-02 19:08:45,816 [I/O dispatcher 3] INFO  marytts.R 8    OpenNLPPosTagger took 7 ms
2025-12-02 19:08:45,816 [I/O dispatcher 3] INFO  marytts.R 8    JPhonemiser took 5 ms
2025-12-02 19:08:45,816 [I/O dispatcher 3] INFO  marytts.R 8    Prosody took 6 ms
2025-12-02 19:08:45,816 [I/O dispatcher 3] INFO  marytts.R 8    PronunciationModel took 0 ms
2025-12-02 19:08:45,816 [I/O dispatcher 3] INFO  marytts.R 8    AcousticModeller took 74 ms
2025-12-02 19:08:45,816 [I/O dispatcher 3] INFO  marytts.R 8    Synthesis took 314 ms
2025-12-02 19:08:51,132 [I/O dispatcher 3] INFO  marytts.server Request handled successfully.
2025-12-02 19:08:56,209 [I/O dispatcher 3] INFO  marytts.server Connection closed: [closed]
